state,district,city,property_type,beds,baths,size_sqft,furnishing,facing,age_years,price_inr,locality_key
Telangana,Jangaon,Jangaon,Independent House,5,4,2590,Unfurnished,North,1,10125000,Jangaon | Jangaon Town
Telangana,Siddipet,Siddipet,Apartment,2,2,988,Unfurnished,East,0,2350000,Siddipet | Doultabad
Telangana,Sangareddy,Hyderabad,Apartment,2,2,1012,Unfurnished,North,0,7075000,Sangareddy | Ameenpur
Telangana,Kumuram Bheem Asifabad,Asifabad,Residential Plot,0,0,2403,Not Applicable,East,0,1075000,Kumuram Bheem Asifabad | Rebbena
Telangana,Rangareddy,Hyderabad,Residential Plot,0,0,3600,Not Applicable,South,0,16825000,Rangareddy | Nadargul
Telangana,Hyderabad,Hyderabad,Apartment,3,2,1276,Unfurnished,South-East,0,9450000,Hyderabad | Tolichowki
Telangana,Vikarabad,Vikarabad,Residential Plot,0,0,1350,Not Applicable,West,0,2450000,Vikarabad | Vikarabad Town
Telangana,Bhadradri Kothagudem,Kothagudem,Independent House,4,4,1936,Unfurnished,North,7,5400000,Bhadradri Kothagudem | Bhadrachalam
Telangana,Wanaparthy,Wanaparthy,Independent House,3,3,1848,Unfurnished,East,11,3150000,Wanaparthy | Kothakota
Telangana,Jangaon,Jangaon,Independent Builder Floor,2,3,915,Unfurnished,East,0,2675000,Jangaon | Jangaon Town
Telangana,Sangareddy,Sangareddy,Apartment,3,4,1441,Unfurnished,North,5,6550000,Sangareddy | Jinnaram
Andhra Pradesh,Parvathipuram Manyam,Parvathipuram,Independent House,3,3,1659,Furnished,East,30,4425000,Parvathipuram Manyam | Parvathipuram Town
Andhra Pradesh,Parvathipuram Manyam,Parvathipuram,Independent House,4,4,1697,Semi-Furnished,North,0,6300000,Parvathipuram Manyam | Parvathipuram Town
Andhra Pradesh,Anakapalli,Anakapalle,Villa,5,5,3269,Furnished,East,3,20900000,Anakapalli | Sabbavaram
Andhra Pradesh,Kurnool,Kurnool,Apartment,3,3,1477,Unfurnished,North-East,5,4350000,Kurnool | Nandyal Road
Andhra Pradesh,Eluru,Eluru,Independent House,2,1,1090,Unfurnished,North-East,2,3200000,Eluru | Jangareddygudem
Telangana,Sangareddy,Hyderabad,Residential Plot,0,0,1620,Not Applicable,South,0,7825000,Sangareddy | Ameenpur
Telangana,Yadadri Bhuvanagiri,Bhongir,Residential Plot,0,0,1350,Not Applicable,North-East,0,2550000,Yadadri Bhuvanagiri | Bhongir Town
Telangana,Medchal Malkajgiri,Hyderabad,Apartment,3,3,1872,Unfurnished,South-East,0,13175000,Medchal Malkajgiri | AS Rao Nagar
Telangana,Karimnagar,Karimnagar,Apartment,2,2,923,Semi-Furnished,North,24,3900000,Karimnagar | Kashmirgadda
Telangana,Karimnagar,Karimnagar,Independent House,5,5,2059,Furnished,West,1,11725000,Karimnagar | Jyothinagar
Andhra Pradesh,East Godavari,Rajahmundry,Independent House,5,5,2589,Unfurnished,North-East,30,5500000,East Godavari | Seethanagaram
Andhra Pradesh,Visakhapatnam,Visakhapatnam,Independent House,2,2,802,Semi-Furnished,West,0,3500000,Visakhapatnam | Gopalapatnam
Andhra Pradesh,Kurnool,Kurnool,Residential Plot,0,0,2403,Not Applicable,North-East,0,2025000,Kurnool | Alur
Andhra Pradesh,Dr. B.R. Ambedkar Konaseema,Amalapuram,Independent House,6,5,2641,Furnished,North,11,6575000,Dr. B.R. Ambedkar Konaseema | Ramachandrapuram
Telangana,Hyderabad,Hyderabad,Apartment,2,2,1022,Unfurnished,North-East,0,10950000,Hyderabad | Himayatnagar
Andhra Pradesh,Visakhapatnam,Visakhapatnam,Apartment,3,3,1148,Unfurnished,North-East,0,10475000,Visakhapatnam | Maddilapalem
Andhra Pradesh,Kurnool,Kurnool,Apartment,3,4,1613,Unfurnished,North-East,7,5575000,Kurnool | Adoni
Telangana,Hyderabad,Hyderabad,Apartment,3,2,1668,Unfurnished,East,14,15850000,Hyderabad | Yousufguda
Andhra Pradesh,Bapatla,Bapatla,Residential Plot,0,0,2700,Not Applicable,South-East,0,2650000,Bapatla | Martur
Andhra Pradesh,Markapuram,Markapuram,Independent House,2,2,1182,Semi-Furnished,North-East,0,1775000,Markapuram | Tarlupadu
Telangana,Peddapalli,Peddapalli,Independent House,5,4,2319,Semi-Furnished,East,2,10450000,Peddapalli | Peddapalli Town
Telangana,Peddapalli,Peddapalli,Apartment,3,2,1573,Unfurnished,West,0,2825000,Peddapalli | Dharmaram
Telangana,Nizamabad,Nizamabad,Independent House,3,3,1702,Unfurnished,South,8,5150000,Nizamabad | Dichpally
Telangana,Medak,Medak,Residential Plot,0,0,1503,Not Applicable,North,0,3100000,Medak | Medak Town
Telangana,Adilabad,Adilabad,Apartment,2,1,1400,Unfurnished,East,0,2900000,Adilabad | Jainad
Telangana,Jayashankar Bhupalpally,Bhupalpally,Residential Plot,0,0,2700,Not Applicable,South,0,4050000,Jayashankar Bhupalpally | Bhupalpally Town
Andhra Pradesh,Sri Potti Sriramulu Nellore,Nellore,Residential Plot,0,0,1620,Not Applicable,South,0,3200000,Sri Potti Sriramulu Nellore | Pogathota
Andhra Pradesh,Annamayya,Madanapalle,Apartment,2,3,895,Unfurnished,North,0,2900000,Annamayya | Rayachoty
Andhra Pradesh,Kakinada,Kakinada,Independent House,5,6,2537,Semi-Furnished,South,17,11375000,Kakinada | Vidyut Nagar
Andhra Pradesh,NTR,Vijayawada,Independent Builder Floor,2,2,958,Unfurnished,East,0,10425000,NTR | Benz Circle
Andhra Pradesh,Sri Sathya Sai,Puttaparthi,Independent House,3,3,1513,Semi-Furnished,East,0,5775000,Sri Sathya Sai | Dharmavaram
Andhra Pradesh,Visakhapatnam,Visakhapatnam,Residential Plot,0,0,1800,Not Applicable,East,0,10250000,Visakhapatnam | MVP Colony
Telangana,Nalgonda,Nalgonda,Independent Builder Floor,2,2,1008,Semi-Furnished,North-East,1,4125000,Nalgonda | Nalgonda Town
Andhra Pradesh,Tirupati,Tirupati,Independent House,3,3,1514,Semi-Furnished,South-East,4,4425000,Tirupati | Venkatagiri
Andhra Pradesh,Anantapur,Anantapur,Apartment,3,2,1286,Semi-Furnished,North-East,10,2850000,Anantapur | Kalyandurg
Telangana,Vikarabad,Vikarabad,Independent House,2,2,1386,Semi-Furnished,North-East,27,5025000,Vikarabad | Vikarabad Town
Telangana,Kamareddy,Kamareddy,Residential Plot,0,0,1998,Not Applicable,East,0,2275000,Kamareddy | Banswada
Telangana,Narayanpet,Narayanpet,Independent Builder Floor,3,3,1401,Semi-Furnished,North,3,4000000,Narayanpet | Narayanpet Town
Andhra Pradesh,Chittoor,Chittoor,Apartment,1,2,441,Unfurnished,East,1,950000,Chittoor | Puthalapattu
Telangana,Mulugu,Mulugu,Independent House,2,2,1072,Furnished,South,6,1375000,Mulugu | Venkatapur
Andhra Pradesh,Nandyal,Nandyal,Residential Plot,0,0,1350,Not Applicable,North,0,1150000,Nandyal | Panyam
Andhra Pradesh,Markapuram,Markapuram,Apartment,2,2,840,Semi-Furnished,North-East,8,1900000,Markapuram | Kanigiri
Telangana,Medchal Malkajgiri,Hyderabad,Independent Builder Floor,2,3,961,Semi-Furnished,North,4,7025000,Medchal Malkajgiri | Bachupally
Telangana,Mahabubnagar,Mahabubnagar,Independent House,3,3,1523,Semi-Furnished,North,8,3275000,Mahabubnagar | Koilkonda
Telangana,Narayanpet,Narayanpet,Villa,3,4,2143,Furnished,East,2,9075000,Narayanpet | Narayanpet Town
Andhra Pradesh,West Godavari,Bhimavaram,Independent House,3,2,1720,Furnished,North,10,6325000,West Godavari | Tanuku
Andhra Pradesh,Dr. B.R. Ambedkar Konaseema,Amalapuram,Independent House,3,3,1529,Furnished,West,0,4275000,Dr. B.R. Ambedkar Konaseema | Kothapeta
Telangana,Hanumakonda,Hanamkonda,Villa,4,4,2324,Unfurnished,North-East,0,17875000,Hanumakonda | Naimnagar
Andhra Pradesh,Annamayya,Madanapalle,Independent House,4,4,1802,Unfurnished,South,10,3700000,Annamayya | Kodur
Andhra Pradesh,Krishna,Vijayawada,Residential Plot,0,0,1197,Not Applicable,East,0,2575000,Krishna | Poranki
Andhra Pradesh,Visakhapatnam,Visakhapatnam,Apartment,3,3,1835,Unfurnished,South,0,6550000,Visakhapatnam | Thagarapuvalasa
Telangana,Khammam,Khammam,Residential Plot,0,0,1350,Not Applicable,East,0,3300000,Khammam | Mamillagudem
Telangana,Warangal,Warangal,Villa,3,2,2080,Unfurnished,North,19,6400000,Warangal | Narsampet
Telangana,Medak,Medak,Independent House,2,1,1494,Semi-Furnished,South-East,3,2400000,Medak | Papannapet
Andhra Pradesh,Anantapur,Anantapur,Independent Builder Floor,3,2,1253,Unfurnished,North-East,1,2925000,Anantapur | Gooty
Telangana,Hyderabad,Hyderabad,Villa,3,3,2118,Unfurnished,East,23,18050000,Hyderabad | Tarnaka
Andhra Pradesh,Palnadu,Narasaraopet,Residential Plot,0,0,900,Not Applicable,North,0,1025000,Palnadu | Sattenapalle
Andhra Pradesh,Visakhapatnam,Visakhapatnam,Independent House,2,1,1132,Semi-Furnished,East,2,7400000,Visakhapatnam | Gajuwaka
Telangana,Siddipet,Siddipet,Apartment,3,2,1556,Unfurnished,East,1,3225000,Siddipet | Cherial
Telangana,Medchal Malkajgiri,Hyderabad,Apartment,2,1,949,Unfurnished,North-East,0,8475000,Medchal Malkajgiri | KPHB
Telangana,Hyderabad,Hyderabad,Apartment,2,3,970,Unfurnished,East,0,9025000,Hyderabad | Mehdipatnam
Telangana,Jagtial,Jagtial,Residential Plot,0,0,1998,Not Applicable,West,0,3575000,Jagtial | Jagtial Town
Telangana,Medchal Malkajgiri,Hyderabad,Apartment,2,2,889,Unfurnished,North-East,17,6675000,Medchal Malkajgiri | Kukatpally
Andhra Pradesh,Visakhapatnam,Visakhapatnam,Villa,4,3,3051,Unfurnished,North-East,1,45275000,Visakhapatnam | MVP Colony
Andhra Pradesh,Tirupati,Tirupati,Residential Plot,0,0,1197,Not Applicable,West,0,2025000,Tirupati | Srikalahasti
Andhra Pradesh,Anantapur,Anantapur,Villa,4,4,2836,Semi-Furnished,East,7,11850000,Anantapur | Tapovanam
Andhra Pradesh,Anakapalli,Anakapalle,Independent House,4,4,1767,Furnished,East,0,7950000,Anakapalli | Anakapalle Town
Andhra Pradesh,Anakapalli,Anakapalle,Residential Plot,0,0,1503,Not Applicable,South,0,1900000,Anakapalli | Atchutapuram
Andhra Pradesh,Vizianagaram,Vizianagaram,Independent House,4,4,2035,Unfurnished,South-East,3,5875000,Vizianagaram | Pusapatirega
Andhra Pradesh,Kakinada,Kakinada,Apartment,4,3,2422,Semi-Furnished,East,9,8900000,Kakinada | Kovvada
Andhra Pradesh,Annamayya,Madanapalle,Residential Plot,0,0,1620,Not Applicable,North,0,1500000,Annamayya | Pileru
Telangana,Mahabubnagar,Mahabubnagar,Residential Plot,0,0,2403,Not Applicable,North,0,3575000,Mahabubnagar | Jadcherla
Telangana,Wanaparthy,Wanaparthy,Independent House,5,5,2655,Unfurnished,South,0,4225000,Wanaparthy | Peddamandadi
Andhra Pradesh,Krishna,Vijayawada,Residential Plot,0,0,2700,Not Applicable,East,0,5900000,Krishna | Penamaluru
Andhra Pradesh,Markapuram,Markapuram,Independent Builder Floor,3,3,1430,Semi-Furnished,North-East,9,4300000,Markapuram | Markapuram Town
Andhra Pradesh,Anantapur,Anantapur,Independent Builder Floor,3,3,1526,Unfurnished,North,0,5475000,Anantapur | Subhash Road
Andhra Pradesh,Tirupati,Tirupati,Villa,3,4,1562,Unfurnished,North,8,13025000,Tirupati | K.T. Road
Andhra Pradesh,Kakinada,Kakinada,Independent House,4,4,2503,Furnished,North,1,14525000,Kakinada | Sarpavaram
Andhra Pradesh,Annamayya,Madanapalle,Apartment,1,1,538,Furnished,East,8,2100000,Annamayya | Madanapalle Town
Andhra Pradesh,Vizianagaram,Vizianagaram,Apartment,3,3,1699,Unfurnished,South,5,4350000,Vizianagaram | Pusapatirega
Andhra Pradesh,Prakasam,Ongole,Apartment,1,1,568,Semi-Furnished,North,3,1575000,Prakasam | Maddipadu
Andhra Pradesh,Sri Potti Sriramulu Nellore,Nellore,Villa,4,5,3144,Unfurnished,South,2,17650000,Sri Potti Sriramulu Nellore | Dargamitta
Telangana,Hanumakonda,Hanamkonda,Residential Plot,0,0,2700,Not Applicable,East,0,6450000,Hanumakonda | Balasamudram
Andhra Pradesh,Sri Potti Sriramulu Nellore,Nellore,Independent House,3,4,1751,Unfurnished,South-East,19,6825000,Sri Potti Sriramulu Nellore | Dargamitta
Andhra Pradesh,Sri Potti Sriramulu Nellore,Nellore,Apartment,2,2,1016,Semi-Furnished,North-East,4,6550000,Sri Potti Sriramulu Nellore | Dargamitta
Andhra Pradesh,Nandyal,Nandyal,Independent House,3,4,1932,Unfurnished,West,12,2800000,Nandyal | Atmakur
Andhra Pradesh,Guntur,Guntur,Villa,4,3,2512,Unfurnished,North-East,1,11875000,Guntur | Pedakakani
Andhra Pradesh,Guntur,Amaravati,Apartment,3,3,1266,Semi-Furnished,West,5,5725000,Guntur | Vaddeswaram
Andhra Pradesh,Guntur,Amaravati,Apartment,2,3,976,Semi-Furnished,West,1,6750000,Guntur | Mangalagiri
Andhra Pradesh,East Godavari,Rajahmundry,Apartment,3,3,1829,Furnished,South-East,0,10050000,East Godavari | Danavaipeta
Andhra Pradesh,Visakhapatnam,Visakhapatnam,Independent House,2,2,984,Unfurnished,North,5,8450000,Visakhapatnam | Dwaraka Nagar
Andhra Pradesh,West Godavari,Bhimavaram,Apartment,1,1,506,Semi-Furnished,South,9,2450000,West Godavari | Bhimavaram Town
Telangana,Hyderabad,Hyderabad,Apartment,3,2,1451,Semi-Furnished,West,3,12600000,Hyderabad | Secunderabad
Telangana,Medchal Malkajgiri,Hyderabad,Independent House,4,4,2237,Semi-Furnished,South-East,25,10550000,Medchal Malkajgiri | Nagaram
Andhra Pradesh,Krishna,Machilipatnam,Villa,3,4,1860,Unfurnished,South,1,7950000,Krishna | Vuyyuru
Andhra Pradesh,Anantapur,Anantapur,Villa,3,3,2025,Unfurnished,North-East,11,6500000,Anantapur | Tadipatri
Telangana,Hyderabad,Hyderabad,Independent House,5,6,2161,Unfurnished,North,0,15625000,Hyderabad | Mehdipatnam
Telangana,Bhadradri Kothagudem,Kothagudem,Apartment,3,3,1779,Semi-Furnished,North-East,1,4575000,Bhadradri Kothagudem | Sujathanagar
Telangana,Wanaparthy,Wanaparthy,Residential Plot,0,0,900,Not Applicable,West,0,1275000,Wanaparthy | Wanaparthy Town
Andhra Pradesh,Vizianagaram,Vizianagaram,Villa,4,4,2682,Unfurnished,North-East,6,7625000,Vizianagaram | Pusapatirega
Andhra Pradesh,Anantapur,Anantapur,Independent House,4,5,2185,Semi-Furnished,South,11,3525000,Anantapur | Singanamala
Andhra Pradesh,West Godavari,Bhimavaram,Independent House,5,5,2550,Furnished,South,7,6075000,West Godavari | Achanta
Telangana,Hyderabad,Hyderabad,Apartment,1,1,516,Unfurnished,South-East,0,4000000,Hyderabad | Musheerabad
Telangana,Nalgonda,Nalgonda,Independent House,4,4,2204,Unfurnished,North-East,8,6000000,Nalgonda | Miryalaguda
Andhra Pradesh,Sri Potti Sriramulu Nellore,Nellore,Villa,5,4,3343,Semi-Furnished,South,2,17100000,Sri Potti Sriramulu Nellore | Vedayapalem
Telangana,Mahabubnagar,Mahabubnagar,Residential Plot,0,0,900,Not Applicable,North,0,625000,Mahabubnagar | Koilkonda
Telangana,Bhadradri Kothagudem,Kothagudem,Independent House,2,2,897,Unfurnished,East,1,3100000,Bhadradri Kothagudem | Kothagudem Town
Telangana,Nalgonda,Nalgonda,Villa,3,3,1652,Unfurnished,East,9,3475000,Nalgonda | Haliya
Andhra Pradesh,Anantapur,Anantapur,Apartment,2,2,1004,Unfurnished,South-East,0,3375000,Anantapur | Tapovanam
Andhra Pradesh,Palnadu,Narasaraopet,Apartment,2,1,1042,Unfurnished,South,8,1875000,Palnadu | Macherla
Andhra Pradesh,Sri Potti Sriramulu Nellore,Nellore,Residential Plot,0,0,2997,Not Applicable,South,0,5650000,Sri Potti Sriramulu Nellore | Mini Bypass Road
Andhra Pradesh,Visakhapatnam,Visakhapatnam,Residential Plot,0,0,3600,Not Applicable,East,0,19075000,Visakhapatnam | MVP Colony
Andhra Pradesh,Tirupati,Tirupati,Apartment,3,3,1776,Unfurnished,North-East,21,8000000,Tirupati | K.T. Road
Telangana,Warangal,Warangal,Apartment,4,3,1892,Unfurnished,East,0,7625000,Warangal | Khila Warangal
Telangana,Sangareddy,Hyderabad,Apartment,1,2,562,Unfurnished,North-East,0,5750000,Sangareddy | Tellapur
Telangana,Yadadri Bhuvanagiri,Bhongir,Independent Builder Floor,3,3,1431,Unfurnished,East,0,4875000,Yadadri Bhuvanagiri | Bibinagar
Telangana,Nagarkurnool,Nagarkurnool,Independent House,3,4,1728,Semi-Furnished,East,5,6075000,Nagarkurnool | Nagarkurnool Town
Telangana,Nagarkurnool,Nagarkurnool,Apartment,3,4,1333,Unfurnished,West,0,4750000,Nagarkurnool | Nagarkurnool Town
Andhra Pradesh,NTR,Vijayawada,Apartment,1,1,616,Unfurnished,North-East,7,3475000,NTR | Gunadala
Andhra Pradesh,Anantapur,Anantapur,Independent House,4,4,1994,Furnished,West,4,9875000,Anantapur | Rudrampeta
Andhra Pradesh,Sri Potti Sriramulu Nellore,Nellore,Apartment,2,2,882,Unfurnished,South-East,1,3450000,Sri Potti Sriramulu Nellore | Kavali
Andhra Pradesh,Chittoor,Chittoor,Apartment,1,1,619,Semi-Furnished,North,22,2275000,Chittoor | Gandhi Road
Telangana,Mulugu,Mulugu,Independent House,4,5,2384,Furnished,North,7,6600000,Mulugu | Mulugu Town
Andhra Pradesh,NTR,Vijayawada,Apartment,2,2,1087,Unfurnished,North-East,0,5500000,NTR | Ambapuram
Telangana,Hyderabad,Hyderabad,Residential Plot,0,0,1350,Not Applicable,West,0,10850000,Hyderabad | Secunderabad
Telangana,Rangareddy,Hyderabad,Apartment,2,3,1005,Unfurnished,South-East,2,4550000,Rangareddy | Kothur
Andhra Pradesh,Palnadu,Narasaraopet,Apartment,2,2,879,Semi-Furnished,North-East,4,2800000,Palnadu | Sattenapalle
Andhra Pradesh,YSR Kadapa,Kadapa,Villa,4,3,2191,Unfurnished,South,5,5375000,YSR Kadapa | Kamalapuram
Andhra Pradesh,Markapuram,Markapuram,Apartment,2,2,1005,Semi-Furnished,West,0,2200000,Markapuram | Kanigiri
Andhra Pradesh,NTR,Vijayawada,Residential Plot,0,0,1800,Not Applicable,North,0,6475000,NTR | Labbipet
Andhra Pradesh,Visakhapatnam,Visakhapatnam,Apartment,3,4,1604,Unfurnished,East,0,7100000,Visakhapatnam | Kurmannapalem
Telangana,Khammam,Khammam,Villa,4,4,2354,Unfurnished,South-East,1,14275000,Khammam | Gandhi Chowk
Telangana,Karimnagar,Karimnagar,Apartment,2,2,1216,Unfurnished,South,0,5000000,Karimnagar | Kashmirgadda
Telangana,Mancherial,Mancherial,Independent House,2,2,1262,Semi-Furnished,North-East,1,4200000,Mancherial | Mancherial Town
Andhra Pradesh,Sri Potti Sriramulu Nellore,Nellore,Apartment,3,3,1462,Unfurnished,South-East,0,4725000,Sri Potti Sriramulu Nellore | Muthukur
Andhra Pradesh,Dr. B.R. Ambedkar Konaseema,Amalapuram,Independent House,3,2,1586,Unfurnished,North,2,3700000,Dr. B.R. Ambedkar Konaseema | Kothapeta
Andhra Pradesh,Palnadu,Narasaraopet,Independent House,4,4,2110,Semi-Furnished,South-East,13,3550000,Palnadu | Gurazala
Telangana,Hyderabad,Hyderabad,Apartment,3,3,1714,Unfurnished,North,0,11575000,Hyderabad | Malakpet
Telangana,Mahabubabad,Mahabubabad,Independent House,2,2,1116,Unfurnished,West,6,1300000,Mahabubabad | Narsimhulapet
Andhra Pradesh,Annamayya,Madanapalle,Villa,3,3,2001,Unfurnished,North,4,9925000,Annamayya | Madanapalle Town
Telangana,Bhadradri Kothagudem,Kothagudem,Apartment,3,4,1432,Unfurnished,North,25,3400000,Bhadradri Kothagudem | Palvancha
Telangana,Sangareddy,Sangareddy,Apartment,2,2,849,Furnished,West,1,4375000,Sangareddy | Sangareddy Town
Andhra Pradesh,East Godavari,Rajahmundry,Villa,4,5,2893,Unfurnished,West,4,9500000,East Godavari | Seethanagaram
Andhra Pradesh,Guntur,Guntur,Residential Plot,0,0,900,Not Applicable,North-East,0,1825000,Guntur | Tenali
Andhra Pradesh,NTR,Vijayawada,Apartment,3,3,1379,Unfurnished,East,0,8000000,NTR | Ajit Singh Nagar
Andhra Pradesh,Anantapur,Anantapur,Apartment,3,3,1612,Unfurnished,East,0,5625000,Anantapur | Kamala Nagar
Telangana,Hyderabad,Hyderabad,Residential Plot,0,0,900,Not Applicable,East,0,5600000,Hyderabad | Mehdipatnam
Telangana,Peddapalli,Peddapalli,Independent House,3,3,1389,Unfurnished,East,6,3725000,Peddapalli | Godavarikhani
Andhra Pradesh,Eluru,Eluru,Apartment,2,2,1022,Unfurnished,East,0,2300000,Eluru | Pedavegi
Andhra Pradesh,Anakapalli,Anakapalle,Apartment,2,3,1054,Unfurnished,South,0,2825000,Anakapalli | Kasimkota
Telangana,Hyderabad,Hyderabad,Apartment,3,2,1475,Unfurnished,South,4,18275000,Hyderabad | Jubilee Hills
Andhra Pradesh,NTR,Vijayawada,Apartment,3,3,1387,Unfurnished,North-East,2,7350000,NTR | Bhavanipuram
Telangana,Adilabad,Adilabad,Residential Plot,0,0,1197,Not Applicable,South-East,0,825000,Adilabad | Boath
Andhra Pradesh,Palnadu,Narasaraopet,Apartment,1,2,427,Unfurnished,West,0,1050000,Palnadu | Sattenapalle
Telangana,Medchal Malkajgiri,Hyderabad,Apartment,3,3,1778,Unfurnished,North,0,14950000,Medchal Malkajgiri | Kompally
Andhra Pradesh,Anakapalli,Anakapalle,Apartment,3,2,1284,Unfurnished,South-East,4,5150000,Anakapalli | Parawada
Andhra Pradesh,Srikakulam,Srikakulam,Independent House,3,2,1706,Unfurnished,North-East,1,6875000,Srikakulam | Srikakulam Town
Telangana,Khammam,Khammam,Independent House,2,2,1094,Unfurnished,East,1,5075000,Khammam | Mamillagudem
Andhra Pradesh,East Godavari,Rajahmundry,Residential Plot,0,0,2997,Not Applicable,East,0,3900000,East Godavari | Seethanagaram
Telangana,Rajanna Sircilla,Sircilla,Independent House,4,4,1982,Unfurnished,North,1,3200000,Rajanna Sircilla | Ellanthakunta
Andhra Pradesh,NTR,Vijayawada,Apartment,3,3,1478,Semi-Furnished,North,2,13575000,NTR | Governorpet
Andhra Pradesh,Sri Potti Sriramulu Nellore,Nellore,Apartment,3,4,1302,Unfurnished,North,0,4975000,Sri Potti Sriramulu Nellore | Kavali
Andhra Pradesh,West Godavari,Bhimavaram,Apartment,3,3,1434,Semi-Furnished,South,0,4250000,West Godavari | Akividu
Andhra Pradesh,Visakhapatnam,Visakhapatnam,Villa,5,6,3046,Unfurnished,South,11,36950000,Visakhapatnam | Dwaraka Nagar
Andhra Pradesh,Eluru,Eluru,Apartment,2,2,914,Unfurnished,East,0,2250000,Eluru | Pedavegi
Andhra Pradesh,Anantapur,Anantapur,Independent House,4,4,1968,Unfurnished,West,1,6325000,Anantapur | Gandhi Nagar
Andhra Pradesh,Visakhapatnam,Visakhapatnam,Apartment,3,4,1466,Semi-Furnished,South-East,0,7050000,Visakhapatnam | Gopalapatnam
Telangana,Adilabad,Adilabad,Apartment,2,3,1235,Unfurnished,South-East,0,2200000,Adilabad | Jainad
Telangana,Mahabubnagar,Mahabubnagar,Independent House,3,2,1568,Unfurnished,South,0,5300000,Mahabubnagar | Jadcherla
Andhra Pradesh,Eluru,Eluru,Residential Plot,0,0,1350,Not Applicable,East,0,1575000,Eluru | Chintalapudi
Telangana,Nagarkurnool,Nagarkurnool,Apartment,3,3,1254,Unfurnished,North,0,4625000,Nagarkurnool | Nagarkurnool Town
Telangana,Bhadradri Kothagudem,Kothagudem,Independent House,5,5,2144,Unfurnished,South,3,5900000,Bhadradri Kothagudem | Palvancha
Telangana,Peddapalli,Peddapalli,Independent House,2,2,1212,Unfurnished,South,0,5425000,Peddapalli | Peddapalli Town
Andhra Pradesh,Tirupati,Tirupati,Apartment,3,3,1391,Unfurnished,North-East,0,8075000,Tirupati | K.T. Road
Telangana,Medchal Malkajgiri,Hyderabad,Independent House,5,5,2350,Unfurnished,North,2,14450000,Medchal Malkajgiri | Jeedimetla
Telangana,Karimnagar,Karimnagar,Apartment,2,3,1039,Semi-Furnished,North-East,19,4200000,Karimnagar | Ramnagar
Andhra Pradesh,East Godavari,Rajahmundry,Independent House,2,1,1240,Semi-Furnished,East,10,5925000,East Godavari | Prakash Nagar
Telangana,Medak,Medak,Residential Plot,0,0,1197,Not Applicable,West,0,775000,Medak | Papannapet
Telangana,Warangal,Warangal,Apartment,3,3,1529,Semi-Furnished,East,17,2775000,Warangal | Sangem
Andhra Pradesh,Visakhapatnam,Visakhapatnam,Independent House,2,3,805,Unfurnished,North,13,6500000,Visakhapatnam | Rushikonda
Telangana,Siddipet,Siddipet,Apartment,3,3,1328,Semi-Furnished,East,1,3950000,Siddipet | Dubbaka
Telangana,Bhadradri Kothagudem,Kothagudem,Apartment,3,3,1268,Unfurnished,South-East,1,2300000,Bhadradri Kothagudem | Dammapeta
Andhra Pradesh,East Godavari,Rajahmundry,Independent Builder Floor,2,2,946,Unfurnished,East,0,2600000,East Godavari | Korukonda
Andhra Pradesh,Polavaram,Rampachodavaram,Residential Plot,0,0,2160,Not Applicable,North-East,0,1225000,Polavaram | Kunavaram
Andhra Pradesh,Tirupati,Tirupati,Apartment,3,2,1697,Unfurnished,North-East,9,13200000,Tirupati | Air Bypass Road
Telangana,Karimnagar,Karimnagar,Residential Plot,0,0,1620,Not Applicable,West,0,2575000,Karimnagar | Chaitanyapuri
Telangana,Suryapet,Suryapet,Independent House,6,6,3317,Furnished,South-East,9,9275000,Suryapet | Kodad
Telangana,Nizamabad,Nizamabad,Apartment,1,1,534,Semi-Furnished,North-East,5,1625000,Nizamabad | Armoor
Andhra Pradesh,Palnadu,Narasaraopet,Apartment,3,3,1863,Semi-Furnished,North-East,0,4525000,Palnadu | Macherla
Andhra Pradesh,Guntur,Amaravati,Apartment,2,2,1028,Unfurnished,North,8,6050000,Guntur | Mangalagiri
Andhra Pradesh,Anantapur,Anantapur,Residential Plot,0,0,1800,Not Applicable,South,0,1500000,Anantapur | Kalyandurg
Telangana,Hanumakonda,Hanamkonda,Apartment,3,2,1496,Unfurnished,South-East,9,4675000,Hanumakonda | Dharmasagar
Andhra Pradesh,West Godavari,Bhimavaram,Independent House,4,3,2419,Semi-Furnished,East,1,8475000,West Godavari | Tanuku
Andhra Pradesh,Krishna,Machilipatnam,Independent House,4,4,2096,Semi-Furnished,South-East,17,8075000,Krishna | Machilipatnam Town
Andhra Pradesh,Guntur,Guntur,Residential Plot,0,0,1800,Not Applicable,North,0,5075000,Guntur | Arundelpet
Andhra Pradesh,NTR,Vijayawada,Villa,5,5,3546,Unfurnished,North,9,14850000,NTR | Mylavaram
Telangana,Mahabubnagar,Mahabubnagar,Apartment,2,3,1087,Unfurnished,North,2,4325000,Mahabubnagar | Mahabubnagar Town
Andhra Pradesh,Anakapalli,Anakapalle,Independent House,5,5,2489,Semi-Furnished,South,3,11050000,Anakapalli | Sabbavaram
Telangana,Warangal,Warangal,Apartment,2,2,1043,Furnished,West,4,2200000,Warangal | Sangem
Andhra Pradesh,Kurnool,Kurnool,Residential Plot,0,0,1350,Not Applicable,West,0,2625000,Kurnool | Budhwarpet
Andhra Pradesh,Sri Potti Sriramulu Nellore,Nellore,Apartment,3,4,1264,Unfurnished,South,0,5350000,Sri Potti Sriramulu Nellore | Balaji Nagar
Andhra Pradesh,Kakinada,Kakinada,Residential Plot,0,0,1620,Not Applicable,West,0,3575000,Kakinada | Vidyut Nagar
Andhra Pradesh,Krishna,Vijayawada,Apartment,2,1,955,Unfurnished,North,0,4425000,Krishna | Poranki
Telangana,Kumuram Bheem Asifabad,Asifabad,Residential Plot,0,0,1350,Not Applicable,East,0,725000,Kumuram Bheem Asifabad | Tiryani
Andhra Pradesh,Sri Potti Sriramulu Nellore,Nellore,Apartment,4,3,2550,Unfurnished,East,0,12000000,Sri Potti Sriramulu Nellore | Trunk Road
Andhra Pradesh,Kurnool,Kurnool,Apartment,3,3,1697,Furnished,East,3,4900000,Kurnool | Adoni
Telangana,Hyderabad,Hyderabad,Independent House,3,3,1653,Unfurnished,South,1,13900000,Hyderabad | Nampally
Telangana,Rangareddy,Hyderabad,Apartment,3,2,1135,Unfurnished,North,0,13425000,Rangareddy | Kondapur
Telangana,Medchal Malkajgiri,Hyderabad,Residential Plot,0,0,1350,Not Applicable,East,0,6425000,Medchal Malkajgiri | Nagaram
Telangana,Khammam,Khammam,Independent House,3,4,1525,Semi-Furnished,South,1,7175000,Khammam | Mamillagudem
Telangana,Mahabubnagar,Mahabubnagar,Independent House,4,4,1890,Unfurnished,West,3,5600000,Mahabubnagar | Jadcherla
Telangana,Warangal,Warangal,Apartment,2,3,1008,Furnished,West,6,2700000,Warangal | Sangem
Andhra Pradesh,Sri Sathya Sai,Puttaparthi,Independent House,5,6,2567,Semi-Furnished,East,1,5475000,Sri Sathya Sai | Bukkapatnam
Andhra Pradesh,Krishna,Machilipatnam,Residential Plot,0,0,2997,Not Applicable,South-East,0,3400000,Krishna | Nandivada
Andhra Pradesh,Tirupati,Tirupati,Apartment,3,3,1150,Unfurnished,North-East,1,4225000,Tirupati | Naidupeta
Andhra Pradesh,NTR,Vijayawada,Independent Builder Floor,2,2,1000,Unfurnished,North-East,0,3125000,NTR | Tiruvuru
Telangana,Medchal Malkajgiri,Hyderabad,Independent Builder Floor,2,3,700,Unfurnished,South,1,6125000,Medchal Malkajgiri | KPHB
Telangana,Medchal Malkajgiri,Hyderabad,Residential Plot,0,0,2160,Not Applicable,North,0,16875000,Medchal Malkajgiri | KPHB
Andhra Pradesh,Alluri Sitharama Raju,Paderu,Residential Plot,0,0,900,Not Applicable,West,0,1075000,Alluri Sitharama Raju | Paderu
Andhra Pradesh,Markapuram,Markapuram,Independent House,3,3,1299,Furnished,North-East,14,4500000,Markapuram | Markapuram Town
Andhra Pradesh,Nandyal,Nandyal,Independent House,3,3,1921,Unfurnished,East,3,7100000,Nandyal | Nandyal Town
Andhra Pradesh,Guntur,Guntur,Residential Plot,0,0,900,Not Applicable,South,0,1850000,Guntur | Kothapet
Telangana,Rangareddy,Hyderabad,Independent House,3,4,1403,Unfurnished,North,10,17900000,Rangareddy | Madhapur
Telangana,Yadadri Bhuvanagiri,Bhongir,Independent Builder Floor,3,2,1516,Unfurnished,East,0,5375000,Yadadri Bhuvanagiri | Bhongir Town
Andhra Pradesh,Prakasam,Ongole,Independent Builder Floor,3,4,1484,Unfurnished,East,1,6575000,Prakasam | Ongole Trunk Road
Andhra Pradesh,West Godavari,Bhimavaram,Apartment,2,1,863,Unfurnished,East,2,3900000,West Godavari | Bhimavaram Town
Andhra Pradesh,Visakhapatnam,Visakhapatnam,Residential Plot,0,0,2700,Not Applicable,South-East,0,6700000,Visakhapatnam | Simhachalam
Telangana,Sangareddy,Hyderabad,Villa,4,4,2974,Furnished,East,0,26250000,Sangareddy | Ameenpur
Andhra Pradesh,Nandyal,Nandyal,Independent House,2,3,979,Semi-Furnished,West,18,1375000,Nandyal | Mahanandi
Andhra Pradesh,Parvathipuram Manyam,Parvathipuram,Independent House,2,2,1176,Semi-Furnished,North-East,0,1650000,Parvathipuram Manyam | Gummalakshmipuram
Telangana,Adilabad,Adilabad,Apartment,2,2,878,Furnished,East,9,3150000,Adilabad | Adilabad Town
Andhra Pradesh,East Godavari,Rajahmundry,Residential Plot,0,0,1350,Not Applicable,North,0,1775000,East Godavari | Rajanagaram
Telangana,Rangareddy,Hyderabad,Independent House,3,3,1794,Unfurnished,West,2,19375000,Rangareddy | Kokapet
Andhra Pradesh,Kurnool,Kurnool,Independent House,3,3,1700,Unfurnished,East,13,4850000,Kurnool | Kallur
Telangana,Sangareddy,Hyderabad,Apartment,2,2,1179,Semi-Furnished,South,1,6675000,Sangareddy | Patancheru
Telangana,Sangareddy,Hyderabad,Apartment,2,3,907,Unfurnished,North-East,15,6425000,Sangareddy | Beeramguda
Andhra Pradesh,Kurnool,Kurnool,Villa,4,5,2359,Unfurnished,East,18,10550000,Kurnool | Sunkesula Road
Telangana,Hyderabad,Hyderabad,Residential Plot,0,0,1197,Not Applicable,East,0,7675000,Hyderabad | Habsiguda
Telangana,Rangareddy,Hyderabad,Apartment,2,3,1106,Unfurnished,East,0,8250000,Rangareddy | Shamshabad
Telangana,Yadadri Bhuvanagiri,Bhongir,Independent House,3,3,1654,Unfurnished,South,8,4225000,Yadadri Bhuvanagiri | Rajapet
Andhra Pradesh,East Godavari,Rajahmundry,Apartment,1,1,450,Unfurnished,North,0,2375000,East Godavari | Prakash Nagar
Telangana,Nalgonda,Nalgonda,Apartment,3,3,1751,Semi-Furnished,East,5,3350000,Nalgonda | Chandur
Telangana,Medak,Medak,Independent House,2,3,1240,Unfurnished,North-East,5,4775000,Medak | Medak Town
Andhra Pradesh,Anantapur,Anantapur,Residential Plot,0,0,1620,Not Applicable,North,0,3300000,Anantapur | Kamala Nagar
Telangana,Rangareddy,Hyderabad,Villa,3,3,2223,Semi-Furnished,North,22,18625000,Rangareddy | Adibatla
Telangana,Hanumakonda,Hanamkonda,Apartment,3,2,1593,Unfurnished,West,0,5050000,Hanumakonda | Dharmasagar
Telangana,Hyderabad,Hyderabad,Apartment,2,3,1031,Semi-Furnished,North,10,7025000,Hyderabad | Charminar
Telangana,Nizamabad,Nizamabad,Villa,4,5,2557,Semi-Furnished,North,29,6900000,Nizamabad | Bodhan
Andhra Pradesh,Visakhapatnam,Visakhapatnam,Apartment,2,1,931,Semi-Furnished,South,18,7425000,Visakhapatnam | Maddilapalem
Telangana,Nizamabad,Nizamabad,Apartment,3,3,1423,Unfurnished,North-East,0,4075000,Nizamabad | Bodhan
Telangana,Hyderabad,Hyderabad,Apartment,4,4,2162,Semi-Furnished,East,8,19575000,Hyderabad | Shaikpet
Telangana,Medchal Malkajgiri,Hyderabad,Apartment,3,3,1364,Unfurnished,West,0,7425000,Medchal Malkajgiri | Jeedimetla
Telangana,Hanumakonda,Hanamkonda,Independent House,4,4,2423,Unfurnished,South,27,5000000,Hanumakonda | Dharmasagar
Telangana,Nizamabad,Nizamabad,Apartment,3,3,1539,Unfurnished,North,0,3400000,Nizamabad | Balkonda
Andhra Pradesh,Alluri Sitharama Raju,Paderu,Villa,3,2,1654,Unfurnished,North,11,6475000,Alluri Sitharama Raju | Araku Valley
Telangana,Medchal Malkajgiri,Hyderabad,Residential Plot,0,0,1503,Not Applicable,South,0,8700000,Medchal Malkajgiri | Kukatpally
Andhra Pradesh,Eluru,Eluru,Independent House,2,2,1240,Unfurnished,North,1,2550000,Eluru | Pedapadu
Andhra Pradesh,Guntur,Amaravati,Apartment,2,2,1075,Semi-Furnished,West,4,5025000,Guntur | Thullur
Andhra Pradesh,Visakhapatnam,Visakhapatnam,Villa,5,5,2925,Furnished,North,0,38875000,Visakhapatnam | Kommadi
Telangana,Karimnagar,Karimnagar,Villa,4,4,2460,Unfurnished,East,30,12825000,Karimnagar | Jyothinagar
Telangana,Hyderabad,Hyderabad,Apartment,2,2,934,Unfurnished,South,0,11975000,Hyderabad | Banjara Hills
Telangana,Sangareddy,Hyderabad,Residential Plot,0,0,3600,Not Applicable,North,0,14550000,Sangareddy | Bollaram
Andhra Pradesh,NTR,Vijayawada,Independent Builder Floor,2,2,908,Furnished,East,2,4475000,NTR | Ajit Singh Nagar
Andhra Pradesh,East Godavari,Rajahmundry,Apartment,1,1,440,Unfurnished,South-East,0,1600000,East Godavari | Bommuru
Telangana,Yadadri Bhuvanagiri,Bhongir,Independent House,4,4,2035,Furnished,South,9,4225000,Yadadri Bhuvanagiri | Rajapet
Andhra Pradesh,Sri Potti Sriramulu Nellore,Nellore,Residential Plot,0,0,900,Not Applicable,South-East,0,825000,Sri Potti Sriramulu Nellore | Allur
Telangana,Warangal,Warangal,Apartment,3,3,1262,Unfurnished,North-East,0,4875000,Warangal | Mattewada
Telangana,Rangareddy,Hyderabad,Independent House,4,5,1599,Unfurnished,West,6,19025000,Rangareddy | Financial District
Andhra Pradesh,Eluru,Eluru,Independent House,2,2,1206,Unfurnished,North,1,2475000,Eluru | Bhimadole
Telangana,Hyderabad,Hyderabad,Independent Builder Floor,3,4,1693,Unfurnished,East,1,14275000,Hyderabad | Tarnaka
Telangana,Hyderabad,Hyderabad,Apartment,3,3,1554,Unfurnished,North-East,0,17575000,Hyderabad | Begumpet
Andhra Pradesh,Tirupati,Tirupati,Apartment,1,1,589,Unfurnished,South,0,1900000,Tirupati | Puttur
Andhra Pradesh,Kakinada,Kakinada,Apartment,3,3,1209,Semi-Furnished,South-East,8,4775000,Kakinada | Vakalapudi
Telangana,Hyderabad,Hyderabad,Residential Plot,0,0,1350,Not Applicable,North,0,16600000,Hyderabad | Banjara Hills
Telangana,Sangareddy,Hyderabad,Independent House,4,5,2075,Unfurnished,North,30,13175000,Sangareddy | Tellapur
Andhra Pradesh,Sri Potti Sriramulu Nellore,Nellore,Independent House,3,4,1421,Unfurnished,South,3,5600000,Sri Potti Sriramulu Nellore | Trunk Road
Andhra Pradesh,Krishna,Machilipatnam,Villa,5,4,2692,Semi-Furnished,East,20,8350000,Krishna | Pedana
Andhra Pradesh,Vizianagaram,Vizianagaram,Independent House,4,4,2172,Unfurnished,North-East,30,7775000,Vizianagaram | Vizianagaram Town
Telangana,Hanumakonda,Hanamkonda,Apartment,2,2,987,Unfurnished,North,4,3300000,Hanumakonda | Dharmasagar
Telangana,Medchal Malkajgiri,Hyderabad,Apartment,1,1,590,Semi-Furnished,North,2,5325000,Medchal Malkajgiri | Quthbullapur
Telangana,Nalgonda,Nalgonda,Residential Plot,0,0,2160,Not Applicable,North,0,3325000,Nalgonda | Miryalaguda
Telangana,Adilabad,Adilabad,Residential Plot,0,0,1197,Not Applicable,North-East,0,800000,Adilabad | Boath
Andhra Pradesh,YSR Kadapa,Kadapa,Residential Plot,0,0,2700,Not Applicable,North-East,0,3200000,YSR Kadapa | Jammalamadugu
Andhra Pradesh,Visakhapatnam,Visakhapatnam,Independent House,2,1,1088,Furnished,South-East,6,8025000,Visakhapatnam | Maddilapalem
Andhra Pradesh,Sri Sathya Sai,Puttaparthi,Residential Plot,0,0,2700,Not Applicable,East,0,1925000,Sri Sathya Sai | Madakasira
Andhra Pradesh,Chittoor,Chittoor,Independent House,3,3,1776,Semi-Furnished,South,4,6525000,Chittoor | Gandhi Road
Andhra Pradesh,YSR Kadapa,Kadapa,Apartment,3,3,1600,Unfurnished,North-East,0,6150000,YSR Kadapa | Chinna Chowk
Andhra Pradesh,Annamayya,Madanapalle,Apartment,3,3,1399,Unfurnished,North,0,2800000,Annamayya | Kodur
Andhra Pradesh,Markapuram,Markapuram,Independent House,2,3,1634,Semi-Furnished,North,9,4575000,Markapuram | Markapuram Town
Andhra Pradesh,Prakasam,Ongole,Independent House,3,3,1693,Unfurnished,South-East,16,3050000,Prakasam | Kondepi
Andhra Pradesh,Nandyal,Nandyal,Independent House,3,3,1708,Furnished,South,0,3025000,Nandyal | Atmakur
Telangana,Rangareddy,Hyderabad,Independent House,3,3,1124,Semi-Furnished,South,4,13250000,Rangareddy | Financial District
Andhra Pradesh,Annamayya,Madanapalle,Villa,5,4,2793,Semi-Furnished,South-East,30,10125000,Annamayya | Madanapalle Town
Andhra Pradesh,Dr. B.R. Ambedkar Konaseema,Amalapuram,Villa,4,4,2871,Semi-Furnished,West,0,6525000,Dr. B.R. Ambedkar Konaseema | Ainavilli
Andhra Pradesh,Kurnool,Kurnool,Residential Plot,0,0,2997,Not Applicable,North,0,4150000,Kurnool | Kallur
Andhra Pradesh,Parvathipuram Manyam,Parvathipuram,Residential Plot,0,0,1800,Not Applicable,South,0,1400000,Parvathipuram Manyam | Seethampeta
Telangana,Hyderabad,Hyderabad,Residential Plot,0,0,1350,Not Applicable,North,0,6575000,Hyderabad | Kachiguda
Andhra Pradesh,Chittoor,Chittoor,Apartment,2,2,921,Unfurnished,West,6,2100000,Chittoor | Gangadhara Nellore
Telangana,Khammam,Khammam,Residential Plot,0,0,900,Not Applicable,West,0,825000,Khammam | Yerrupalem
Telangana,Khammam,Khammam,Residential Plot,0,0,1998,Not Applicable,East,0,2650000,Khammam | Madhira
Andhra Pradesh,Bapatla,Bapatla,Independent House,3,3,1551,Semi-Furnished,East,25,3725000,Bapatla | Chirala
Andhra Pradesh,Guntur,Guntur,Apartment,2,2,1184,Unfurnished,West,7,3525000,Guntur | Prathipadu
Telangana,Kumuram Bheem Asifabad,Asifabad,Apartment,3,2,1954,Unfurnished,West,0,2650000,Kumuram Bheem Asifabad | Tiryani
Telangana,Jogulamba Gadwal,Gadwal,Residential Plot,0,0,1620,Not Applicable,South,0,800000,Jogulamba Gadwal | Waddepally
Telangana,Bhadradri Kothagudem,Kothagudem,Independent House,6,7,3078,Semi-Furnished,East,30,6625000,Bhadradri Kothagudem | Bhadrachalam
Andhra Pradesh,Anantapur,Anantapur,Apartment,2,3,1038,Unfurnished,North,0,3275000,Anantapur | Tapovanam
Andhra Pradesh,YSR Kadapa,Kadapa,Apartment,2,3,842,Unfurnished,North,7,3125000,YSR Kadapa | Ravindra Nagar
Andhra Pradesh,Guntur,Amaravati,Residential Plot,0,0,1620,Not Applicable,West,0,3050000,Guntur | Vaddeswaram
Telangana,Hyderabad,Hyderabad,Villa,3,3,1682,Unfurnished,South,0,27225000,Hyderabad | Banjara Hills
Telangana,Narayanpet,Narayanpet,Independent House,4,4,2410,Unfurnished,East,15,3275000,Narayanpet | Narva
Andhra Pradesh,Parvathipuram Manyam,Parvathipuram,Villa,4,3,2365,Semi-Furnished,South-East,27,4125000,Parvathipuram Manyam | Veeraghattam
Telangana,Siddipet,Siddipet,Independent House,3,3,1431,Unfurnished,North,18,2450000,Siddipet | Doultabad
Telangana,Nalgonda,Nalgonda,Independent House,4,5,1910,Unfurnished,West,18,5625000,Nalgonda | Nalgonda Town
Andhra Pradesh,Vizianagaram,Vizianagaram,Residential Plot,0,0,1197,Not Applicable,East,0,2400000,Vizianagaram | Ayyannapeta
Andhra Pradesh,Guntur,Guntur,Apartment,2,2,972,Unfurnished,North-East,0,4450000,Guntur | Kothapet
Telangana,Karimnagar,Karimnagar,Independent House,4,4,1667,Semi-Furnished,East,3,4325000,Karimnagar | Choppadandi
Andhra Pradesh,Srikakulam,Srikakulam,Independent Builder Floor,2,2,1046,Semi-Furnished,West,3,3300000,Srikakulam | Amadalavalasa
Andhra Pradesh,Vizianagaram,Vizianagaram,Independent House,5,6,2556,Semi-Furnished,North-East,19,5250000,Vizianagaram | Cheepurupalli
Andhra Pradesh,Polavaram,Rampachodavaram,Independent House,3,3,1376,Furnished,North,12,2200000,Polavaram | Addateegala
Telangana,Rangareddy,Hyderabad,Independent House,5,5,2977,Unfurnished,East,10,35525000,Rangareddy | Madhapur
Andhra Pradesh,Eluru,Eluru,Residential Plot,0,0,1503,Not Applicable,North,0,1300000,Eluru | Pedapadu
Andhra Pradesh,YSR Kadapa,Kadapa,Independent Builder Floor,2,2,929,Semi-Furnished,North-East,1,2150000,YSR Kadapa | Vempalle
Andhra Pradesh,Visakhapatnam,Visakhapatnam,Apartment,2,2,956,Unfurnished,East,5,7450000,Visakhapatnam | Madhurawada
Telangana,Hyderabad,Hyderabad,Apartment,2,1,886,Semi-Furnished,East,0,8025000,Hyderabad | Mehdipatnam
Andhra Pradesh,East Godavari,Rajahmundry,Apartment,2,2,790,Semi-Furnished,North-East,3,4450000,East Godavari | Morampudi
Andhra Pradesh,Eluru,Eluru,Villa,3,3,1932,Unfurnished,South,0,5275000,Eluru | Kaikaluru
Telangana,Khammam,Khammam,Independent House,6,6,3006,Furnished,West,15,4675000,Khammam | Kusumanchi
Andhra Pradesh,Tirupati,Tirupati,Independent Builder Floor,3,2,1414,Unfurnished,East,0,6375000,Tirupati | Tummalagunta
Telangana,Kamareddy,Kamareddy,Independent House,3,4,1613,Semi-Furnished,North-East,8,7100000,Kamareddy | Kamareddy Town
Telangana,Jayashankar Bhupalpally,Bhupalpally,Apartment,3,3,1530,Semi-Furnished,South,1,4725000,Jayashankar Bhupalpally | Bhupalpally Town
Andhra Pradesh,Visakhapatnam,Visakhapatnam,Apartment,3,3,1267,Unfurnished,East,0,5750000,Visakhapatnam | Kurmannapalem
Telangana,Warangal,Warangal,Residential Plot,0,0,3600,Not Applicable,North,0,6975000,Warangal | Mattewada
Telangana,Nirmal,Nirmal,Independent House,3,3,1563,Unfurnished,North,0,4850000,Nirmal | Nirmal Town
Telangana,Rangareddy,Hyderabad,Apartment,3,2,1437,Unfurnished,South,0,14175000,Rangareddy | Nallagandla
Andhra Pradesh,Visakhapatnam,Visakhapatnam,Apartment,3,3,1530,Unfurnished,East,0,16675000,Visakhapatnam | Siripuram
Andhra Pradesh,Dr. B.R. Ambedkar Konaseema,Amalapuram,Independent House,2,2,1334,Furnished,North-East,13,3625000,Dr. B.R. Ambedkar Konaseema | Ravulapalem
Andhra Pradesh,Visakhapatnam,Visakhapatnam,Apartment,2,2,955,Unfurnished,North-East,0,9000000,Visakhapatnam | Lawsons Bay Colony
Andhra Pradesh,Visakhapatnam,Visakhapatnam,Apartment,2,2,1179,Unfurnished,North,6,8450000,Visakhapatnam | Madhurawada
Telangana,Jangaon,Jangaon,Apartment,3,2,1542,Unfurnished,East,1,2675000,Jangaon | Zaffergadh
Telangana,Karimnagar,Karimnagar,Independent House,4,4,2356,Semi-Furnished,South,5,9500000,Karimnagar | Jyothinagar
Andhra Pradesh,Tirupati,Tirupati,Independent House,3,3,1758,Unfurnished,North-East,3,9725000,Tirupati | K.T. Road
Telangana,Nalgonda,Nalgonda,Residential Plot,0,0,2403,Not Applicable,West,0,2050000,Nalgonda | Devarakonda
Telangana,Hyderabad,Hyderabad,Residential Plot,0,0,2997,Not Applicable,South-East,0,31925000,Hyderabad | Somajiguda
Andhra Pradesh,Anantapur,Anantapur,Independent Builder Floor,3,3,1527,Semi-Furnished,East,1,5550000,Anantapur | Saptagiri Circle
Andhra Pradesh,Visakhapatnam,Visakhapatnam,Independent House,3,3,1648,Unfurnished,North,17,12850000,Visakhapatnam | Yendada
Andhra Pradesh,Guntur,Guntur,Apartment,2,1,1203,Semi-Furnished,West,0,7975000,Guntur | Arundelpet
Andhra Pradesh,Srikakulam,Srikakulam,Residential Plot,0,0,1197,Not Applicable,North-East,0,2325000,Srikakulam | Arasavalli
Telangana,Nalgonda,Nalgonda,Independent House,3,2,1602,Semi-Furnished,North,1,3000000,Nalgonda | Munugode
Telangana,Nalgonda,Nalgonda,Independent House,3,3,1725,Semi-Furnished,North,16,6325000,Nalgonda | Nalgonda Town
Telangana,Nalgonda,Nalgonda,Apartment,2,2,1141,Unfurnished,West,10,2675000,Nalgonda | Nagarjuna Sagar
Andhra Pradesh,Kurnool,Kurnool,Residential Plot,0,0,1998,Not Applicable,West,0,2700000,Kurnool | Kallur
Telangana,Hyderabad,Hyderabad,Independent Builder Floor,3,3,1302,Unfurnished,North-East,0,15725000,Hyderabad | Himayatnagar
Andhra Pradesh,NTR,Vijayawada,Apartment,2,2,1207,Unfurnished,West,2,8375000,NTR | Gunadala
Telangana,Bhadradri Kothagudem,Kothagudem,Residential Plot,0,0,1197,Not Applicable,East,0,2025000,Bhadradri Kothagudem | Bhadrachalam
Andhra Pradesh,Annamayya,Madanapalle,Independent Builder Floor,3,3,1448,Unfurnished,North,7,2200000,Annamayya | Kalakada
Andhra Pradesh,Prakasam,Ongole,Independent House,3,2,1534,Furnished,North-East,0,4350000,Prakasam | Podili
Telangana,Mancherial,Mancherial,Residential Plot,0,0,1350,Not Applicable,East,0,1100000,Mancherial | Luxettipet
Telangana,Kumuram Bheem Asifabad,Asifabad,Independent House,5,4,2586,Semi-Furnished,East,10,6575000,Kumuram Bheem Asifabad | Kagaznagar
Andhra Pradesh,Anakapalli,Anakapalle,Villa,5,5,3542,Semi-Furnished,East,5,13500000,Anakapalli | Nakkapalli
Telangana,Kumuram Bheem Asifabad,Asifabad,Independent House,4,3,1982,Unfurnished,South,1,2800000,Kumuram Bheem Asifabad | Tiryani
Andhra Pradesh,Bapatla,Bapatla,Residential Plot,0,0,1800,Not Applicable,South,0,1375000,Bapatla | Addanki
Telangana,Rangareddy,Hyderabad,Residential Plot,0,0,900,Not Applicable,West,0,2800000,Rangareddy | Ibrahimpatnam
Andhra Pradesh,Tirupati,Tirupati,Residential Plot,0,0,1350,Not Applicable,North-East,0,2250000,Tirupati | Sullurpeta
Telangana,Hyderabad,Hyderabad,Independent Builder Floor,3,3,1283,Unfurnished,North-East,5,9050000,Hyderabad | Mehdipatnam
Telangana,Warangal,Warangal,Independent Builder Floor,2,2,943,Unfurnished,North-East,0,2375000,Warangal | Geesugonda
Telangana,Vikarabad,Vikarabad,Independent House,2,1,863,Unfurnished,West,4,1500000,Vikarabad | Marpalle
Telangana,Sangareddy,Hyderabad,Independent Builder Floor,3,2,1150,Unfurnished,East,0,8900000,Sangareddy | Tellapur
Andhra Pradesh,Chittoor,Chittoor,Independent House,4,4,2172,Semi-Furnished,North-East,23,6825000,Chittoor | Chittoor Town
Andhra Pradesh,Guntur,Amaravati,Villa,4,3,2393,Furnished,North,5,17025000,Guntur | Tadikonda
Telangana,Peddapalli,Peddapalli,Apartment,2,3,1002,Unfurnished,East,0,1700000,Peddapalli | Sultanabad
Andhra Pradesh,Visakhapatnam,Visakhapatnam,Apartment,2,3,1091,Unfurnished,South,0,7075000,Visakhapatnam | Madhurawada
Andhra Pradesh,NTR,Vijayawada,Apartment,3,3,1472,Semi-Furnished,East,2,8525000,NTR | Vidyadharapuram
Andhra Pradesh,Chittoor,Chittoor,Apartment,3,3,1683,Semi-Furnished,North,1,5000000,Chittoor | Kuppam
Andhra Pradesh,Alluri Sitharama Raju,Paderu,Residential Plot,0,0,3600,Not Applicable,North,0,4450000,Alluri Sitharama Raju | Paderu
Andhra Pradesh,Bapatla,Bapatla,Independent House,5,5,2597,Semi-Furnished,South,30,3500000,Bapatla | Karamchedu
Telangana,Sangareddy,Sangareddy,Apartment,3,3,1575,Unfurnished,East,1,8275000,Sangareddy | Sangareddy Town
Andhra Pradesh,Dr. B.R. Ambedkar Konaseema,Amalapuram,Villa,3,3,1745,Semi-Furnished,North,3,6075000,Dr. B.R. Ambedkar Konaseema | Kothapeta
Andhra Pradesh,Sri Potti Sriramulu Nellore,Nellore,Independent House,3,2,1750,Unfurnished,West,7,9750000,Sri Potti Sriramulu Nellore | Stonehousepeta
Telangana,Siddipet,Siddipet,Independent House,3,4,1705,Semi-Furnished,South-East,10,2950000,Siddipet | Cherial
Andhra Pradesh,Vizianagaram,Vizianagaram,Residential Plot,0,0,1800,Not Applicable,West,0,2250000,Vizianagaram | Modavalasa
Andhra Pradesh,Chittoor,Chittoor,Independent House,4,4,2034,Unfurnished,East,5,8050000,Chittoor | Gandhi Road
Telangana,Vikarabad,Vikarabad,Independent House,3,4,1299,Unfurnished,East,0,5050000,Vikarabad | Vikarabad Town
Andhra Pradesh,Prakasam,Ongole,Apartment,3,3,1582,Unfurnished,South,5,3425000,Prakasam | Tanguturu
Telangana,Kamareddy,Kamareddy,Apartment,3,3,926,Unfurnished,North-East,0,3125000,Kamareddy | Kamareddy Town
Telangana,Rangareddy,Hyderabad,Apartment,2,2,1088,Unfurnished,South,2,6875000,Rangareddy | Maheshwaram
Andhra Pradesh,East Godavari,Rajahmundry,Independent House,3,3,1823,Semi-Furnished,North,6,9625000,East Godavari | Morampudi
Telangana,Hyderabad,Hyderabad,Apartment,3,2,1637,Semi-Furnished,East,1,21625000,Hyderabad | Banjara Hills
Telangana,Jagtial,Jagtial,Independent House,4,4,2093,Unfurnished,West,11,4150000,Jagtial | Korutla
Telangana,Rangareddy,Hyderabad,Apartment,2,3,1096,Semi-Furnished,North,7,8575000,Rangareddy | Hayathnagar
Andhra Pradesh,Chittoor,Chittoor,Apartment,2,2,1147,Semi-Furnished,West,1,2500000,Chittoor | Thavanampalle
Telangana,Hyderabad,Hyderabad,Residential Plot,0,0,1197,Not Applicable,North-East,0,13875000,Hyderabad | Banjara Hills
Telangana,Siddipet,Siddipet,Independent House,2,1,893,Furnished,North,6,3675000,Siddipet | Gajwel
Telangana,Warangal,Warangal,Apartment,3,3,1970,Semi-Furnished,North,8,6725000,Warangal | Narsampet
Andhra Pradesh,Kurnool,Kurnool,Apartment,3,3,1758,Furnished,South,14,5575000,Kurnool | Balaji Nagar
Andhra Pradesh,Tirupati,Tirupati,Apartment,3,4,1295,Unfurnished,South-East,0,8375000,Tirupati | Air Bypass Road
Telangana,Karimnagar,Karimnagar,Apartment,3,3,1377,Unfurnished,North-East,1,5425000,Karimnagar | Chaitanyapuri
Andhra Pradesh,Tirupati,Tirupati,Apartment,3,2,1570,Unfurnished,South-East,0,8900000,Tirupati | Korlagunta
Andhra Pradesh,Visakhapatnam,Visakhapatnam,Independent House,4,5,2115,Semi-Furnished,West,6,19850000,Visakhapatnam | Siripuram
Telangana,Medchal Malkajgiri,Hyderabad,Residential Plot,0,0,1800,Not Applicable,West,0,8475000,Medchal Malkajgiri | Boduppal
Telangana,Hyderabad,Hyderabad,Independent Builder Floor,3,3,1305,Furnished,North-East,2,11500000,Hyderabad | Nampally
Telangana,Nirmal,Nirmal,Apartment,1,1,470,Unfurnished,South,3,650000,Nirmal | Laxmanchanda
Andhra Pradesh,Sri Sathya Sai,Puttaparthi,Apartment,2,2,1179,Unfurnished,South,0,4150000,Sri Sathya Sai | Puttaparthi Town
Telangana,Medchal Malkajgiri,Hyderabad,Independent House,4,4,1908,Unfurnished,North-East,2,18500000,Medchal Malkajgiri | Kukatpally
Telangana,Kumuram Bheem Asifabad,Asifabad,Independent House,4,4,1985,Unfurnished,West,1,2750000,Kumuram Bheem Asifabad | Tiryani
Telangana,Nirmal,Nirmal,Independent House,5,5,2332,Furnished,South,0,5625000,Nirmal | Bhainsa
Telangana,Suryapet,Suryapet,Independent House,4,4,1906,Unfurnished,North-East,11,8900000,Suryapet | Suryapet Town
Andhra Pradesh,Kakinada,Kakinada,Residential Plot,0,0,1800,Not Applicable,South,0,5100000,Kakinada | Ramanayapeta
Andhra Pradesh,Vizianagaram,Vizianagaram,Independent House,5,5,2573,Furnished,West,1,8775000,Vizianagaram | Bhogapuram
Andhra Pradesh,NTR,Vijayawada,Residential Plot,0,0,2700,Not Applicable,North,0,11750000,NTR | Labbipet
Telangana,Hyderabad,Hyderabad,Independent House,4,5,2166,Semi-Furnished,West,14,15725000,Hyderabad | Shaikpet
Telangana,Kamareddy,Kamareddy,Independent House,3,3,1695,Semi-Furnished,West,2,2750000,Kamareddy | Yellareddy
Andhra Pradesh,Visakhapatnam,Visakhapatnam,Apartment,2,2,1028,Unfurnished,North-East,0,8700000,Visakhapatnam | Lawsons Bay Colony
Telangana,Siddipet,Siddipet,Residential Plot,0,0,1620,Not Applicable,South,0,3575000,Siddipet | Siddipet Town
Telangana,Medchal Malkajgiri,Hyderabad,Apartment,3,3,1786,Unfurnished,North,0,11550000,Medchal Malkajgiri | Bachupally
Andhra Pradesh,West Godavari,Bhimavaram,Residential Plot,0,0,1350,Not Applicable,East,0,2350000,West Godavari | Tadepalligudem
Andhra Pradesh,Guntur,Guntur,Apartment,3,4,1385,Unfurnished,North,13,4825000,Guntur | Pattabhipuram
Telangana,Medchal Malkajgiri,Hyderabad,Apartment,3,2,1495,Unfurnished,South,5,10350000,Medchal Malkajgiri | Kompally
Telangana,Yadadri Bhuvanagiri,Bhongir,Residential Plot,0,0,1350,Not Applicable,North,0,1275000,Yadadri Bhuvanagiri | Rajapet
Telangana,Kamareddy,Kamareddy,Independent Builder Floor,2,1,1147,Unfurnished,West,1,4100000,Kamareddy | Kamareddy Town
Andhra Pradesh,Eluru,Eluru,Independent House,4,5,2017,Semi-Furnished,West,7,7725000,Eluru | Eluru Town
Telangana,Yadadri Bhuvanagiri,Bhongir,Apartment,2,3,1143,Furnished,South,8,4800000,Yadadri Bhuvanagiri | Bhongir Town
Telangana,Hanumakonda,Hanamkonda,Apartment,3,3,1743,Unfurnished,West,3,5475000,Hanumakonda | Elkathurthy
Andhra Pradesh,Krishna,Machilipatnam,Residential Plot,0,0,1503,Not Applicable,West,0,1825000,Krishna | Nandivada
Telangana,Rangareddy,Hyderabad,Independent House,2,2,1449,Unfurnished,West,0,8800000,Rangareddy | Shamshabad
Telangana,Hyderabad,Hyderabad,Independent Builder Floor,2,2,927,Semi-Furnished,South-East,2,14850000,Hyderabad | Banjara Hills
Andhra Pradesh,NTR,Vijayawada,Independent House,3,4,1992,Unfurnished,South,3,16150000,NTR | MG Road
Andhra Pradesh,Prakasam,Ongole,Apartment,2,2,1061,Semi-Furnished,North-East,2,4125000,Prakasam | Ongole Town
Telangana,Adilabad,Adilabad,Apartment,2,2,1283,Unfurnished,North-East,1,2475000,Adilabad | Indervelly
Andhra Pradesh,Krishna,Machilipatnam,Residential Plot,0,0,1800,Not Applicable,West,0,3275000,Krishna | Vuyyuru
Telangana,Jagtial,Jagtial,Apartment,2,2,1056,Unfurnished,East,0,3400000,Jagtial | Jagtial Town
Telangana,Mahabubnagar,Mahabubnagar,Independent House,3,2,1707,Semi-Furnished,South-East,2,4000000,Mahabubnagar | Bhoothpur
Andhra Pradesh,NTR,Vijayawada,Apartment,4,4,2262,Unfurnished,South-East,25,8550000,NTR | Ajit Singh Nagar
Telangana,Peddapalli,Peddapalli,Residential Plot,0,0,1350,Not Applicable,South,0,1000000,Peddapalli | Sultanabad
Andhra Pradesh,Tirupati,Tirupati,Apartment,3,2,1468,Semi-Furnished,North,3,9275000,Tirupati | Bairagipatteda
Telangana,Karimnagar,Karimnagar,Independent House,3,4,1671,Unfurnished,West,4,5325000,Karimnagar | Manakondur
Telangana,Khammam,Khammam,Apartment,3,2,1413,Semi-Furnished,North,1,6200000,Khammam | Mamillagudem
Telangana,Nizamabad,Nizamabad,Residential Plot,0,0,1197,Not Applicable,North,0,2075000,Nizamabad | Vinayak Nagar
Andhra Pradesh,East Godavari,Rajahmundry,Residential Plot,0,0,1350,Not Applicable,North-East,0,2225000,East Godavari | Rajanagaram
Telangana,Mahabubnagar,Mahabubnagar,Independent House,2,1,996,Unfurnished,North,16,2825000,Mahabubnagar | Jadcherla
Andhra Pradesh,Alluri Sitharama Raju,Paderu,Independent House,6,6,3336,Unfurnished,North,1,5650000,Alluri Sitharama Raju | Koyyuru
Andhra Pradesh,Annamayya,Madanapalle,Residential Plot,0,0,1800,Not Applicable,East,0,1500000,Annamayya | Thamballapalle
Telangana,Medchal Malkajgiri,Hyderabad,Villa,4,3,2394,Unfurnished,North,3,17550000,Medchal Malkajgiri | Shamirpet
Andhra Pradesh,Chittoor,Chittoor,Independent House,2,2,1380,Unfurnished,East,0,3050000,Chittoor | Thavanampalle
Andhra Pradesh,Kakinada,Kakinada,Apartment,2,1,1084,Semi-Furnished,North-East,25,5550000,Kakinada | Ramanayapeta
Andhra Pradesh,Srikakulam,Srikakulam,Independent Builder Floor,2,2,855,Unfurnished,North-East,1,3550000,Srikakulam | Srikakulam Town
Andhra Pradesh,Annamayya,Madanapalle,Independent House,4,5,2299,Semi-Furnished,South,0,4525000,Annamayya | Kodur
Andhra Pradesh,Guntur,Amaravati,Independent Builder Floor,3,2,1594,Semi-Furnished,North,0,7650000,Guntur | Tadikonda
Andhra Pradesh,Annamayya,Madanapalle,Independent House,3,4,1257,Semi-Furnished,South,2,2625000,Annamayya | Thamballapalle
Andhra Pradesh,Guntur,Guntur,Apartment,2,2,996,Unfurnished,North-East,2,6225000,Guntur | Arundelpet
Andhra Pradesh,Tirupati,Tirupati,Independent Builder Floor,3,3,1146,Unfurnished,South,1,5950000,Tirupati | Tummalagunta
Andhra Pradesh,Guntur,Guntur,Independent House,4,4,2004,Furnished,South,1,10475000,Guntur | Nallapadu
Andhra Pradesh,Visakhapatnam,Visakhapatnam,Independent House,2,2,1763,Unfurnished,North,11,13725000,Visakhapatnam | Yendada
Telangana,Nalgonda,Nalgonda,Apartment,3,4,1430,Unfurnished,North-East,0,6400000,Nalgonda | Nalgonda Town
Andhra Pradesh,Sri Sathya Sai,Puttaparthi,Independent Builder Floor,2,2,966,Unfurnished,South,0,2625000,Sri Sathya Sai | Hindupur
Andhra Pradesh,Annamayya,Madanapalle,Independent Builder Floor,3,3,1663,Unfurnished,East,0,2700000,Annamayya | Nandalur
Telangana,Siddipet,Siddipet,Independent Builder Floor,2,3,783,Semi-Furnished,South-East,7,2900000,Siddipet | Gajwel
Telangana,Mancherial,Mancherial,Apartment,3,3,1451,Furnished,North,3,4350000,Mancherial | Mandamarri
Telangana,Mahabubnagar,Mahabubnagar,Residential Plot,0,0,1350,Not Applicable,East,0,3175000,Mahabubnagar | Mahabubnagar Town
Telangana,Nagarkurnool,Nagarkurnool,Independent House,5,4,2579,Furnished,East,12,7900000,Nagarkurnool | Nagarkurnool Town
Andhra Pradesh,Anantapur,Anantapur,Apartment,3,3,1595,Furnished,North,0,7075000,Anantapur | Rudrampeta
Andhra Pradesh,Visakhapatnam,Visakhapatnam,Apartment,3,2,1668,Semi-Furnished,North,2,11125000,Visakhapatnam | Marripalem
Telangana,Mulugu,Mulugu,Residential Plot,0,0,2700,Not Applicable,South,0,1750000,Mulugu | Venkatapur
Telangana,Nizamabad,Nizamabad,Independent House,3,3,1555,Unfurnished,West,3,4725000,Nizamabad | Bodhan
Telangana,Rangareddy,Hyderabad,Apartment,2,2,1078,Unfurnished,North,0,7925000,Rangareddy | LB Nagar
Telangana,Nizamabad,Nizamabad,Villa,4,4,2987,Furnished,East,0,10825000,Nizamabad | Yedapally
Telangana,Hyderabad,Hyderabad,Independent House,4,4,2388,Furnished,East,1,27625000,Hyderabad | Ameerpet
Telangana,Rangareddy,Hyderabad,Apartment,3,2,1573,Unfurnished,North,1,26025000,Rangareddy | Gachibowli
Telangana,Wanaparthy,Wanaparthy,Independent House,3,3,1750,Furnished,North,11,2825000,Wanaparthy | Amarchinta
Telangana,Hanumakonda,Hanamkonda,Apartment,3,3,1458,Unfurnished,North-East,0,7375000,Hanumakonda | Naimnagar
Andhra Pradesh,Prakasam,Ongole,Apartment,4,5,3105,Unfurnished,West,0,12000000,Prakasam | Ongole Trunk Road
Andhra Pradesh,Chittoor,Chittoor,Residential Plot,0,0,1998,Not Applicable,North-East,0,1700000,Chittoor | Thavanampalle
Telangana,Hyderabad,Hyderabad,Villa,5,5,3542,Semi-Furnished,East,0,48175000,Hyderabad | Habsiguda
Andhra Pradesh,Anantapur,Anantapur,Residential Plot,0,0,2160,Not Applicable,North,0,1500000,Anantapur | Singanamala
Telangana,Nizamabad,Nizamabad,Independent House,4,4,2461,Semi-Furnished,North-East,2,10600000,Nizamabad | Khaleelwadi
Telangana,Medak,Medak,Independent House,4,4,2011,Unfurnished,West,0,3525000,Medak | Papannapet
Telangana,Hyderabad,Hyderabad,Independent House,6,6,2905,Unfurnished,West,8,37125000,Hyderabad | Jubilee Hills
Andhra Pradesh,Visakhapatnam,Visakhapatnam,Apartment,3,2,1581,Unfurnished,East,3,13825000,Visakhapatnam | Sagar Nagar
Andhra Pradesh,Visakhapatnam,Visakhapatnam,Residential Plot,0,0,2160,Not Applicable,South,0,4500000,Visakhapatnam | Bheemili
Telangana,Medchal Malkajgiri,Hyderabad,Independent House,3,3,1869,Semi-Furnished,North,17,12675000,Medchal Malkajgiri | Kukatpally
Andhra Pradesh,Polavaram,Rampachodavaram,Independent House,3,3,1882,Semi-Furnished,East,8,2700000,Polavaram | Kunavaram
Telangana,Khammam,Khammam,Apartment,2,2,1005,Furnished,East,10,2675000,Khammam | Thirumalayapalem
Telangana,Narayanpet,Narayanpet,Apartment,1,1,550,Unfurnished,East,0,1625000,Narayanpet | Narayanpet Town
Telangana,Nizamabad,Nizamabad,Apartment,3,3,1690,Unfurnished,North-East,1,3900000,Nizamabad | Balkonda
Andhra Pradesh,Sri Potti Sriramulu Nellore,Nellore,Villa,3,4,2173,Unfurnished,South,5,14250000,Sri Potti Sriramulu Nellore | Vedayapalem
Telangana,Karimnagar,Karimnagar,Independent House,3,3,1545,Unfurnished,West,6,6150000,Karimnagar | Chaitanyapuri
Telangana,Sangareddy,Hyderabad,Independent House,3,3,1801,Semi-Furnished,West,10,12450000,Sangareddy | Beeramguda
Andhra Pradesh,Sri Potti Sriramulu Nellore,Nellore,Residential Plot,0,0,1350,Not Applicable,East,0,1375000,Sri Potti Sriramulu Nellore | Atmakur
Andhra Pradesh,Palnadu,Narasaraopet,Apartment,2,1,1001,Semi-Furnished,East,11,3375000,Palnadu | Sattenapalle
Andhra Pradesh,Eluru,Eluru,Apartment,2,2,1063,Furnished,South,1,2225000,Eluru | Pedapadu
Andhra Pradesh,Chittoor,Chittoor,Residential Plot,0,0,1350,Not Applicable,West,0,2375000,Chittoor | Chittoor Town
Andhra Pradesh,Vizianagaram,Vizianagaram,Residential Plot,0,0,4500,Not Applicable,East,0,11325000,Vizianagaram | Vizianagaram Town
Telangana,Mahabubnagar,Mahabubnagar,Apartment,1,1,545,Semi-Furnished,South,2,1025000,Mahabubnagar | Devarakadra
Telangana,Rangareddy,Hyderabad,Villa,3,3,2116,Furnished,East,1,44350000,Rangareddy | Kokapet
Telangana,Mulugu,Mulugu,Residential Plot,0,0,2160,Not Applicable,North-East,0,1200000,Mulugu | Tadvai
Andhra Pradesh,Guntur,Amaravati,Independent House,2,1,1404,Furnished,South-East,1,8650000,Guntur | Tadepalle
Telangana,Narayanpet,Narayanpet,Independent House,4,4,2021,Unfurnished,North,12,2550000,Narayanpet | Kosgi
Telangana,Narayanpet,Narayanpet,Residential Plot,0,0,1998,Not Applicable,East,0,1100000,Narayanpet | Damaragidda
Telangana,Nizamabad,Nizamabad,Independent House,5,5,2464,Furnished,East,6,5925000,Nizamabad | Dichpally
Andhra Pradesh,Prakasam,Ongole,Apartment,3,3,1541,Semi-Furnished,North-East,22,3225000,Prakasam | Podili
Andhra Pradesh,Anantapur,Anantapur,Apartment,2,1,891,Unfurnished,North,0,2050000,Anantapur | Uravakonda
Telangana,Rangareddy,Hyderabad,Apartment,3,3,1455,Unfurnished,West,0,11525000,Rangareddy | Attapur
Telangana,Rangareddy,Hyderabad,Residential Plot,0,0,2160,Not Applicable,South,0,4850000,Rangareddy | Kandukur
Andhra Pradesh,Anantapur,Anantapur,Independent House,2,2,1066,Semi-Furnished,North-East,17,3350000,Anantapur | Tapovanam
Andhra Pradesh,Sri Potti Sriramulu Nellore,Nellore,Apartment,2,1,972,Unfurnished,North,0,2875000,Sri Potti Sriramulu Nellore | Allur
Andhra Pradesh,Sri Potti Sriramulu Nellore,Nellore,Independent House,3,3,1926,Furnished,North,1,14575000,Sri Potti Sriramulu Nellore | Stonehousepeta
Telangana,Peddapalli,Peddapalli,Villa,3,2,2050,Semi-Furnished,West,13,7325000,Peddapalli | Ramagundam
Andhra Pradesh,Alluri Sitharama Raju,Paderu,Independent Builder Floor,3,3,1241,Furnished,South,2,2100000,Alluri Sitharama Raju | Chintapalle
Telangana,Sangareddy,Hyderabad,Apartment,2,2,1019,Unfurnished,North,0,5650000,Sangareddy | Bollaram
Andhra Pradesh,East Godavari,Rajahmundry,Residential Plot,0,0,2700,Not Applicable,East,0,3975000,East Godavari | Rajanagaram
Andhra Pradesh,NTR,Vijayawada,Apartment,3,4,1248,Semi-Furnished,South,6,9650000,NTR | Benz Circle
Andhra Pradesh,Sri Potti Sriramulu Nellore,Nellore,Residential Plot,0,0,1800,Not Applicable,West,0,5325000,Sri Potti Sriramulu Nellore | Magunta Layout
Andhra Pradesh,Guntur,Guntur,Independent House,2,2,1291,Unfurnished,East,4,7625000,Guntur | Lakshmipuram
Telangana,Nizamabad,Nizamabad,Independent House,3,2,1533,Furnished,North,0,4575000,Nizamabad | Bodhan
Andhra Pradesh,Sri Potti Sriramulu Nellore,Nellore,Apartment,2,2,1000,Unfurnished,East,0,2975000,Sri Potti Sriramulu Nellore | Atmakur
Andhra Pradesh,Sri Sathya Sai,Puttaparthi,Residential Plot,0,0,1620,Not Applicable,West,0,900000,Sri Sathya Sai | Roddam
Telangana,Medak,Medak,Villa,4,3,3094,Furnished,North,11,10350000,Medak | Narsapur
Andhra Pradesh,Palnadu,Narasaraopet,Independent House,5,5,2632,Unfurnished,North,7,8025000,Palnadu | Chilakaluripet
Andhra Pradesh,Anantapur,Anantapur,Residential Plot,0,0,900,Not Applicable,North,0,1625000,Anantapur | Rudrampeta
Andhra Pradesh,Tirupati,Tirupati,Independent House,3,3,1847,Unfurnished,South-East,0,11950000,Tirupati | K.T. Road
Andhra Pradesh,Sri Sathya Sai,Puttaparthi,Independent House,4,4,2358,Furnished,East,15,4000000,Sri Sathya Sai | Roddam
Telangana,Mahabubabad,Mahabubabad,Apartment,2,1,1022,Unfurnished,North,6,3400000,Mahabubabad | Mahabubabad Town
Andhra Pradesh,Tirupati,Tirupati,Independent House,4,4,1851,Furnished,East,1,11175000,Tirupati | Korlagunta
Telangana,Nalgonda,Nalgonda,Villa,4,4,2649,Unfurnished,East,0,13475000,Nalgonda | Nalgonda Town
Andhra Pradesh,Vizianagaram,Vizianagaram,Apartment,3,3,1709,Unfurnished,West,8,4075000,Vizianagaram | Pusapatirega
Andhra Pradesh,Guntur,Amaravati,Apartment,2,3,1134,Unfurnished,North,0,4775000,Guntur | Tadikonda
Telangana,Bhadradri Kothagudem,Kothagudem,Independent House,4,4,1984,Unfurnished,East,1,6725000,Bhadradri Kothagudem | Palvancha
Andhra Pradesh,Anantapur,Anantapur,Independent House,3,2,1558,Unfurnished,South,14,3325000,Anantapur | Tadipatri
Telangana,Karimnagar,Karimnagar,Independent House,3,3,1940,Unfurnished,South-East,13,6100000,Karimnagar | Kothapally
Telangana,Mulugu,Mulugu,Residential Plot,0,0,1800,Not Applicable,East,0,875000,Mulugu | Govindaraopet
Telangana,Rangareddy,Hyderabad,Independent House,3,2,1896,Semi-Furnished,South,8,18825000,Rangareddy | Narsingi
Andhra Pradesh,Sri Potti Sriramulu Nellore,Nellore,Apartment,2,2,1091,Semi-Furnished,North,6,5675000,Sri Potti Sriramulu Nellore | Dargamitta
Telangana,Adilabad,Adilabad,Residential Plot,0,0,1197,Not Applicable,East,0,825000,Adilabad | Bhoraj
Andhra Pradesh,Annamayya,Madanapalle,Residential Plot,0,0,2997,Not Applicable,East,0,5675000,Annamayya | Madanapalle Town
Andhra Pradesh,NTR,Vijayawada,Apartment,1,1,529,Unfurnished,West,0,3500000,NTR | Governorpet
Telangana,Sangareddy,Hyderabad,Independent House,3,3,1611,Unfurnished,East,2,13675000,Sangareddy | Tellapur
Andhra Pradesh,NTR,Vijayawada,Independent House,3,3,1433,Semi-Furnished,North-East,11,9775000,NTR | Vidyadharapuram
Telangana,Hyderabad,Hyderabad,Apartment,4,4,2083,Unfurnished,South,0,15225000,Hyderabad | Sanathnagar
Andhra Pradesh,Eluru,Eluru,Apartment,3,2,1627,Unfurnished,North-East,0,4900000,Eluru | Pedavegi
Telangana,Medchal Malkajgiri,Hyderabad,Residential Plot,0,0,900,Not Applicable,North,0,3550000,Medchal Malkajgiri | Kapra
Telangana,Hyderabad,Hyderabad,Apartment,4,5,1940,Unfurnished,North,0,25050000,Hyderabad | Begumpet
Telangana,Adilabad,Adilabad,Independent House,3,2,1549,Semi-Furnished,North,1,2525000,Adilabad | Bhoraj
Telangana,Adilabad,Adilabad,Independent House,4,4,2211,Semi-Furnished,West,1,9475000,Adilabad | Adilabad Town
Andhra Pradesh,Guntur,Amaravati,Apartment,3,4,1446,Unfurnished,North,0,5875000,Guntur | Vaddeswaram
Andhra Pradesh,Kakinada,Kakinada,Apartment,3,2,1685,Unfurnished,North-East,1,7125000,Kakinada | Samalkot
Andhra Pradesh,Visakhapatnam,Visakhapatnam,Independent House,3,4,1774,Unfurnished,North,4,7525000,Visakhapatnam | Gajuwaka
Telangana,Medchal Malkajgiri,Hyderabad,Independent House,2,2,1130,Semi-Furnished,East,4,7725000,Medchal Malkajgiri | Kompally
Andhra Pradesh,Chittoor,Chittoor,Independent House,6,6,2959,Semi-Furnished,East,0,9325000,Chittoor | Kuppam
Andhra Pradesh,Eluru,Eluru,Villa,4,5,2686,Furnished,North-East,2,8475000,Eluru | Pedavegi
Telangana,Peddapalli,Peddapalli,Apartment,3,3,1699,Unfurnished,North,3,6900000,Peddapalli | Ramagundam
Andhra Pradesh,Sri Potti Sriramulu Nellore,Nellore,Independent House,4,3,2270,Unfurnished,North-East,10,5675000,Sri Potti Sriramulu Nellore | Allur
Andhra Pradesh,NTR,Vijayawada,Villa,5,5,3377,Furnished,East,0,24775000,NTR | Sri Ramachandra Nagar
Telangana,Rajanna Sircilla,Sircilla,Residential Plot,0,0,1197,Not Applicable,East,0,2225000,Rajanna Sircilla | Sircilla Town
Andhra Pradesh,Markapuram,Markapuram,Residential Plot,0,0,1197,Not Applicable,West,0,1750000,Markapuram | Markapuram Town
Telangana,Vikarabad,Vikarabad,Residential Plot,0,0,1620,Not Applicable,South-East,0,1100000,Vikarabad | Dharur
Andhra Pradesh,NTR,Vijayawada,Apartment,2,2,1400,Unfurnished,East,30,6875000,NTR | Currency Nagar
Telangana,Wanaparthy,Wanaparthy,Independent House,6,6,3417,Unfurnished,North-East,4,5000000,Wanaparthy | Pebbair
Andhra Pradesh,Vizianagaram,Vizianagaram,Independent House,5,5,2718,Semi-Furnished,North,7,10050000,Vizianagaram | Bobbili
Andhra Pradesh,Parvathipuram Manyam,Parvathipuram,Apartment,2,3,990,Unfurnished,East,1,3075000,Parvathipuram Manyam | Parvathipuram Town
Andhra Pradesh,Alluri Sitharama Raju,Paderu,Independent House,4,5,2343,Unfurnished,West,5,7075000,Alluri Sitharama Raju | Araku Valley
Andhra Pradesh,Krishna,Machilipatnam,Independent Builder Floor,2,1,1127,Unfurnished,South,0,3350000,Krishna | Avanigadda
Telangana,Jayashankar Bhupalpally,Bhupalpally,Apartment,2,2,1046,Unfurnished,East,5,3225000,Jayashankar Bhupalpally | Bhupalpally Town
Andhra Pradesh,Kakinada,Kakinada,Apartment,2,2,1041,Unfurnished,East,0,5700000,Kakinada | Jagannaickpur
Telangana,Rangareddy,Hyderabad,Independent Builder Floor,2,2,958,Semi-Furnished,East,1,8475000,Rangareddy | LB Nagar
Andhra Pradesh,Alluri Sitharama Raju,Paderu,Independent House,4,4,2309,Unfurnished,South-East,0,3200000,Alluri Sitharama Raju | Pedabayalu
Telangana,Jogulamba Gadwal,Gadwal,Independent House,4,3,2238,Semi-Furnished,East,1,7800000,Jogulamba Gadwal | Gadwal Town
Telangana,Narayanpet,Narayanpet,Independent House,3,3,1551,Semi-Furnished,North-East,7,2150000,Narayanpet | Damaragidda
Telangana,Sangareddy,Sangareddy,Independent House,3,3,1887,Unfurnished,East,2,6900000,Sangareddy | Sadasivpet
Andhra Pradesh,Guntur,Guntur,Residential Plot,0,0,3600,Not Applicable,North,0,7350000,Guntur | Nallapadu
Andhra Pradesh,Vizianagaram,Vizianagaram,Independent House,2,2,1145,Unfurnished,South,0,4775000,Vizianagaram | Ayyannapeta
Telangana,Jangaon,Jangaon,Apartment,3,4,1557,Unfurnished,East,0,2375000,Jangaon | Bachannapet
Andhra Pradesh,Chittoor,Chittoor,Apartment,2,1,917,Unfurnished,South,1,2675000,Chittoor | Chittoor Town
Telangana,Hyderabad,Hyderabad,Apartment,3,2,1365,Unfurnished,South,0,9425000,Hyderabad | Tolichowki
Telangana,Nalgonda,Nalgonda,Residential Plot,0,0,2700,Not Applicable,North,0,5275000,Nalgonda | Nalgonda Town
Andhra Pradesh,Srikakulam,Srikakulam,Independent House,4,3,1858,Furnished,South-East,30,3750000,Srikakulam | Narasannapeta
Andhra Pradesh,Kakinada,Kakinada,Apartment,2,2,949,Semi-Furnished,East,1,4650000,Kakinada | Kovvada
Telangana,Rangareddy,Hyderabad,Villa,3,3,2109,Semi-Furnished,East,4,35300000,Rangareddy | Nanakramguda
Telangana,Hyderabad,Hyderabad,Apartment,3,2,1246,Unfurnished,East,1,12375000,Hyderabad | Shaikpet
Andhra Pradesh,Sri Potti Sriramulu Nellore,Nellore,Residential Plot,0,0,1998,Not Applicable,North-East,0,2250000,Sri Potti Sriramulu Nellore | Allur
Telangana,Hyderabad,Hyderabad,Apartment,2,1,1003,Unfurnished,West,0,8175000,Hyderabad | Shaikpet
Telangana,Yadadri Bhuvanagiri,Bhongir,Residential Plot,0,0,1998,Not Applicable,East,0,1650000,Yadadri Bhuvanagiri | Alair
Telangana,Karimnagar,Karimnagar,Independent House,5,5,2819,Unfurnished,West,30,8175000,Karimnagar | Vavilalapally
Telangana,Hyderabad,Hyderabad,Apartment,2,2,1346,Unfurnished,North,0,14425000,Hyderabad | Himayatnagar
Andhra Pradesh,East Godavari,Rajahmundry,Apartment,4,5,2312,Unfurnished,South-East,0,7875000,East Godavari | Kovvur
Andhra Pradesh,YSR Kadapa,Kadapa,Independent Builder Floor,2,2,864,Unfurnished,West,0,1650000,YSR Kadapa | Yerraguntla
Andhra Pradesh,Bapatla,Bapatla,Independent House,2,2,1565,Unfurnished,East,1,3050000,Bapatla | Martur
Andhra Pradesh,Sri Potti Sriramulu Nellore,Nellore,Independent Builder Floor,2,2,1128,Semi-Furnished,North,0,5875000,Sri Potti Sriramulu Nellore | Dargamitta
Telangana,Medchal Malkajgiri,Hyderabad,Apartment,3,3,1264,Unfurnished,East,3,7050000,Medchal Malkajgiri | Ghatkesar
Andhra Pradesh,Kakinada,Kakinada,Apartment,2,1,1268,Unfurnished,East,0,6750000,Kakinada | Gandhi Nagar
Andhra Pradesh,Sri Potti Sriramulu Nellore,Nellore,Independent Builder Floor,3,4,1655,Unfurnished,North-East,1,9725000,Sri Potti Sriramulu Nellore | Stonehousepeta
Telangana,Kumuram Bheem Asifabad,Asifabad,Independent Builder Floor,3,3,1319,Unfurnished,North-East,1,4250000,Kumuram Bheem Asifabad | Asifabad Town
Andhra Pradesh,YSR Kadapa,Kadapa,Apartment,2,1,911,Unfurnished,North-East,6,2350000,YSR Kadapa | Badvel
Andhra Pradesh,Eluru,Eluru,Apartment,4,3,2013,Unfurnished,North-East,0,4050000,Eluru | Bhimadole
Andhra Pradesh,Bapatla,Bapatla,Residential Plot,0,0,1197,Not Applicable,North,0,1925000,Bapatla | Bapatla Town
Telangana,Rangareddy,Hyderabad,Apartment,4,3,2352,Semi-Furnished,North,1,21925000,Rangareddy | Attapur
Telangana,Hanumakonda,Hanamkonda,Residential Plot,0,0,900,Not Applicable,North,0,2250000,Hanumakonda | Kazipet
Telangana,Khammam,Khammam,Independent Builder Floor,2,2,982,Unfurnished,North-East,0,4900000,Khammam | Wyra Road
Andhra Pradesh,Polavaram,Rampachodavaram,Apartment,3,2,1567,Unfurnished,East,0,2250000,Polavaram | Yetapaka
Andhra Pradesh,YSR Kadapa,Kadapa,Independent House,3,3,1447,Unfurnished,North-East,1,5025000,YSR Kadapa | Marripadu
Andhra Pradesh,Tirupati,Tirupati,Residential Plot,0,0,1503,Not Applicable,South,0,1975000,Tirupati | Sullurpeta
Telangana,Siddipet,Siddipet,Residential Plot,0,0,1197,Not Applicable,North-East,0,2125000,Siddipet | Gajwel
Telangana,Nalgonda,Nalgonda,Independent House,5,5,2660,Unfurnished,North-East,8,9075000,Nalgonda | Nalgonda Town
Telangana,Medchal Malkajgiri,Hyderabad,Independent House,2,2,1269,Semi-Furnished,North-East,1,8575000,Medchal Malkajgiri | Dundigal
Andhra Pradesh,Krishna,Machilipatnam,Independent House,4,4,2134,Unfurnished,West,15,8150000,Krishna | Gudivada
Andhra Pradesh,Nandyal,Nandyal,Apartment,2,2,951,Furnished,South,5,1675000,Nandyal | Nandikotkur
Andhra Pradesh,Prakasam,Ongole,Apartment,3,3,1630,Unfurnished,North-East,1,3550000,Prakasam | Podili
Telangana,Hanumakonda,Hanamkonda,Residential Plot,0,0,900,Not Applicable,East,0,1925000,Hanumakonda | Kazipet
Andhra Pradesh,NTR,Vijayawada,Residential Plot,0,0,4500,Not Applicable,West,0,14900000,NTR | Auto Nagar
Andhra Pradesh,NTR,Vijayawada,Independent House,4,4,1818,Semi-Furnished,North-East,10,9425000,NTR | Ramavarappadu
Andhra Pradesh,Anakapalli,Anakapalle,Apartment,3,4,1378,Unfurnished,West,0,2800000,Anakapalli | Payakaraopeta
Telangana,Hanumakonda,Hanamkonda,Apartment,4,3,2141,Semi-Furnished,East,1,7950000,Hanumakonda | Dharmasagar
Telangana,Peddapalli,Peddapalli,Residential Plot,0,0,2160,Not Applicable,East,0,3775000,Peddapalli | Ramagundam
Andhra Pradesh,Krishna,Vijayawada,Independent Builder Floor,3,3,1511,Unfurnished,South-East,0,6000000,Krishna | Tadigadapa
Andhra Pradesh,Annamayya,Madanapalle,Independent House,2,2,1011,Unfurnished,West,5,3600000,Annamayya | Madanapalle Town
Telangana,Warangal,Warangal,Residential Plot,0,0,1800,Not Applicable,East,0,2200000,Warangal | Narsampet
Telangana,Hyderabad,Hyderabad,Independent House,4,3,1998,Unfurnished,East,0,23725000,Hyderabad | Somajiguda
Andhra Pradesh,Krishna,Machilipatnam,Independent House,3,3,1767,Furnished,East,8,10050000,Krishna | Gudivada
Andhra Pradesh,Polavaram,Rampachodavaram,Residential Plot,0,0,2997,Not Applicable,West,0,1975000,Polavaram | Chintur
Andhra Pradesh,NTR,Vijayawada,Residential Plot,0,0,1800,Not Applicable,South-East,0,5975000,NTR | Patamata
Andhra Pradesh,Guntur,Guntur,Residential Plot,0,0,1620,Not Applicable,East,0,4150000,Guntur | Vidya Nagar
Andhra Pradesh,East Godavari,Rajahmundry,Apartment,3,3,1381,Unfurnished,North,0,4750000,East Godavari | Anaparthi
Andhra Pradesh,Srikakulam,Srikakulam,Villa,4,4,2852,Unfurnished,West,3,10275000,Srikakulam | Palasa
Andhra Pradesh,Prakasam,Ongole,Independent House,4,4,1830,Semi-Furnished,East,2,8475000,Prakasam | Ongole Trunk Road
Telangana,Hyderabad,Hyderabad,Villa,3,4,1903,Semi-Furnished,South,1,19250000,Hyderabad | Tolichowki
Andhra Pradesh,East Godavari,Rajahmundry,Residential Plot,0,0,1800,Not Applicable,East,0,3525000,East Godavari | Lalacheruvu
Telangana,Hyderabad,Hyderabad,Residential Plot,0,0,2700,Not Applicable,South,0,23900000,Hyderabad | Himayatnagar
Telangana,Hyderabad,Hyderabad,Independent Builder Floor,2,2,1150,Unfurnished,East,0,7300000,Hyderabad | Charminar
Andhra Pradesh,Guntur,Amaravati,Apartment,1,1,408,Unfurnished,West,0,2075000,Guntur | Mangalagiri
Andhra Pradesh,Markapuram,Markapuram,Apartment,3,4,1736,Unfurnished,South-East,3,4350000,Markapuram | Kanigiri
Andhra Pradesh,Chittoor,Chittoor,Apartment,3,3,1234,Semi-Furnished,North,1,3000000,Chittoor | Nagari
Andhra Pradesh,Visakhapatnam,Visakhapatnam,Residential Plot,0,0,1503,Not Applicable,East,0,3975000,Visakhapatnam | Pendurthi
Telangana,Medchal Malkajgiri,Hyderabad,Independent Builder Floor,3,3,1668,Unfurnished,East,1,11750000,Medchal Malkajgiri | Malkajgiri
Andhra Pradesh,Dr. B.R. Ambedkar Konaseema,Amalapuram,Residential Plot,0,0,1503,Not Applicable,North-East,0,1075000,Dr. B.R. Ambedkar Konaseema | Allavaram
Telangana,Khammam,Khammam,Apartment,2,1,1332,Unfurnished,North,0,4300000,Khammam | Sathupalli
Telangana,Suryapet,Suryapet,Independent House,2,2,1275,Unfurnished,East,8,2200000,Suryapet | Nereducherla
Telangana,Rangareddy,Hyderabad,Residential Plot,0,0,1998,Not Applicable,North,0,22375000,Rangareddy | Madhapur
Andhra Pradesh,Markapuram,Markapuram,Residential Plot,0,0,1620,Not Applicable,East,0,1700000,Markapuram | Giddalur
Andhra Pradesh,Anantapur,Anantapur,Independent House,4,4,1866,Unfurnished,North-East,6,8025000,Anantapur | Saptagiri Circle
Telangana,Nalgonda,Nalgonda,Independent House,3,2,1765,Furnished,South,4,3675000,Nalgonda | Chandur
Andhra Pradesh,Sri Sathya Sai,Puttaparthi,Apartment,2,3,1119,Semi-Furnished,South,14,2350000,Sri Sathya Sai | Roddam
Andhra Pradesh,East Godavari,Rajahmundry,Residential Plot,0,0,1800,Not Applicable,North-East,0,3875000,East Godavari | Lalacheruvu
Telangana,Nirmal,Nirmal,Apartment,2,1,1204,Unfurnished,East,1,2475000,Nirmal | Khanapur
Andhra Pradesh,Parvathipuram Manyam,Parvathipuram,Independent House,2,2,1143,Unfurnished,South,3,2850000,Parvathipuram Manyam | Parvathipuram Town
Telangana,Karimnagar,Karimnagar,Apartment,2,1,1320,Unfurnished,North,0,7650000,Karimnagar | Kashmirgadda
Andhra Pradesh,Parvathipuram Manyam,Parvathipuram,Independent House,3,2,1572,Unfurnished,South-East,1,2725000,Parvathipuram Manyam | Makkuva
Andhra Pradesh,NTR,Vijayawada,Apartment,3,3,1321,Unfurnished,South,0,6300000,NTR | Ajit Singh Nagar
Telangana,Hyderabad,Hyderabad,Villa,3,3,1506,Unfurnished,East,3,18400000,Hyderabad | Begumpet
Telangana,Vikarabad,Vikarabad,Residential Plot,0,0,1800,Not Applicable,East,0,1600000,Vikarabad | Nawabpet
Telangana,Mahabubnagar,Mahabubnagar,Independent House,4,5,2112,Unfurnished,North,20,9100000,Mahabubnagar | Mahabubnagar Town
Andhra Pradesh,Guntur,Guntur,Independent House,2,2,1276,Semi-Furnished,East,2,4225000,Guntur | Pedakakani
Telangana,Narayanpet,Narayanpet,Residential Plot,0,0,1503,Not Applicable,West,0,2050000,Narayanpet | Narayanpet Town
Andhra Pradesh,East Godavari,Rajahmundry,Residential Plot,0,0,1620,Not Applicable,North-East,0,3900000,East Godavari | Innespeta
Andhra Pradesh,Kurnool,Kurnool,Independent House,3,2,1670,Semi-Furnished,North,18,2875000,Kurnool | Kodumur
Andhra Pradesh,Kakinada,Kakinada,Apartment,3,3,1694,Semi-Furnished,North-East,9,6350000,Kakinada | Samalkot
Telangana,Rangareddy,Hyderabad,Apartment,3,3,1077,Semi-Furnished,South,1,9075000,Rangareddy | Narsingi
Telangana,Hyderabad,Hyderabad,Apartment,3,2,1504,Unfurnished,South-East,8,9925000,Hyderabad | Kachiguda
Andhra Pradesh,Anakapalli,Anakapalle,Independent Builder Floor,2,2,958,Unfurnished,North-East,1,2475000,Anakapalli | Chodavaram
Andhra Pradesh,Eluru,Eluru,Independent House,4,5,2009,Semi-Furnished,North,6,6350000,Eluru | Eluru Town
Andhra Pradesh,Kakinada,Kakinada,Independent House,2,3,1420,Unfurnished,West,1,7925000,Kakinada | Ramanayapeta
Andhra Pradesh,Sri Sathya Sai,Puttaparthi,Independent House,5,5,2581,Unfurnished,East,29,5750000,Sri Sathya Sai | Dharmavaram
Telangana,Medchal Malkajgiri,Hyderabad,Apartment,4,3,2216,Unfurnished,South,7,11825000,Medchal Malkajgiri | Shamirpet
Telangana,Vikarabad,Vikarabad,Independent House,4,5,2286,Unfurnished,North,2,4475000,Vikarabad | Dharur
Andhra Pradesh,Bapatla,Bapatla,Apartment,4,4,1985,Unfurnished,South-East,0,4375000,Bapatla | Addanki
Telangana,Medchal Malkajgiri,Hyderabad,Apartment,4,4,1999,Semi-Furnished,North,8,15475000,Medchal Malkajgiri | Bowrampet
Telangana,Rangareddy,Hyderabad,Apartment,2,2,958,Unfurnished,East,1,12250000,Rangareddy | Kondapur
Telangana,Rajanna Sircilla,Sircilla,Independent House,4,3,2176,Unfurnished,North,0,3475000,Rajanna Sircilla | Ellanthakunta
Telangana,Khammam,Khammam,Apartment,3,2,1158,Semi-Furnished,North-East,8,4400000,Khammam | Sathupalli
Andhra Pradesh,Kurnool,Kurnool,Residential Plot,0,0,1197,Not Applicable,North-East,0,1225000,Kurnool | Yemmiganur
Andhra Pradesh,West Godavari,Bhimavaram,Independent House,3,2,1718,Furnished,West,6,6100000,West Godavari | Bhimavaram Town
Andhra Pradesh,Anantapur,Anantapur,Residential Plot,0,0,900,Not Applicable,East,0,1925000,Anantapur | Kamala Nagar
Telangana,Medak,Medak,Apartment,2,2,1071,Unfurnished,South,0,2425000,Medak | Narsapur
Andhra Pradesh,East Godavari,Rajahmundry,Independent House,2,2,1089,Unfurnished,West,8,3075000,East Godavari | Nidadavole
Telangana,Nalgonda,Nalgonda,Residential Plot,0,0,1197,Not Applicable,West,0,1000000,Nalgonda | Chityal
Andhra Pradesh,Tirupati,Tirupati,Independent Builder Floor,2,2,811,Unfurnished,North-East,13,2225000,Tirupati | Naidupeta
Telangana,Rangareddy,Hyderabad,Independent House,4,5,2081,Semi-Furnished,North-East,1,24125000,Rangareddy | Nanakramguda
Telangana,Hanumakonda,Hanamkonda,Independent House,6,5,3103,Unfurnished,East,14,16275000,Hanumakonda | Subedari
Andhra Pradesh,Visakhapatnam,Visakhapatnam,Residential Plot,0,0,2997,Not Applicable,East,0,15275000,Visakhapatnam | MVP Colony
Andhra Pradesh,Anantapur,Anantapur,Independent House,2,2,1307,Unfurnished,East,0,3000000,Anantapur | Uravakonda
Andhra Pradesh,Sri Potti Sriramulu Nellore,Nellore,Residential Plot,0,0,2403,Not Applicable,South,0,2800000,Sri Potti Sriramulu Nellore | Venkatachalam
Telangana,Hyderabad,Hyderabad,Apartment,3,3,1429,Unfurnished,East,0,11425000,Hyderabad | Secunderabad
Telangana,Hyderabad,Hyderabad,Apartment,4,4,2388,Unfurnished,South-East,0,23475000,Hyderabad | Begumpet
Andhra Pradesh,Polavaram,Rampachodavaram,Apartment,2,2,1263,Semi-Furnished,West,1,3350000,Polavaram | Rampachodavaram
Telangana,Kamareddy,Kamareddy,Residential Plot,0,0,3600,Not Applicable,West,0,2600000,Kamareddy | Yellareddy
Telangana,Mahabubnagar,Mahabubnagar,Residential Plot,0,0,3600,Not Applicable,South,0,3075000,Mahabubnagar | Devarakadra
Telangana,Sangareddy,Hyderabad,Independent House,3,3,1695,Semi-Furnished,East,4,17725000,Sangareddy | Tellapur
Telangana,Jangaon,Jangaon,Apartment,3,3,1324,Semi-Furnished,South,1,4250000,Jangaon | Jangaon Town
Telangana,Rangareddy,Hyderabad,Apartment,3,3,1491,Furnished,North-East,2,19700000,Rangareddy | Kondapur
Telangana,Khammam,Khammam,Apartment,2,2,1110,Unfurnished,East,1,5500000,Khammam | Mamillagudem
Telangana,Hyderabad,Hyderabad,Residential Plot,0,0,1350,Not Applicable,South,0,5850000,Hyderabad | Charminar
Andhra Pradesh,Anakapalli,Anakapalle,Independent House,4,4,2195,Semi-Furnished,East,2,6525000,Anakapalli | Payakaraopeta
Andhra Pradesh,Sri Potti Sriramulu Nellore,Nellore,Independent House,4,5,1951,Unfurnished,East,6,9650000,Sri Potti Sriramulu Nellore | Magunta Layout
Telangana,Mulugu,Mulugu,Independent House,3,3,1424,Unfurnished,North-East,0,2225000,Mulugu | Tadvai
Telangana,Khammam,Khammam,Apartment,4,4,2316,Unfurnished,East,0,7100000,Khammam | Madhira
Telangana,Jogulamba Gadwal,Gadwal,Residential Plot,0,0,1197,Not Applicable,East,0,625000,Jogulamba Gadwal | Dharur
Telangana,Nagarkurnool,Nagarkurnool,Apartment,2,3,954,Semi-Furnished,West,5,2525000,Nagarkurnool | Nagarkurnool Town
Telangana,Nagarkurnool,Nagarkurnool,Independent House,3,3,1545,Unfurnished,North,1,2375000,Nagarkurnool | Bijinapalle
Andhra Pradesh,Kurnool,Kurnool,Independent House,4,5,2025,Semi-Furnished,North-East,0,7925000,Kurnool | Budhwarpet
Telangana,Hyderabad,Hyderabad,Residential Plot,0,0,1503,Not Applicable,West,0,11425000,Hyderabad | Secunderabad
Telangana,Hyderabad,Hyderabad,Apartment,2,3,1010,Unfurnished,North,5,9600000,Hyderabad | Secunderabad
Andhra Pradesh,Kurnool,Kurnool,Apartment,2,1,1003,Unfurnished,North-East,0,2900000,Kurnool | Adoni
Andhra Pradesh,YSR Kadapa,Kadapa,Apartment,2,2,850,Unfurnished,South-East,5,3025000,YSR Kadapa | Ravindra Nagar
Telangana,Sangareddy,Sangareddy,Independent House,2,2,1221,Furnished,East,1,4450000,Sangareddy | Zaheerabad
Andhra Pradesh,Srikakulam,Srikakulam,Independent House,3,3,1497,Unfurnished,South-East,3,4525000,Srikakulam | Palasa
Andhra Pradesh,Krishna,Vijayawada,Independent Builder Floor,3,3,1382,Semi-Furnished,South,1,6775000,Krishna | Tadigadapa
Telangana,Hanumakonda,Hanamkonda,Villa,3,3,1833,Furnished,North,10,13550000,Hanumakonda | Subedari
Telangana,Siddipet,Siddipet,Independent House,2,1,845,Semi-Furnished,South,0,2450000,Siddipet | Dubbaka
Andhra Pradesh,Visakhapatnam,Visakhapatnam,Independent House,4,5,2223,Furnished,East,4,26450000,Visakhapatnam | Dwaraka Nagar
Telangana,Jagtial,Jagtial,Residential Plot,0,0,1350,Not Applicable,North,0,2525000,Jagtial | Jagtial Town
Andhra Pradesh,Anakapalli,Anakapalle,Apartment,3,3,1447,Semi-Furnished,South-East,1,5775000,Anakapalli | Anakapalle Town
Andhra Pradesh,Anantapur,Anantapur,Residential Plot,0,0,1197,Not Applicable,North,0,825000,Anantapur | Kalyandurg
Telangana,Siddipet,Siddipet,Villa,4,4,2760,Unfurnished,South,1,6925000,Siddipet | Doultabad
Andhra Pradesh,Anantapur,Anantapur,Residential Plot,0,0,1197,Not Applicable,South-East,0,2200000,Anantapur | Saptagiri Circle
Telangana,Hanumakonda,Hanamkonda,Apartment,2,2,1035,Unfurnished,North,4,3900000,Hanumakonda | Parkal
Andhra Pradesh,Visakhapatnam,Visakhapatnam,Independent House,3,2,1563,Unfurnished,West,5,14950000,Visakhapatnam | MVP Colony
Andhra Pradesh,Anantapur,Anantapur,Residential Plot,0,0,1620,Not Applicable,East,0,1225000,Anantapur | Uravakonda
Andhra Pradesh,Kurnool,Kurnool,Apartment,3,3,1668,Unfurnished,East,0,4600000,Kurnool | Kallur
Telangana,Rangareddy,Hyderabad,Independent House,2,2,1029,Unfurnished,South-East,16,6675000,Rangareddy | Rajendranagar
Andhra Pradesh,Polavaram,Rampachodavaram,Independent House,5,5,2741,Unfurnished,North,1,3825000,Polavaram | Addateegala
Andhra Pradesh,East Godavari,Rajahmundry,Independent House,4,4,1927,Unfurnished,East,3,8425000,East Godavari | Lalacheruvu
Telangana,Rajanna Sircilla,Sircilla,Residential Plot,0,0,2700,Not Applicable,South,0,1850000,Rajanna Sircilla | Ellanthakunta
Andhra Pradesh,Krishna,Machilipatnam,Apartment,2,2,1162,Unfurnished,South,0,5050000,Krishna | Gudivada
Andhra Pradesh,Guntur,Guntur,Independent House,2,3,1432,Furnished,South-East,4,6150000,Guntur | Nallapadu
Telangana,Bhadradri Kothagudem,Kothagudem,Independent House,2,1,1300,Semi-Furnished,South-East,1,4100000,Bhadradri Kothagudem | Kothagudem Town
Andhra Pradesh,Palnadu,Narasaraopet,Independent House,3,3,1384,Semi-Furnished,West,2,3350000,Palnadu | Macherla
Andhra Pradesh,Guntur,Guntur,Villa,4,4,2803,Furnished,East,30,19825000,Guntur | Arundelpet
Telangana,Peddapalli,Peddapalli,Independent House,4,5,2152,Unfurnished,East,0,7375000,Peddapalli | Godavarikhani
Andhra Pradesh,NTR,Vijayawada,Apartment,2,2,966,Semi-Furnished,North-East,1,4175000,NTR | Nandigama
Telangana,Vikarabad,Vikarabad,Villa,5,5,3410,Semi-Furnished,South,1,8950000,Vikarabad | Nawabpet
Telangana,Hyderabad,Hyderabad,Residential Plot,0,0,1620,Not Applicable,North,0,12200000,Hyderabad | Ameerpet
Telangana,Warangal,Warangal,Apartment,2,2,1096,Unfurnished,West,0,2450000,Warangal | Geesugonda
Andhra Pradesh,NTR,Vijayawada,Residential Plot,0,0,3600,Not Applicable,South-East,0,10850000,NTR | Gunadala
Andhra Pradesh,NTR,Vijayawada,Villa,3,3,2464,Unfurnished,East,18,23225000,NTR | Governorpet
Telangana,Rangareddy,Hyderabad,Apartment,3,3,1641,Semi-Furnished,North,3,11650000,Rangareddy | Nadargul
Andhra Pradesh,NTR,Vijayawada,Apartment,2,2,996,Unfurnished,South,0,7725000,NTR | Benz Circle
Andhra Pradesh,Krishna,Vijayawada,Apartment,3,3,1357,Unfurnished,North,1,5925000,Krishna | Poranki
Telangana,Nizamabad,Nizamabad,Independent House,2,1,1284,Semi-Furnished,South,4,3700000,Nizamabad | Dichpally
Telangana,Hyderabad,Hyderabad,Apartment,2,1,984,Unfurnished,East,0,9150000,Hyderabad | Yousufguda
Andhra Pradesh,Visakhapatnam,Visakhapatnam,Apartment,2,1,1000,Unfurnished,North-East,0,8800000,Visakhapatnam | Lawsons Bay Colony
Telangana,Sangareddy,Sangareddy,Independent Builder Floor,2,1,736,Unfurnished,North,0,2675000,Sangareddy | Zaheerabad
Telangana,Medak,Medak,Independent House,4,3,1965,Furnished,South,9,6900000,Medak | Medak Town
Andhra Pradesh,Palnadu,Narasaraopet,Residential Plot,0,0,1800,Not Applicable,North,0,1925000,Palnadu | Vinukonda
Telangana,Nalgonda,Nalgonda,Apartment,3,2,1151,Semi-Furnished,South,0,3925000,Nalgonda | Nalgonda Town
Andhra Pradesh,Anantapur,Anantapur,Apartment,3,2,1426,Semi-Furnished,South,1,4100000,Anantapur | Tadipatri
Telangana,Rangareddy,Hyderabad,Independent House,3,3,1954,Furnished,North,1,22075000,Rangareddy | Manikonda
Telangana,Mancherial,Mancherial,Independent House,2,2,1006,Semi-Furnished,West,14,1525000,Mancherial | Jaipur
Telangana,Medchal Malkajgiri,Hyderabad,Residential Plot,0,0,2700,Not Applicable,South,0,13650000,Medchal Malkajgiri | Nizampet
Andhra Pradesh,Polavaram,Rampachodavaram,Apartment,3,3,1453,Semi-Furnished,North,9,3675000,Polavaram | Rampachodavaram
Telangana,Kamareddy,Kamareddy,Villa,3,4,2168,Furnished,East,5,6675000,Kamareddy | Banswada
Telangana,Vikarabad,Vikarabad,Residential Plot,0,0,1620,Not Applicable,East,0,2975000,Vikarabad | Vikarabad Town
Telangana,Rangareddy,Hyderabad,Independent House,4,3,1986,Unfurnished,East,17,19925000,Rangareddy | Nallagandla
Telangana,Suryapet,Suryapet,Apartment,3,3,1552,Unfurnished,East,0,4875000,Suryapet | Kodad
Andhra Pradesh,Kurnool,Kurnool,Independent House,4,3,1726,Semi-Furnished,North,15,6975000,Kurnool | Budhwarpet
Telangana,Jogulamba Gadwal,Gadwal,Apartment,4,5,2241,Semi-Furnished,East,4,4650000,Jogulamba Gadwal | Alampur
Telangana,Jogulamba Gadwal,Gadwal,Independent House,5,5,2433,Unfurnished,South,2,6700000,Jogulamba Gadwal | Gadwal Town
Telangana,Rangareddy,Hyderabad,Independent House,4,5,2115,Unfurnished,West,11,10275000,Rangareddy | Adibatla
Telangana,Peddapalli,Peddapalli,Independent House,3,3,1517,Semi-Furnished,South-East,5,2550000,Peddapalli | Dharmaram
Telangana,Nalgonda,Nalgonda,Independent House,4,4,1893,Unfurnished,East,25,2800000,Nalgonda | Munugode
Telangana,Wanaparthy,Wanaparthy,Residential Plot,0,0,900,Not Applicable,East,0,550000,Wanaparthy | Peddamandadi
Andhra Pradesh,Anantapur,Anantapur,Residential Plot,0,0,1350,Not Applicable,East,0,3400000,Anantapur | Saptagiri Circle
Telangana,Warangal,Warangal,Independent House,2,2,1446,Semi-Furnished,South-East,7,4500000,Warangal | Rangashaipet
Andhra Pradesh,Krishna,Vijayawada,Apartment,3,2,1370,Unfurnished,East,0,6275000,Krishna | Tadigadapa
Andhra Pradesh,Anantapur,Anantapur,Apartment,3,2,1654,Unfurnished,North-East,0,6225000,Anantapur | Tapovanam
Telangana,Khammam,Khammam,Independent House,6,7,3495,Unfurnished,South-East,7,13725000,Khammam | Mamillagudem
Telangana,Hyderabad,Hyderabad,Apartment,3,3,1577,Furnished,North,7,15625000,Hyderabad | Himayatnagar
Andhra Pradesh,Tirupati,Tirupati,Residential Plot,0,0,1800,Not Applicable,North-East,0,5900000,Tirupati | Air Bypass Road
Telangana,Nizamabad,Nizamabad,Residential Plot,0,0,900,Not Applicable,South,0,1000000,Nizamabad | Bodhan
Andhra Pradesh,Chittoor,Chittoor,Independent House,5,6,3052,Semi-Furnished,North-East,2,8400000,Chittoor | Kuppam
Telangana,Kumuram Bheem Asifabad,Asifabad,Independent House,3,3,1627,Unfurnished,North-East,23,4025000,Kumuram Bheem Asifabad | Asifabad Town
Telangana,Medchal Malkajgiri,Hyderabad,Apartment,2,2,1101,Unfurnished,North,0,7675000,Medchal Malkajgiri | Malkajgiri
Telangana,Karimnagar,Karimnagar,Apartment,3,3,1358,Unfurnished,East,0,5875000,Karimnagar | Ramnagar
Telangana,Rangareddy,Hyderabad,Apartment,3,3,1721,Unfurnished,North,6,11225000,Rangareddy | Adibatla
Telangana,Wanaparthy,Wanaparthy,Independent House,2,2,1745,Unfurnished,East,7,2900000,Wanaparthy | Peddamandadi
Andhra Pradesh,West Godavari,Bhimavaram,Independent House,2,1,1104,Unfurnished,South,14,3225000,West Godavari | Palakollu
Telangana,Mulugu,Mulugu,Independent House,4,4,1932,Semi-Furnished,East,23,2700000,Mulugu | Eturnagaram
Andhra Pradesh,YSR Kadapa,Kadapa,Independent House,2,2,1500,Unfurnished,South,5,3425000,YSR Kadapa | Vontimitta
Telangana,Jangaon,Jangaon,Independent House,2,1,1107,Semi-Furnished,East,0,1975000,Jangaon | Bachannapet
Telangana,Medchal Malkajgiri,Hyderabad,Villa,3,4,2000,Unfurnished,North,15,16750000,Medchal Malkajgiri | Uppal
Telangana,Bhadradri Kothagudem,Kothagudem,Independent House,3,3,1660,Furnished,North,19,5600000,Bhadradri Kothagudem | Kothagudem Town
Telangana,Suryapet,Suryapet,Independent House,4,4,2009,Unfurnished,North,1,7425000,Suryapet | Suryapet Town
Andhra Pradesh,East Godavari,Rajahmundry,Apartment,3,3,1437,Unfurnished,East,0,7075000,East Godavari | Morampudi
Telangana,Rajanna Sircilla,Sircilla,Independent House,4,4,2398,Semi-Furnished,East,7,3400000,Rajanna Sircilla | Boinpalli
Andhra Pradesh,YSR Kadapa,Kadapa,Apartment,3,3,1506,Semi-Furnished,North,1,6250000,YSR Kadapa | Marripadu
Andhra Pradesh,Srikakulam,Srikakulam,Independent House,4,5,2274,Unfurnished,North,6,5725000,Srikakulam | Narasannapeta
Andhra Pradesh,Srikakulam,Srikakulam,Residential Plot,0,0,1800,Not Applicable,South,0,1500000,Srikakulam | Ranasthalam
Andhra Pradesh,Annamayya,Madanapalle,Residential Plot,0,0,1350,Not Applicable,North,0,1300000,Annamayya | Rajampet
Andhra Pradesh,Kakinada,Kakinada,Independent Builder Floor,2,3,1083,Unfurnished,North,8,3450000,Kakinada | Peddapuram
Telangana,Yadadri Bhuvanagiri,Bhongir,Independent House,3,4,1467,Unfurnished,East,24,4425000,Yadadri Bhuvanagiri | Yadagirigutta
Andhra Pradesh,NTR,Vijayawada,Independent House,4,5,2399,Furnished,West,3,17800000,NTR | Gunadala
Andhra Pradesh,Annamayya,Madanapalle,Independent House,2,2,1058,Semi-Furnished,West,3,2925000,Annamayya | Rajampet
Telangana,Peddapalli,Peddapalli,Apartment,3,3,1288,Semi-Furnished,South,1,4600000,Peddapalli | Peddapalli Town
Andhra Pradesh,Chittoor,Chittoor,Independent Builder Floor,3,2,1553,Unfurnished,North-East,0,3475000,Chittoor | Nagari
Andhra Pradesh,Nandyal,Nandyal,Independent House,2,2,1422,Semi-Furnished,East,4,4375000,Nandyal | Dhone
Telangana,Khammam,Khammam,Residential Plot,0,0,1998,Not Applicable,North,0,2525000,Khammam | Madhira
Andhra Pradesh,East Godavari,Rajahmundry,Independent House,5,5,2594,Unfurnished,East,7,12475000,East Godavari | Morampudi
Andhra Pradesh,East Godavari,Rajahmundry,Apartment,1,1,492,Unfurnished,North,0,2125000,East Godavari | Kambala Cheruvu
Telangana,Bhadradri Kothagudem,Kothagudem,Apartment,3,2,1612,Unfurnished,North-East,0,6075000,Bhadradri Kothagudem | Bhadrachalam
Telangana,Peddapalli,Peddapalli,Residential Plot,0,0,1800,Not Applicable,North-East,0,2275000,Peddapalli | Godavarikhani
Telangana,Hanumakonda,Hanamkonda,Apartment,2,1,878,Unfurnished,South,0,2525000,Hanumakonda | Parkal
Telangana,Medchal Malkajgiri,Hyderabad,Apartment,3,3,1513,Semi-Furnished,South,1,10500000,Medchal Malkajgiri | Uppal
Andhra Pradesh,West Godavari,Bhimavaram,Apartment,3,4,1415,Unfurnished,East,1,3950000,West Godavari | Attili
Telangana,Rangareddy,Hyderabad,Apartment,3,2,1364,Furnished,West,3,8700000,Rangareddy | Hayathnagar
Telangana,Hyderabad,Hyderabad,Residential Plot,0,0,1503,Not Applicable,East,0,11250000,Hyderabad | Narayanguda
Telangana,Hyderabad,Hyderabad,Apartment,2,2,913,Unfurnished,South,0,6725000,Hyderabad | Tolichowki
Telangana,Rangareddy,Hyderabad,Villa,3,3,2132,Unfurnished,West,0,19850000,Rangareddy | Nadargul
Telangana,Warangal,Warangal,Independent House,2,3,1127,Furnished,South,0,4475000,Warangal | Rangashaipet
Andhra Pradesh,Guntur,Amaravati,Residential Plot,0,0,1620,Not Applicable,North,0,2800000,Guntur | Thullur
Telangana,Mancherial,Mancherial,Residential Plot,0,0,2997,Not Applicable,North-East,0,5350000,Mancherial | Mancherial Town
Telangana,Karimnagar,Karimnagar,Independent House,2,1,701,Semi-Furnished,North,5,3150000,Karimnagar | Jyothinagar
Andhra Pradesh,West Godavari,Bhimavaram,Apartment,3,3,1502,Unfurnished,South,1,6225000,West Godavari | Bhimavaram Town
Andhra Pradesh,NTR,Vijayawada,Apartment,3,3,1719,Unfurnished,South-East,3,6725000,NTR | Jaggayyapeta
Andhra Pradesh,Anantapur,Anantapur,Independent House,3,3,1636,Semi-Furnished,North,0,4325000,Anantapur | Gooty
Andhra Pradesh,Visakhapatnam,Visakhapatnam,Apartment,3,3,1448,Unfurnished,North,13,6850000,Visakhapatnam | Gajuwaka
Telangana,Warangal,Warangal,Independent House,4,5,1939,Semi-Furnished,South,7,5725000,Warangal | Wardhannapet
Andhra Pradesh,Bapatla,Bapatla,Independent House,4,4,1739,Unfurnished,South-East,1,4000000,Bapatla | Vetapalem
Telangana,Hyderabad,Hyderabad,Independent House,3,3,1894,Unfurnished,West,6,22475000,Hyderabad | Himayatnagar
Andhra Pradesh,Guntur,Guntur,Independent Builder Floor,2,3,841,Unfurnished,East,0,4425000,Guntur | Lakshmipuram
Telangana,Yadadri Bhuvanagiri,Bhongir,Independent House,3,3,1643,Semi-Furnished,South-East,3,4250000,Yadadri Bhuvanagiri | Ramannapet
Andhra Pradesh,NTR,Vijayawada,Apartment,2,2,786,Semi-Furnished,North,3,7325000,NTR | Labbipet
Andhra Pradesh,Visakhapatnam,Visakhapatnam,Independent House,2,3,1344,Semi-Furnished,North-East,2,5225000,Visakhapatnam | Thagarapuvalasa
Andhra Pradesh,Visakhapatnam,Visakhapatnam,Residential Plot,0,0,1350,Not Applicable,South,0,5425000,Visakhapatnam | Dwaraka Nagar
Telangana,Rangareddy,Hyderabad,Apartment,3,3,1543,Unfurnished,North-East,0,13950000,Rangareddy | Rajendranagar
Andhra Pradesh,Kakinada,Kakinada,Apartment,2,2,959,Unfurnished,West,0,3575000,Kakinada | Peddapuram
Andhra Pradesh,Sri Sathya Sai,Puttaparthi,Independent House,4,3,2100,Furnished,South-East,2,7825000,Sri Sathya Sai | Puttaparthi Town
Telangana,Siddipet,Siddipet,Independent House,4,4,1938,Semi-Furnished,North-East,0,4400000,Siddipet | Doultabad
Andhra Pradesh,Kurnool,Kurnool,Villa,3,4,2560,Semi-Furnished,East,9,6350000,Kurnool | Pattikonda
Telangana,Khammam,Khammam,Independent House,2,2,957,Semi-Furnished,West,1,2300000,Khammam | Thirumalayapalem
Telangana,Jagtial,Jagtial,Apartment,2,2,918,Unfurnished,East,1,1775000,Jagtial | Dharmapuri
Andhra Pradesh,Sri Potti Sriramulu Nellore,Nellore,Apartment,2,1,1019,Semi-Furnished,West,30,2650000,Sri Potti Sriramulu Nellore | Muthukur
Andhra Pradesh,Sri Potti Sriramulu Nellore,Nellore,Independent House,5,5,2440,Semi-Furnished,East,1,15275000,Sri Potti Sriramulu Nellore | Vedayapalem
Telangana,Jayashankar Bhupalpally,Bhupalpally,Apartment,2,3,1335,Unfurnished,North,0,2100000,Jayashankar Bhupalpally | Palimela
Telangana,Hyderabad,Hyderabad,Apartment,3,3,1487,Unfurnished,North,0,14300000,Hyderabad | Begumpet
Andhra Pradesh,Anantapur,Anantapur,Apartment,2,2,962,Semi-Furnished,South,13,2925000,Anantapur | Gandhi Nagar
Andhra Pradesh,Nandyal,Nandyal,Residential Plot,0,0,900,Not Applicable,East,0,1975000,Nandyal | Nandyal Town
Telangana,Vikarabad,Vikarabad,Apartment,3,2,1472,Semi-Furnished,North,3,3150000,Vikarabad | Nawabpet
Andhra Pradesh,Guntur,Guntur,Apartment,3,2,1598,Unfurnished,North,0,7925000,Guntur | Pattabhipuram
Telangana,Mulugu,Mulugu,Residential Plot,0,0,1800,Not Applicable,North,0,1275000,Mulugu | Eturnagaram
Andhra Pradesh,NTR,Vijayawada,Apartment,2,2,1268,Semi-Furnished,North-East,18,7100000,NTR | Ajit Singh Nagar
Telangana,Jagtial,Jagtial,Residential Plot,0,0,1503,Not Applicable,North-East,0,2550000,Jagtial | Jagtial Town
Andhra Pradesh,Markapuram,Markapuram,Villa,4,5,2412,Semi-Furnished,East,9,4025000,Markapuram | Pamur
Andhra Pradesh,Dr. B.R. Ambedkar Konaseema,Amalapuram,Residential Plot,0,0,1197,Not Applicable,South,0,2225000,Dr. B.R. Ambedkar Konaseema | Amalapuram Town
Andhra Pradesh,Visakhapatnam,Visakhapatnam,Independent Builder Floor,3,2,1764,Furnished,North,4,16925000,Visakhapatnam | Lawsons Bay Colony
Andhra Pradesh,Palnadu,Narasaraopet,Apartment,2,3,801,Unfurnished,North-East,6,1575000,Palnadu | Dachepalle
Telangana,Mahabubnagar,Mahabubnagar,Apartment,3,3,1218,Unfurnished,North-East,1,6075000,Mahabubnagar | Mahabubnagar Town
Andhra Pradesh,Sri Potti Sriramulu Nellore,Nellore,Apartment,3,3,1436,Unfurnished,South,0,4050000,Sri Potti Sriramulu Nellore | Buchireddypalem
Andhra Pradesh,Srikakulam,Srikakulam,Apartment,2,2,1091,Semi-Furnished,North,13,2625000,Srikakulam | Narasannapeta
Andhra Pradesh,Kurnool,Kurnool,Apartment,4,4,2299,Unfurnished,North-East,0,6600000,Kurnool | Adoni
Telangana,Jagtial,Jagtial,Independent Builder Floor,2,2,959,Furnished,North,0,1775000,Jagtial | Mallial
Telangana,Yadadri Bhuvanagiri,Bhongir,Independent House,3,3,1849,Unfurnished,East,1,3850000,Yadadri Bhuvanagiri | Valigonda
Andhra Pradesh,Kurnool,Kurnool,Independent House,4,4,2004,Unfurnished,South,19,6625000,Kurnool | Gayathri Estates
Telangana,Jogulamba Gadwal,Gadwal,Apartment,2,1,878,Unfurnished,North,0,2325000,Jogulamba Gadwal | Gadwal Town
Telangana,Sangareddy,Sangareddy,Residential Plot,0,0,1350,Not Applicable,North-East,0,2575000,Sangareddy | Sadasivpet
Telangana,Rangareddy,Hyderabad,Independent House,4,4,2005,Unfurnished,North-East,2,29325000,Rangareddy | Kondapur
Andhra Pradesh,Annamayya,Madanapalle,Independent House,3,3,1888,Furnished,West,6,7075000,Annamayya | Madanapalle Town
Telangana,Peddapalli,Peddapalli,Villa,4,5,2830,Semi-Furnished,North,13,11275000,Peddapalli | Godavarikhani
Andhra Pradesh,Guntur,Guntur,Villa,3,3,2003,Unfurnished,North-East,5,13050000,Guntur | Kothapet
Telangana,Rajanna Sircilla,Sircilla,Residential Plot,0,0,1197,Not Applicable,East,0,2375000,Rajanna Sircilla | Sircilla Town
Telangana,Vikarabad,Vikarabad,Residential Plot,0,0,2160,Not Applicable,West,0,4275000,Vikarabad | Vikarabad Town
Telangana,Hyderabad,Hyderabad,Villa,3,3,2286,Unfurnished,West,5,23800000,Hyderabad | Tolichowki
Telangana,Hyderabad,Hyderabad,Residential Plot,0,0,1197,Not Applicable,North-East,0,18750000,Hyderabad | Jubilee Hills
Andhra Pradesh,Tirupati,Tirupati,Residential Plot,0,0,1800,Not Applicable,North,0,5000000,Tirupati | Bairagipatteda
Andhra Pradesh,Sri Sathya Sai,Puttaparthi,Independent House,4,3,1992,Unfurnished,West,12,5550000,Sri Sathya Sai | Dharmavaram
Andhra Pradesh,Alluri Sitharama Raju,Paderu,Independent House,2,3,1471,Unfurnished,East,16,1800000,Alluri Sitharama Raju | Munchingiputtu
Andhra Pradesh,Tirupati,Tirupati,Villa,4,4,2560,Semi-Furnished,North-East,1,23725000,Tirupati | K.T. Road
Telangana,Kumuram Bheem Asifabad,Asifabad,Independent House,3,3,1525,Furnished,West,5,4300000,Kumuram Bheem Asifabad | Asifabad Town
Andhra Pradesh,Chittoor,Chittoor,Apartment,4,5,2310,Semi-Furnished,South,1,4400000,Chittoor | Thavanampalle
Telangana,Rangareddy,Hyderabad,Independent House,5,4,2570,Semi-Furnished,North,4,38350000,Rangareddy | Kondapur
Telangana,Rangareddy,Hyderabad,Apartment,2,2,983,Unfurnished,East,10,4050000,Rangareddy | Shankarpally
Telangana,Kamareddy,Kamareddy,Independent Builder Floor,2,2,721,Unfurnished,South,0,1400000,Kamareddy | Banswada
Telangana,Hyderabad,Hyderabad,Apartment,4,4,2167,Unfurnished,North,0,20050000,Hyderabad | Habsiguda
Andhra Pradesh,Eluru,Eluru,Independent House,4,4,2227,Semi-Furnished,South,8,8225000,Eluru | Eluru Town
Andhra Pradesh,NTR,Vijayawada,Independent House,4,5,2155,Furnished,West,17,9825000,NTR | Sri Ramachandra Nagar
Andhra Pradesh,Sri Sathya Sai,Puttaparthi,Residential Plot,0,0,1503,Not Applicable,South-East,0,2800000,Sri Sathya Sai | Puttaparthi Town
Telangana,Rangareddy,Hyderabad,Residential Plot,0,0,1350,Not Applicable,East,0,17200000,Rangareddy | Kondapur
Telangana,Karimnagar,Karimnagar,Independent Builder Floor,2,2,1170,Unfurnished,East,0,5050000,Karimnagar | Kashmirgadda
Telangana,Jagtial,Jagtial,Apartment,2,2,1177,Unfurnished,South,0,2475000,Jagtial | Korutla
Telangana,Mahabubnagar,Mahabubnagar,Apartment,2,2,892,Unfurnished,West,0,3175000,Mahabubnagar | Mahabubnagar Town
Andhra Pradesh,YSR Kadapa,Kadapa,Apartment,3,4,1586,Semi-Furnished,East,10,3400000,YSR Kadapa | Vontimitta
Andhra Pradesh,Polavaram,Rampachodavaram,Independent House,4,5,1934,Semi-Furnished,East,9,2150000,Polavaram | Kunavaram
Telangana,Hyderabad,Hyderabad,Independent Builder Floor,3,3,1280,Unfurnished,East,2,11750000,Hyderabad | Nampally
Andhra Pradesh,Tirupati,Tirupati,Residential Plot,0,0,1197,Not Applicable,North,0,3125000,Tirupati | Renigunta
Andhra Pradesh,Eluru,Eluru,Apartment,2,1,1041,Unfurnished,East,4,2850000,Eluru | Nuzvid
Telangana,Sangareddy,Sangareddy,Independent House,3,2,1493,Semi-Furnished,North,2,5325000,Sangareddy | Narayankhed
Andhra Pradesh,Guntur,Guntur,Independent Builder Floor,2,1,1100,Unfurnished,East,10,4475000,Guntur | Vidya Nagar
Telangana,Hyderabad,Hyderabad,Villa,5,5,3017,Semi-Furnished,North-East,6,40150000,Hyderabad | Yousufguda
Telangana,Narayanpet,Narayanpet,Apartment,3,2,1072,Semi-Furnished,North-East,3,2925000,Narayanpet | Narayanpet Town
Telangana,Sangareddy,Hyderabad,Independent House,5,5,2298,Unfurnished,West,1,15250000,Sangareddy | Patancheru
Telangana,Rangareddy,Hyderabad,Residential Plot,0,0,2403,Not Applicable,South,0,6025000,Rangareddy | Kandukur
Andhra Pradesh,Visakhapatnam,Visakhapatnam,Independent House,4,4,1903,Unfurnished,East,1,18050000,Visakhapatnam | Siripuram
Andhra Pradesh,Tirupati,Tirupati,Apartment,2,2,1103,Unfurnished,South,0,4325000,Tirupati | Chandragiri
Telangana,Bhadradri Kothagudem,Kothagudem,Independent House,3,3,1909,Furnished,South,12,3750000,Bhadradri Kothagudem | Aswaraopeta
Telangana,Nizamabad,Nizamabad,Independent House,4,4,2079,Unfurnished,South-East,7,4225000,Nizamabad | Balkonda
Andhra Pradesh,Visakhapatnam,Visakhapatnam,Independent House,3,3,1636,Furnished,North,1,15000000,Visakhapatnam | Yendada
Andhra Pradesh,Markapuram,Markapuram,Independent House,4,3,2174,Unfurnished,East,1,2975000,Markapuram | Pamur
Telangana,Siddipet,Siddipet,Residential Plot,0,0,2403,Not Applicable,East,0,3025000,Siddipet | Husnabad
Andhra Pradesh,Tirupati,Tirupati,Villa,3,2,2052,Furnished,South,2,9900000,Tirupati | Gudur
Telangana,Hyderabad,Hyderabad,Independent House,3,2,1818,Semi-Furnished,North-East,11,16125000,Hyderabad | Tolichowki
Telangana,Yadadri Bhuvanagiri,Bhongir,Independent House,2,3,993,Semi-Furnished,North,3,3875000,Yadadri Bhuvanagiri | Choutuppal
Telangana,Yadadri Bhuvanagiri,Bhongir,Independent Builder Floor,3,3,1167,Unfurnished,East,0,4050000,Yadadri Bhuvanagiri | Bibinagar
Telangana,Hyderabad,Hyderabad,Apartment,2,2,932,Furnished,North,2,10975000,Hyderabad | Shaikpet
Andhra Pradesh,NTR,Vijayawada,Residential Plot,0,0,2403,Not Applicable,North-East,0,13325000,NTR | MG Road
Andhra Pradesh,Tirupati,Tirupati,Apartment,3,4,1490,Furnished,East,24,6350000,Tirupati | Renigunta
Telangana,Warangal,Warangal,Apartment,2,3,1099,Unfurnished,South,0,3825000,Warangal | Mattewada
Telangana,Peddapalli,Peddapalli,Apartment,2,2,1190,Furnished,East,1,2375000,Peddapalli | Sultanabad
Andhra Pradesh,Annamayya,Madanapalle,Apartment,4,4,2423,Semi-Furnished,West,0,5575000,Annamayya | Pileru
Telangana,Yadadri Bhuvanagiri,Bhongir,Apartment,3,3,1265,Unfurnished,West,0,2700000,Yadadri Bhuvanagiri | Alair
Andhra Pradesh,Parvathipuram Manyam,Parvathipuram,Residential Plot,0,0,3600,Not Applicable,East,0,2300000,Parvathipuram Manyam | Makkuva
Andhra Pradesh,East Godavari,Rajahmundry,Villa,3,3,1925,Unfurnished,South,3,10075000,East Godavari | Innespeta
Andhra Pradesh,Polavaram,Rampachodavaram,Apartment,3,3,1324,Semi-Furnished,North,6,2000000,Polavaram | Addateegala
Telangana,Jayashankar Bhupalpally,Bhupalpally,Independent House,5,5,2639,Semi-Furnished,North,12,7575000,Jayashankar Bhupalpally | Bhupalpally Town
Telangana,Jogulamba Gadwal,Gadwal,Residential Plot,0,0,1503,Not Applicable,South,0,1850000,Jogulamba Gadwal | Gadwal Town
Telangana,Peddapalli,Peddapalli,Residential Plot,0,0,2160,Not Applicable,South,0,3125000,Peddapalli | Godavarikhani
Andhra Pradesh,Palnadu,Narasaraopet,Independent House,4,4,2121,Furnished,South,0,6500000,Palnadu | Sattenapalle
Telangana,Yadadri Bhuvanagiri,Bhongir,Apartment,3,3,1290,Unfurnished,North,2,6025000,Yadadri Bhuvanagiri | Bhongir Town
Andhra Pradesh,Kakinada,Kakinada,Villa,4,5,2588,Semi-Furnished,South,10,19575000,Kakinada | Suryaraopeta
Andhra Pradesh,Bapatla,Bapatla,Residential Plot,0,0,1800,Not Applicable,North,0,1575000,Bapatla | Vetapalem
Andhra Pradesh,Nandyal,Nandyal,Apartment,1,2,558,Semi-Furnished,East,8,1800000,Nandyal | Nandyal Town
Andhra Pradesh,Vizianagaram,Vizianagaram,Villa,5,5,3496,Furnished,North,26,16575000,Vizianagaram | Vizianagaram Town
Andhra Pradesh,Palnadu,Narasaraopet,Apartment,4,5,1955,Unfurnished,East,0,5700000,Palnadu | Chilakaluripet
Telangana,Yadadri Bhuvanagiri,Bhongir,Independent Builder Floor,2,2,1091,Furnished,North,1,2925000,Yadadri Bhuvanagiri | Pochampally
Andhra Pradesh,Kakinada,Kakinada,Independent Builder Floor,2,1,1075,Semi-Furnished,East,0,4150000,Kakinada | Samalkot
Andhra Pradesh,Alluri Sitharama Raju,Paderu,Apartment,1,1,513,Semi-Furnished,South,1,725000,Alluri Sitharama Raju | Munchingiputtu
Telangana,Medchal Malkajgiri,Hyderabad,Independent Builder Floor,3,3,1386,Unfurnished,West,0,9175000,Medchal Malkajgiri | Malkajgiri
Andhra Pradesh,Markapuram,Markapuram,Apartment,3,3,1090,Semi-Furnished,North,5,1550000,Markapuram | Pamur
Andhra Pradesh,Dr. B.R. Ambedkar Konaseema,Amalapuram,Independent House,2,2,1378,Unfurnished,South-East,3,2375000,Dr. B.R. Ambedkar Konaseema | Allavaram
Telangana,Kumuram Bheem Asifabad,Asifabad,Residential Plot,0,0,4500,Not Applicable,South-East,0,3750000,Kumuram Bheem Asifabad | Kagaznagar
Telangana,Nagarkurnool,Nagarkurnool,Residential Plot,0,0,2403,Not Applicable,North,0,2325000,Nagarkurnool | Kalwakurthy
Andhra Pradesh,NTR,Vijayawada,Villa,4,4,2534,Unfurnished,West,8,24225000,NTR | Labbipet
Telangana,Karimnagar,Karimnagar,Apartment,2,3,1192,Semi-Furnished,North,17,5575000,Karimnagar | Mankammathota
Andhra Pradesh,East Godavari,Rajahmundry,Independent House,4,4,2515,Unfurnished,East,5,10450000,East Godavari | Bommuru
Andhra Pradesh,Krishna,Machilipatnam,Apartment,2,2,1394,Unfurnished,North,0,4300000,Krishna | Nandivada
Andhra Pradesh,Bapatla,Bapatla,Apartment,2,3,1068,Unfurnished,East,0,3850000,Bapatla | Chirala
Telangana,Suryapet,Suryapet,Independent House,6,6,3385,Semi-Furnished,South,2,7075000,Suryapet | Huzurnagar
Telangana,Peddapalli,Peddapalli,Apartment,3,3,1147,Unfurnished,North,0,2350000,Peddapalli | Dharmaram
Telangana,Yadadri Bhuvanagiri,Bhongir,Apartment,3,3,1325,Unfurnished,North-East,16,4150000,Yadadri Bhuvanagiri | Bhongir Town
Andhra Pradesh,Parvathipuram Manyam,Parvathipuram,Apartment,4,5,2348,Unfurnished,East,0,4525000,Parvathipuram Manyam | Seethampeta
Telangana,Jagtial,Jagtial,Residential Plot,0,0,1350,Not Applicable,North,0,975000,Jagtial | Dharmapuri
Telangana,Medchal Malkajgiri,Hyderabad,Apartment,2,3,1072,Unfurnished,North,0,7000000,Medchal Malkajgiri | Nagaram
Andhra Pradesh,Tirupati,Tirupati,Villa,4,3,2918,Furnished,East,3,13150000,Tirupati | Puttur
Telangana,Hyderabad,Hyderabad,Independent House,2,2,1204,Unfurnished,East,5,19575000,Hyderabad | Jubilee Hills
Telangana,Sangareddy,Hyderabad,Independent House,4,5,1971,Unfurnished,East,3,12150000,Sangareddy | Patancheru
Andhra Pradesh,Nandyal,Nandyal,Residential Plot,0,0,1620,Not Applicable,North,0,1875000,Nandyal | Dhone
Telangana,Hyderabad,Hyderabad,Apartment,3,3,1953,Unfurnished,North-East,0,18275000,Hyderabad | Secunderabad
Telangana,Medchal Malkajgiri,Hyderabad,Apartment,4,4,2411,Unfurnished,East,0,14275000,Medchal Malkajgiri | Jeedimetla
Andhra Pradesh,Sri Potti Sriramulu Nellore,Nellore,Apartment,1,1,467,Unfurnished,North,4,2575000,Sri Potti Sriramulu Nellore | Mini Bypass Road
Telangana,Bhadradri Kothagudem,Kothagudem,Apartment,3,3,1454,Semi-Furnished,North,1,3575000,Bhadradri Kothagudem | Sujathanagar
Andhra Pradesh,Kakinada,Kakinada,Independent Builder Floor,2,1,954,Unfurnished,East,0,3800000,Kakinada | Madhavapatnam
Telangana,Nalgonda,Nalgonda,Apartment,2,1,1177,Unfurnished,West,0,3350000,Nalgonda | Miryalaguda
Telangana,Suryapet,Suryapet,Residential Plot,0,0,900,Not Applicable,South,0,1400000,Suryapet | Suryapet Town
Andhra Pradesh,NTR,Vijayawada,Apartment,2,2,1147,Semi-Furnished,West,0,6025000,NTR | Nandigama
Telangana,Sangareddy,Sangareddy,Independent House,3,3,1526,Semi-Furnished,North-East,1,5325000,Sangareddy | Sadasivpet
Andhra Pradesh,East Godavari,Rajahmundry,Apartment,3,4,1449,Unfurnished,North,0,6200000,East Godavari | Innespeta
Telangana,Rangareddy,Hyderabad,Independent House,2,2,1177,Semi-Furnished,North,13,15150000,Rangareddy | Kokapet
Andhra Pradesh,Parvathipuram Manyam,Parvathipuram,Residential Plot,0,0,1197,Not Applicable,North,0,1300000,Parvathipuram Manyam | Palakonda
Telangana,Mancherial,Mancherial,Independent House,3,3,1539,Semi-Furnished,South,7,6050000,Mancherial | Mancherial Town
Andhra Pradesh,Markapuram,Markapuram,Apartment,3,2,1334,Unfurnished,East,8,3200000,Markapuram | Kanigiri
Telangana,Hanumakonda,Hanamkonda,Apartment,3,2,1315,Semi-Furnished,North,1,4450000,Hanumakonda | Elkathurthy
Telangana,Hyderabad,Hyderabad,Apartment,2,1,1018,Unfurnished,East,6,11750000,Hyderabad | Himayatnagar
Andhra Pradesh,Sri Potti Sriramulu Nellore,Nellore,Apartment,3,2,1677,Unfurnished,East,0,6650000,Sri Potti Sriramulu Nellore | Kavali
Andhra Pradesh,Kakinada,Kakinada,Villa,4,4,2549,Semi-Furnished,South-East,15,8300000,Kakinada | Tuni
Telangana,Siddipet,Siddipet,Independent House,3,3,1374,Semi-Furnished,South-East,20,5425000,Siddipet | Siddipet Town
Telangana,Mahabubnagar,Mahabubnagar,Residential Plot,0,0,1350,Not Applicable,North-East,0,1625000,Mahabubnagar | Jadcherla
Andhra Pradesh,Prakasam,Ongole,Residential Plot,0,0,2700,Not Applicable,North-East,0,2775000,Prakasam | Maddipadu
Telangana,Nizamabad,Nizamabad,Independent House,6,7,2993,Unfurnished,East,8,5475000,Nizamabad | Nandipet
Andhra Pradesh,Visakhapatnam,Visakhapatnam,Villa,3,4,1904,Semi-Furnished,East,1,8475000,Visakhapatnam | Thagarapuvalasa
Telangana,Yadadri Bhuvanagiri,Bhongir,Independent Builder Floor,2,2,1082,Furnished,East,8,4050000,Yadadri Bhuvanagiri | Bibinagar
Andhra Pradesh,West Godavari,Bhimavaram,Apartment,2,2,1165,Unfurnished,West,0,4025000,West Godavari | Tadepalligudem
Andhra Pradesh,Visakhapatnam,Visakhapatnam,Apartment,3,4,1370,Semi-Furnished,North,1,13450000,Visakhapatnam | Rushikonda
Andhra Pradesh,Visakhapatnam,Visakhapatnam,Independent Builder Floor,3,2,1350,Unfurnished,South,0,8950000,Visakhapatnam | Kommadi
Andhra Pradesh,Anantapur,Anantapur,Residential Plot,0,0,2700,Not Applicable,North-East,0,5425000,Anantapur | Kamala Nagar
Telangana,Nalgonda,Nalgonda,Independent House,3,3,1854,Unfurnished,South,0,3150000,Nalgonda | Munugode
Andhra Pradesh,Kurnool,Kurnool,Villa,4,3,2594,Unfurnished,South,4,14125000,Kurnool | Budhwarpet
Andhra Pradesh,Visakhapatnam,Visakhapatnam,Residential Plot,0,0,900,Not Applicable,South-East,0,4225000,Visakhapatnam | Lawsons Bay Colony
Andhra Pradesh,Guntur,Amaravati,Apartment,4,4,1957,Unfurnished,North,0,15725000,Guntur | Mangalagiri
Telangana,Karimnagar,Karimnagar,Apartment,4,4,1926,Semi-Furnished,South-East,8,8000000,Karimnagar | Kashmirgadda
Andhra Pradesh,YSR Kadapa,Kadapa,Apartment,3,2,1389,Unfurnished,East,0,2925000,YSR Kadapa | Mydukur
Telangana,Suryapet,Suryapet,Apartment,2,2,1069,Unfurnished,North,2,1675000,Suryapet | Mothey
Andhra Pradesh,Kurnool,Kurnool,Residential Plot,0,0,1620,Not Applicable,East,0,1950000,Kurnool | Adoni
Telangana,Nizamabad,Nizamabad,Apartment,3,2,1602,Unfurnished,South-East,3,4250000,Nizamabad | Armoor
Telangana,Rajanna Sircilla,Sircilla,Independent House,3,2,1247,Semi-Furnished,South,3,3050000,Rajanna Sircilla | Vemulawada
Telangana,Kamareddy,Kamareddy,Residential Plot,0,0,2160,Not Applicable,South-East,0,1500000,Kamareddy | Bhiknoor
Telangana,Medchal Malkajgiri,Hyderabad,Residential Plot,0,0,1503,Not Applicable,South-East,0,11950000,Medchal Malkajgiri | KPHB
Andhra Pradesh,Kurnool,Kurnool,Independent House,4,3,2214,Unfurnished,East,20,8925000,Kurnool | Budhwarpet
Telangana,Medchal Malkajgiri,Hyderabad,Apartment,3,3,1442,Unfurnished,North-East,0,10775000,Medchal Malkajgiri | Bachupally
Andhra Pradesh,Anakapalli,Anakapalle,Apartment,2,2,958,Semi-Furnished,East,12,2950000,Anakapalli | Atchutapuram
Telangana,Jagtial,Jagtial,Independent House,4,4,2028,Semi-Furnished,South,19,5850000,Jagtial | Jagtial Town
Andhra Pradesh,Visakhapatnam,Visakhapatnam,Apartment,3,3,1085,Unfurnished,North-East,0,8900000,Visakhapatnam | Seethammadhara
Telangana,Warangal,Warangal,Independent House,6,5,3026,Unfurnished,North,1,10275000,Warangal | Khila Warangal
Telangana,Medchal Malkajgiri,Hyderabad,Villa,4,4,3029,Unfurnished,West,22,21900000,Medchal Malkajgiri | Alwal
Telangana,Yadadri Bhuvanagiri,Bhongir,Villa,3,2,1970,Unfurnished,North-East,16,7050000,Yadadri Bhuvanagiri | Choutuppal
Andhra Pradesh,Visakhapatnam,Visakhapatnam,Residential Plot,0,0,2403,Not Applicable,North,0,7275000,Visakhapatnam | Kommadi
Telangana,Medchal Malkajgiri,Hyderabad,Villa,3,4,2376,Semi-Furnished,East,2,20750000,Medchal Malkajgiri | Alwal
Telangana,Mahabubabad,Mahabubabad,Villa,3,2,2204,Semi-Furnished,South,2,4375000,Mahabubabad | Maripeda
Andhra Pradesh,Kurnool,Kurnool,Independent House,2,2,989,Unfurnished,East,12,4000000,Kurnool | Sunkesula Road
Telangana,Suryapet,Suryapet,Independent House,4,4,2637,Semi-Furnished,North,4,9725000,Suryapet | Suryapet Town
Telangana,Nizamabad,Nizamabad,Apartment,2,1,1142,Semi-Furnished,East,15,4100000,Nizamabad | Vinayak Nagar
Telangana,Hyderabad,Hyderabad,Independent House,3,3,1516,Unfurnished,East,9,16825000,Hyderabad | Himayatnagar
Telangana,Mahabubnagar,Mahabubnagar,Apartment,2,2,1153,Unfurnished,East,9,2350000,Mahabubnagar | Koilkonda
Andhra Pradesh,YSR Kadapa,Kadapa,Apartment,3,2,1472,Semi-Furnished,East,1,4925000,YSR Kadapa | Proddatur
Telangana,Mahabubabad,Mahabubabad,Residential Plot,0,0,1350,Not Applicable,East,0,1125000,Mahabubabad | Thorrur
Andhra Pradesh,Sri Potti Sriramulu Nellore,Nellore,Apartment,4,5,2328,Unfurnished,South,0,9125000,Sri Potti Sriramulu Nellore | Pogathota
Andhra Pradesh,Krishna,Vijayawada,Apartment,2,1,1250,Furnished,East,6,6525000,Krishna | Kanuru
Andhra Pradesh,Kakinada,Kakinada,Residential Plot,0,0,3600,Not Applicable,West,0,5275000,Kakinada | Kovvada
Telangana,Suryapet,Suryapet,Independent Builder Floor,2,1,931,Unfurnished,West,0,3350000,Suryapet | Suryapet Town
Telangana,Medchal Malkajgiri,Hyderabad,Apartment,3,3,1545,Unfurnished,East,0,13600000,Medchal Malkajgiri | Kukatpally
Andhra Pradesh,Anantapur,Anantapur,Apartment,3,3,1456,Unfurnished,East,1,4100000,Anantapur | Guntakal
Telangana,Hyderabad,Hyderabad,Apartment,3,3,1205,Semi-Furnished,East,0,13775000,Hyderabad | Begumpet
Andhra Pradesh,East Godavari,Rajahmundry,Apartment,2,1,1233,Semi-Furnished,West,1,6125000,East Godavari | Prakash Nagar
Telangana,Medchal Malkajgiri,Hyderabad,Apartment,3,3,1362,Unfurnished,North,0,10475000,Medchal Malkajgiri | Uppal
Andhra Pradesh,Palnadu,Narasaraopet,Independent House,2,2,934,Unfurnished,West,2,1575000,Palnadu | Pedakurapadu
Andhra Pradesh,Dr. B.R. Ambedkar Konaseema,Amalapuram,Villa,3,3,2482,Unfurnished,South,2,7450000,Dr. B.R. Ambedkar Konaseema | Mandapeta
Andhra Pradesh,Srikakulam,Srikakulam,Apartment,4,5,1712,Semi-Furnished,South,19,3225000,Srikakulam | Ranasthalam
Telangana,Hyderabad,Hyderabad,Apartment,3,3,1472,Semi-Furnished,East,0,15100000,Hyderabad | Ameerpet
Andhra Pradesh,East Godavari,Rajahmundry,Independent House,3,2,1742,Unfurnished,North,13,7325000,East Godavari | Lalacheruvu
Andhra Pradesh,East Godavari,Rajahmundry,Independent House,2,3,868,Unfurnished,East,16,3925000,East Godavari | Prakash Nagar
Andhra Pradesh,Dr. B.R. Ambedkar Konaseema,Amalapuram,Apartment,2,2,908,Unfurnished,North,2,2525000,Dr. B.R. Ambedkar Konaseema | Mandapeta
Andhra Pradesh,Nandyal,Nandyal,Independent House,4,4,2257,Unfurnished,South-East,7,7125000,Nandyal | Nandyal Town
Andhra Pradesh,Krishna,Vijayawada,Apartment,2,2,1100,Unfurnished,South-East,0,4550000,Krishna | Poranki
Andhra Pradesh,Kurnool,Kurnool,Apartment,2,1,1051,Unfurnished,East,0,3725000,Kurnool | Balaji Nagar
Andhra Pradesh,Visakhapatnam,Visakhapatnam,Apartment,3,3,1502,Unfurnished,West,1,6100000,Visakhapatnam | Thagarapuvalasa
Andhra Pradesh,NTR,Vijayawada,Villa,4,5,2937,Semi-Furnished,North,17,14775000,NTR | Ibrahimpatnam
Telangana,Sangareddy,Hyderabad,Independent House,2,2,1355,Semi-Furnished,East,3,13950000,Sangareddy | Tellapur
Andhra Pradesh,Anakapalli,Anakapalle,Villa,4,4,2456,Furnished,South,1,9125000,Anakapalli | Atchutapuram
Andhra Pradesh,East Godavari,Rajahmundry,Independent House,4,4,2128,Semi-Furnished,East,6,8350000,East Godavari | Bommuru
Andhra Pradesh,Visakhapatnam,Visakhapatnam,Independent House,3,3,1771,Semi-Furnished,North,11,13950000,Visakhapatnam | Maddilapalem
Andhra Pradesh,Alluri Sitharama Raju,Paderu,Apartment,2,1,826,Unfurnished,North,0,1125000,Alluri Sitharama Raju | Koyyuru
Andhra Pradesh,Dr. B.R. Ambedkar Konaseema,Amalapuram,Apartment,2,2,1179,Unfurnished,East,1,4825000,Dr. B.R. Ambedkar Konaseema | Amalapuram Town
Andhra Pradesh,Vizianagaram,Vizianagaram,Independent House,2,2,1243,Unfurnished,West,0,4225000,Vizianagaram | Bobbili
Andhra Pradesh,Guntur,Amaravati,Residential Plot,0,0,900,Not Applicable,North,0,2950000,Guntur | Mangalagiri
Telangana,Rangareddy,Hyderabad,Independent House,3,4,1899,Unfurnished,North-East,23,19650000,Rangareddy | Kondapur
Andhra Pradesh,NTR,Vijayawada,Apartment,3,2,1495,Semi-Furnished,North,7,6600000,NTR | Kondapalli
Telangana,Nirmal,Nirmal,Residential Plot,0,0,900,Not Applicable,East,0,1325000,Nirmal | Nirmal Town
Andhra Pradesh,NTR,Vijayawada,Residential Plot,0,0,2160,Not Applicable,South,0,8900000,NTR | Governorpet
Andhra Pradesh,NTR,Vijayawada,Apartment,3,2,1767,Unfurnished,East,0,8250000,NTR | Gollapudi
Telangana,Siddipet,Siddipet,Independent House,3,3,1507,Unfurnished,North,0,5200000,Siddipet | Gajwel
Telangana,Medchal Malkajgiri,Hyderabad,Residential Plot,0,0,1197,Not Applicable,East,0,6575000,Medchal Malkajgiri | Pragathi Nagar
Telangana,Sangareddy,Hyderabad,Apartment,3,4,1401,Unfurnished,North-East,0,12325000,Sangareddy | Tellapur
Andhra Pradesh,Kurnool,Kurnool,Apartment,3,3,1313,Unfurnished,North-East,0,3525000,Kurnool | Pattikonda
Andhra Pradesh,East Godavari,Rajahmundry,Independent House,3,4,1550,Unfurnished,West,14,7100000,East Godavari | Morampudi
Andhra Pradesh,Visakhapatnam,Visakhapatnam,Residential Plot,0,0,4500,Not Applicable,South-East,0,25125000,Visakhapatnam | Rushikonda
Andhra Pradesh,Guntur,Guntur,Independent House,4,4,2174,Semi-Furnished,West,10,11525000,Guntur | Arundelpet
Andhra Pradesh,Palnadu,Narasaraopet,Apartment,4,5,2329,Unfurnished,North,0,8000000,Palnadu | Narasaraopet Town
Andhra Pradesh,East Godavari,Rajahmundry,Residential Plot,0,0,2160,Not Applicable,East,0,4275000,East Godavari | Lalacheruvu
Andhra Pradesh,West Godavari,Bhimavaram,Independent House,2,1,700,Unfurnished,East,4,2825000,West Godavari | Bhimavaram Town
Telangana,Narayanpet,Narayanpet,Residential Plot,0,0,2403,Not Applicable,East,0,1300000,Narayanpet | Kosgi
Andhra Pradesh,Prakasam,Ongole,Independent House,4,3,2149,Semi-Furnished,East,6,3875000,Prakasam | Naguluppalapadu
Andhra Pradesh,Tirupati,Tirupati,Apartment,1,2,408,Unfurnished,South,0,1175000,Tirupati | Venkatagiri
Telangana,Medchal Malkajgiri,Hyderabad,Independent Builder Floor,3,4,1375,Unfurnished,East,6,10325000,Medchal Malkajgiri | Kapra
Telangana,Yadadri Bhuvanagiri,Bhongir,Apartment,2,3,879,Unfurnished,North,8,1925000,Yadadri Bhuvanagiri | Valigonda
Telangana,Bhadradri Kothagudem,Kothagudem,Apartment,3,3,1540,Unfurnished,North,0,5025000,Bhadradri Kothagudem | Bhadrachalam
Andhra Pradesh,NTR,Vijayawada,Apartment,3,3,1207,Unfurnished,North,1,8425000,NTR | Governorpet
Telangana,Sangareddy,Hyderabad,Independent House,6,7,3238,Unfurnished,South,13,17150000,Sangareddy | Ameenpur
Telangana,Peddapalli,Peddapalli,Residential Plot,0,0,1350,Not Applicable,West,0,2150000,Peddapalli | Godavarikhani
Telangana,Hyderabad,Hyderabad,Residential Plot,0,0,1503,Not Applicable,North-East,0,15475000,Hyderabad | Somajiguda
Andhra Pradesh,Eluru,Eluru,Residential Plot,0,0,1350,Not Applicable,South,0,1925000,Eluru | Eluru Town
Andhra Pradesh,West Godavari,Bhimavaram,Residential Plot,0,0,1800,Not Applicable,North,0,2200000,West Godavari | Penugonda
Andhra Pradesh,Kakinada,Kakinada,Independent House,2,2,1008,Unfurnished,East,8,3750000,Kakinada | Thimmapuram
Andhra Pradesh,Guntur,Guntur,Independent House,3,3,1509,Semi-Furnished,East,16,5600000,Guntur | Auto Nagar
Andhra Pradesh,NTR,Vijayawada,Apartment,3,2,1506,Semi-Furnished,South,10,9850000,NTR | Labbipet
Andhra Pradesh,Guntur,Guntur,Apartment,3,2,1177,Semi-Furnished,North,12,5925000,Guntur | Kothapet
Andhra Pradesh,Bapatla,Bapatla,Villa,3,3,1714,Unfurnished,South,3,4400000,Bapatla | Addanki
Telangana,Medchal Malkajgiri,Hyderabad,Apartment,3,3,1794,Semi-Furnished,North-East,0,11400000,Medchal Malkajgiri | Kapra
Andhra Pradesh,Sri Sathya Sai,Puttaparthi,Apartment,2,2,935,Furnished,East,2,1675000,Sri Sathya Sai | Madakasira
Andhra Pradesh,Parvathipuram Manyam,Parvathipuram,Apartment,1,1,462,Unfurnished,East,0,700000,Parvathipuram Manyam | Kurupam
Andhra Pradesh,Vizianagaram,Vizianagaram,Apartment,3,4,1457,Unfurnished,North-East,0,5125000,Vizianagaram | Bhogapuram
Andhra Pradesh,Sri Sathya Sai,Puttaparthi,Independent House,3,2,1799,Furnished,West,5,5325000,Sri Sathya Sai | Dharmavaram
Telangana,Mahabubnagar,Mahabubnagar,Independent House,3,3,1645,Semi-Furnished,South,1,3575000,Mahabubnagar | Bhoothpur
Telangana,Jagtial,Jagtial,Independent House,3,3,1673,Unfurnished,West,2,4500000,Jagtial | Korutla
Telangana,Nagarkurnool,Nagarkurnool,Residential Plot,0,0,1800,Not Applicable,North,0,3100000,Nagarkurnool | Nagarkurnool Town
Andhra Pradesh,Sri Potti Sriramulu Nellore,Nellore,Villa,4,4,2981,Furnished,East,1,25025000,Sri Potti Sriramulu Nellore | Magunta Layout
Andhra Pradesh,Anantapur,Anantapur,Residential Plot,0,0,1800,Not Applicable,East,0,1975000,Anantapur | Guntakal
Andhra Pradesh,Chittoor,Chittoor,Apartment,3,2,1500,Semi-Furnished,North,15,4275000,Chittoor | Palamaner
Andhra Pradesh,Srikakulam,Srikakulam,Residential Plot,0,0,1800,Not Applicable,North-East,0,3700000,Srikakulam | Srikakulam Town
Andhra Pradesh,Anantapur,Anantapur,Independent House,5,5,2758,Unfurnished,North-East,16,3825000,Anantapur | Singanamala
Andhra Pradesh,Krishna,Machilipatnam,Independent House,4,3,2091,Unfurnished,North-East,16,5050000,Krishna | Nandivada
Telangana,Warangal,Warangal,Independent House,4,5,2322,Semi-Furnished,South,3,9550000,Warangal | Mattewada
Telangana,Karimnagar,Karimnagar,Apartment,3,3,1649,Unfurnished,North-East,0,7050000,Karimnagar | Ramnagar
Telangana,Jogulamba Gadwal,Gadwal,Residential Plot,0,0,1800,Not Applicable,South,0,1050000,Jogulamba Gadwal | Maldakal
Telangana,Hanumakonda,Hanamkonda,Residential Plot,0,0,900,Not Applicable,East,0,2475000,Hanumakonda | Hunter Road
Telangana,Hyderabad,Hyderabad,Villa,3,2,2470,Unfurnished,East,1,42125000,Hyderabad | Somajiguda
Andhra Pradesh,Guntur,Guntur,Apartment,2,1,1087,Unfurnished,South-East,0,5800000,Guntur | Arundelpet
Telangana,Jagtial,Jagtial,Independent House,4,4,2454,Semi-Furnished,East,0,5325000,Jagtial | Metpally
Andhra Pradesh,Krishna,Vijayawada,Independent House,3,3,1850,Unfurnished,North,0,9350000,Krishna | Penamaluru
Andhra Pradesh,Guntur,Amaravati,Apartment,4,3,1906,Unfurnished,West,0,10000000,Guntur | Tadepalle
Andhra Pradesh,Anantapur,Anantapur,Apartment,2,3,1129,Unfurnished,West,0,2275000,Anantapur | Uravakonda
Andhra Pradesh,Kurnool,Kurnool,Residential Plot,0,0,1998,Not Applicable,North-East,0,4425000,Kurnool | Budhwarpet
Telangana,Jayashankar Bhupalpally,Bhupalpally,Independent Builder Floor,2,1,820,Unfurnished,North,0,1175000,Jayashankar Bhupalpally | Chityal
Telangana,Nirmal,Nirmal,Residential Plot,0,0,1350,Not Applicable,North-East,0,2400000,Nirmal | Nirmal Town
Andhra Pradesh,Srikakulam,Srikakulam,Residential Plot,0,0,2700,Not Applicable,East,0,5150000,Srikakulam | Srikakulam Town
Telangana,Nalgonda,Nalgonda,Residential Plot,0,0,2160,Not Applicable,East,0,1475000,Nalgonda | Chandur
Telangana,Nalgonda,Nalgonda,Residential Plot,0,0,2160,Not Applicable,East,0,1500000,Nalgonda | Chityal
Telangana,Wanaparthy,Wanaparthy,Residential Plot,0,0,2997,Not Applicable,South-East,0,1500000,Wanaparthy | Gopalpeta
Andhra Pradesh,Krishna,Vijayawada,Residential Plot,0,0,900,Not Applicable,South,0,1800000,Krishna | Kanuru
Telangana,Medak,Medak,Apartment,3,3,1636,Unfurnished,North-East,0,3950000,Medak | Ramayampet
Andhra Pradesh,Anakapalli,Anakapalle,Independent House,3,2,1849,Furnished,North,2,10000000,Anakapalli | Anakapalle Town
Telangana,Vikarabad,Vikarabad,Villa,4,4,2395,Semi-Furnished,West,1,7075000,Vikarabad | Parigi
Telangana,Karimnagar,Karimnagar,Independent House,3,3,1642,Unfurnished,South,13,7300000,Karimnagar | Mankammathota
Andhra Pradesh,Kurnool,Kurnool,Villa,3,2,1990,Unfurnished,East,2,6225000,Kurnool | Mantralayam
Andhra Pradesh,Eluru,Eluru,Apartment,2,2,844,Unfurnished,North,7,3300000,Eluru | Eluru Town
Telangana,Medchal Malkajgiri,Hyderabad,Apartment,3,3,1603,Unfurnished,East,0,12150000,Medchal Malkajgiri | Uppal
Telangana,Jagtial,Jagtial,Residential Plot,0,0,900,Not Applicable,West,0,975000,Jagtial | Korutla
Telangana,Hyderabad,Hyderabad,Apartment,3,2,1440,Unfurnished,East,0,8625000,Hyderabad | Malakpet
Andhra Pradesh,Sri Potti Sriramulu Nellore,Nellore,Residential Plot,0,0,2160,Not Applicable,North,0,4300000,Sri Potti Sriramulu Nellore | Pogathota
Andhra Pradesh,Sri Potti Sriramulu Nellore,Nellore,Residential Plot,0,0,1197,Not Applicable,East,0,2550000,Sri Potti Sriramulu Nellore | Pogathota
Andhra Pradesh,Guntur,Guntur,Residential Plot,0,0,1197,Not Applicable,West,0,2250000,Guntur | Auto Nagar
Telangana,Medak,Medak,Independent House,3,3,1359,Semi-Furnished,East,10,2050000,Medak | Chegunta
Andhra Pradesh,Prakasam,Ongole,Independent House,4,4,1594,Unfurnished,North,30,1775000,Prakasam | Santhanuthalapadu
Telangana,Yadadri Bhuvanagiri,Bhongir,Residential Plot,0,0,3600,Not Applicable,North-East,0,5575000,Yadadri Bhuvanagiri | Choutuppal
Telangana,Rangareddy,Hyderabad,Apartment,2,2,1059,Unfurnished,North-East,0,7225000,Rangareddy | Adibatla
Andhra Pradesh,Palnadu,Narasaraopet,Independent Builder Floor,2,1,885,Semi-Furnished,East,3,3475000,Palnadu | Narasaraopet Town
Andhra Pradesh,Anakapalli,Anakapalle,Villa,3,3,2018,Unfurnished,North-East,1,10800000,Anakapalli | Anakapalle Town
Telangana,Karimnagar,Karimnagar,Independent Builder Floor,2,2,976,Unfurnished,West,0,4600000,Karimnagar | Kashmirgadda
Telangana,Medchal Malkajgiri,Hyderabad,Independent House,6,6,2889,Semi-Furnished,South,3,19350000,Medchal Malkajgiri | Kukatpally
Telangana,Rangareddy,Hyderabad,Residential Plot,0,0,1800,Not Applicable,East,0,9050000,Rangareddy | LB Nagar
Andhra Pradesh,Kurnool,Kurnool,Apartment,2,2,772,Semi-Furnished,South-East,1,2100000,Kurnool | Mantralayam
Andhra Pradesh,Chittoor,Chittoor,Apartment,2,2,915,Unfurnished,North,0,2425000,Chittoor | Punganur
Telangana,Nirmal,Nirmal,Apartment,3,4,1577,Unfurnished,South-East,0,3550000,Nirmal | Bhainsa
Andhra Pradesh,Alluri Sitharama Raju,Paderu,Apartment,3,3,1502,Furnished,East,5,2300000,Alluri Sitharama Raju | Munchingiputtu
Telangana,Karimnagar,Karimnagar,Independent House,3,4,2056,Furnished,West,1,7175000,Karimnagar | Huzurabad
Telangana,Rangareddy,Hyderabad,Independent House,4,5,2018,Furnished,South,16,9975000,Rangareddy | Ibrahimpatnam
Telangana,Vikarabad,Vikarabad,Independent House,3,3,1585,Unfurnished,South-East,7,5850000,Vikarabad | Vikarabad Town
Andhra Pradesh,Kakinada,Kakinada,Apartment,4,4,1963,Furnished,East,4,11550000,Kakinada | Jagannaickpur
Telangana,Rangareddy,Hyderabad,Independent Builder Floor,2,2,1035,Unfurnished,East,0,4700000,Rangareddy | Shadnagar
Telangana,Rajanna Sircilla,Sircilla,Residential Plot,0,0,1197,Not Applicable,East,0,925000,Rajanna Sircilla | Ellanthakunta
Andhra Pradesh,Kakinada,Kakinada,Apartment,1,1,568,Semi-Furnished,West,7,3200000,Kakinada | Bhanugudi Junction
Telangana,Suryapet,Suryapet,Residential Plot,0,0,3600,Not Applicable,South,0,6425000,Suryapet | Suryapet Town
Andhra Pradesh,Krishna,Vijayawada,Apartment,2,2,1165,Unfurnished,East,0,5525000,Krishna | Poranki
Telangana,Suryapet,Suryapet,Residential Plot,0,0,2700,Not Applicable,East,0,2875000,Suryapet | Huzurnagar
Telangana,Medchal Malkajgiri,Hyderabad,Apartment,3,3,1683,Unfurnished,West,0,12125000,Medchal Malkajgiri | Malkajgiri
Andhra Pradesh,Anantapur,Anantapur,Residential Plot,0,0,1800,Not Applicable,West,0,1900000,Anantapur | Rayadurg
Telangana,Nizamabad,Nizamabad,Apartment,2,1,1023,Unfurnished,South-East,0,2450000,Nizamabad | Balkonda
Andhra Pradesh,Krishna,Machilipatnam,Independent Builder Floor,3,2,1720,Unfurnished,East,20,6400000,Krishna | Gudivada
Andhra Pradesh,Annamayya,Madanapalle,Independent House,3,2,1666,Unfurnished,South-East,5,2975000,Annamayya | Pileru
Telangana,Nagarkurnool,Nagarkurnool,Apartment,3,3,1718,Unfurnished,East,0,3600000,Nagarkurnool | Kalwakurthy
Telangana,Khammam,Khammam,Independent House,3,3,1909,Unfurnished,North,9,9475000,Khammam | Gandhi Chowk
Andhra Pradesh,Eluru,Eluru,Residential Plot,0,0,1350,Not Applicable,West,0,1175000,Eluru | Denduluru
Andhra Pradesh,Dr. B.R. Ambedkar Konaseema,Amalapuram,Independent House,3,3,1578,Unfurnished,East,0,4025000,Dr. B.R. Ambedkar Konaseema | Mummidivaram
Andhra Pradesh,Sri Potti Sriramulu Nellore,Nellore,Residential Plot,0,0,900,Not Applicable,East,0,2300000,Sri Potti Sriramulu Nellore | Magunta Layout
Telangana,Bhadradri Kothagudem,Kothagudem,Villa,3,3,1686,Unfurnished,West,3,4850000,Bhadradri Kothagudem | Yellandu
Andhra Pradesh,Sri Potti Sriramulu Nellore,Nellore,Independent House,2,1,1334,Unfurnished,East,1,7050000,Sri Potti Sriramulu Nellore | Vedayapalem
Telangana,Yadadri Bhuvanagiri,Bhongir,Independent House,3,4,1854,Semi-Furnished,East,2,8175000,Yadadri Bhuvanagiri | Bibinagar
Andhra Pradesh,NTR,Vijayawada,Independent Builder Floor,2,3,1056,Semi-Furnished,South,1,4575000,NTR | Nandigama
Telangana,Sangareddy,Hyderabad,Apartment,3,2,1562,Unfurnished,East,7,8500000,Sangareddy | Bollaram
Andhra Pradesh,Guntur,Guntur,Independent Builder Floor,2,3,1056,Unfurnished,East,0,3675000,Guntur | Pedakakani
Andhra Pradesh,NTR,Vijayawada,Villa,5,4,3339,Semi-Furnished,North,2,18275000,NTR | Mylavaram
Andhra Pradesh,YSR Kadapa,Kadapa,Independent House,4,4,2177,Semi-Furnished,North-East,17,7500000,YSR Kadapa | Ravindra Nagar
Telangana,Medchal Malkajgiri,Hyderabad,Apartment,3,3,1766,Unfurnished,East,1,12475000,Medchal Malkajgiri | AS Rao Nagar
Telangana,Kamareddy,Kamareddy,Independent House,5,6,2473,Semi-Furnished,West,1,4775000,Kamareddy | Yellareddy
Andhra Pradesh,Palnadu,Narasaraopet,Apartment,1,1,549,Unfurnished,South,7,1975000,Palnadu | Chilakaluripet
Telangana,Vikarabad,Vikarabad,Independent House,6,7,2754,Furnished,South,14,4450000,Vikarabad | Kodangal
Telangana,Medchal Malkajgiri,Hyderabad,Villa,3,2,2389,Furnished,North,1,21150000,Medchal Malkajgiri | Bowrampet
Telangana,Rangareddy,Hyderabad,Independent House,3,3,1935,Semi-Furnished,East,6,23000000,Rangareddy | Kokapet
Telangana,Nagarkurnool,Nagarkurnool,Residential Plot,0,0,1998,Not Applicable,North,0,1350000,Nagarkurnool | Lingal
Andhra Pradesh,Anantapur,Anantapur,Independent House,2,2,1069,Unfurnished,East,15,3175000,Anantapur | Tapovanam
Andhra Pradesh,Sri Sathya Sai,Puttaparthi,Apartment,2,3,1284,Unfurnished,East,9,3675000,Sri Sathya Sai | Hindupur
Andhra Pradesh,YSR Kadapa,Kadapa,Independent Builder Floor,2,2,970,Unfurnished,South,1,3475000,YSR Kadapa | Ravindra Nagar
Telangana,Mancherial,Mancherial,Apartment,2,2,1173,Unfurnished,East,0,4200000,Mancherial | Mancherial Town
Telangana,Vikarabad,Vikarabad,Residential Plot,0,0,1350,Not Applicable,West,0,1050000,Vikarabad | Kodangal
Andhra Pradesh,Anakapalli,Anakapalle,Independent House,3,4,1354,Furnished,East,0,6800000,Anakapalli | Sabbavaram
Telangana,Kumuram Bheem Asifabad,Asifabad,Apartment,2,1,892,Unfurnished,North-East,0,1550000,Kumuram Bheem Asifabad | Wankidi
Andhra Pradesh,Tirupati,Tirupati,Apartment,2,2,1138,Semi-Furnished,West,3,5825000,Tirupati | Tiruchanur
Andhra Pradesh,YSR Kadapa,Kadapa,Apartment,2,1,978,Unfurnished,East,1,1925000,YSR Kadapa | Kamalapuram
Andhra Pradesh,Visakhapatnam,Visakhapatnam,Apartment,3,3,1459,Semi-Furnished,North-East,1,14375000,Visakhapatnam | Rushikonda
Telangana,Peddapalli,Peddapalli,Villa,3,3,2296,Semi-Furnished,East,20,4250000,Peddapalli | Dharmaram
Andhra Pradesh,Guntur,Guntur,Independent House,4,5,1941,Semi-Furnished,North,3,10250000,Guntur | Arundelpet
Telangana,Yadadri Bhuvanagiri,Bhongir,Independent Builder Floor,2,2,1152,Unfurnished,North-East,1,2600000,Yadadri Bhuvanagiri | Ramannapet
Andhra Pradesh,NTR,Vijayawada,Apartment,3,3,1545,Unfurnished,North,0,12200000,NTR | Benz Circle
Telangana,Peddapalli,Peddapalli,Apartment,2,2,955,Furnished,East,0,3775000,Peddapalli | Godavarikhani
Telangana,Karimnagar,Karimnagar,Independent House,4,4,1907,Unfurnished,North-East,28,7425000,Karimnagar | Kashmirgadda
Telangana,Hyderabad,Hyderabad,Villa,5,6,3074,Unfurnished,North,20,29500000,Hyderabad | Tarnaka
Andhra Pradesh,Tirupati,Tirupati,Apartment,3,3,1438,Semi-Furnished,East,3,5850000,Tirupati | Chandragiri
Andhra Pradesh,Polavaram,Rampachodavaram,Residential Plot,0,0,1350,Not Applicable,East,0,1175000,Polavaram | Maredumilli
Andhra Pradesh,Srikakulam,Srikakulam,Apartment,2,2,1098,Unfurnished,North-East,13,4200000,Srikakulam | Srikakulam Town
Andhra Pradesh,NTR,Vijayawada,Apartment,2,2,905,Unfurnished,North,0,3875000,NTR | Nunna
Telangana,Nagarkurnool,Nagarkurnool,Residential Plot,0,0,1800,Not Applicable,East,0,1625000,Nagarkurnool | Kalwakurthy
Andhra Pradesh,Guntur,Amaravati,Apartment,2,1,904,Semi-Furnished,East,1,3575000,Guntur | Thullur
Telangana,Peddapalli,Peddapalli,Independent House,3,3,1606,Unfurnished,North,3,2950000,Peddapalli | Dharmaram
Telangana,Sangareddy,Hyderabad,Residential Plot,0,0,1998,Not Applicable,North,0,9100000,Sangareddy | Patancheru
Telangana,Hyderabad,Hyderabad,Apartment,3,2,1091,Unfurnished,South,0,13975000,Hyderabad | Jubilee Hills
Andhra Pradesh,Anakapalli,Anakapalle,Villa,4,4,2244,Unfurnished,East,13,7150000,Anakapalli | Atchutapuram
Telangana,Medchal Malkajgiri,Hyderabad,Residential Plot,0,0,900,Not Applicable,West,0,6225000,Medchal Malkajgiri | KPHB
Telangana,Rangareddy,Hyderabad,Independent House,3,3,1332,Furnished,North,1,13350000,Rangareddy | Narsingi
Telangana,Sangareddy,Sangareddy,Residential Plot,0,0,1503,Not Applicable,South,0,3825000,Sangareddy | Sangareddy Town
Telangana,Hanumakonda,Hanamkonda,Independent House,2,3,1153,Unfurnished,East,1,3700000,Hanumakonda | Dharmasagar
Telangana,Rangareddy,Hyderabad,Apartment,4,4,2072,Unfurnished,North-East,15,23925000,Rangareddy | Gachibowli
Telangana,Rangareddy,Hyderabad,Independent House,4,4,2388,Semi-Furnished,North,9,17150000,Rangareddy | Shamshabad
Andhra Pradesh,Dr. B.R. Ambedkar Konaseema,Amalapuram,Independent House,2,3,1070,Semi-Furnished,West,7,2325000,Dr. B.R. Ambedkar Konaseema | Alamuru
Andhra Pradesh,Visakhapatnam,Visakhapatnam,Apartment,3,2,1401,Semi-Furnished,North-East,15,9175000,Visakhapatnam | Kommadi
Andhra Pradesh,Polavaram,Rampachodavaram,Independent House,3,3,1336,Semi-Furnished,North,3,2425000,Polavaram | Addateegala
Telangana,Sangareddy,Hyderabad,Independent Builder Floor,3,3,1530,Unfurnished,North-East,0,10075000,Sangareddy | Tellapur
Andhra Pradesh,Guntur,Guntur,Apartment,3,3,1562,Semi-Furnished,North-East,0,12100000,Guntur | Arundelpet
Telangana,Peddapalli,Peddapalli,Independent House,4,4,1994,Unfurnished,East,23,2525000,Peddapalli | Sultanabad
Telangana,Nizamabad,Nizamabad,Independent House,2,2,1583,Unfurnished,East,12,3125000,Nizamabad | Nandipet
Andhra Pradesh,Anakapalli,Anakapalle,Apartment,4,3,1830,Unfurnished,North,0,6475000,Anakapalli | Narsipatnam
Telangana,Hyderabad,Hyderabad,Apartment,1,1,474,Unfurnished,South,0,5775000,Hyderabad | Himayatnagar
Andhra Pradesh,Visakhapatnam,Visakhapatnam,Independent House,2,3,1037,Furnished,East,2,10675000,Visakhapatnam | Seethammadhara
Andhra Pradesh,Krishna,Vijayawada,Apartment,3,4,1674,Unfurnished,East,0,7575000,Krishna | Penamaluru
Telangana,Warangal,Warangal,Independent House,3,4,1653,Unfurnished,East,9,4925000,Warangal | Nekkonda
Telangana,Adilabad,Adilabad,Apartment,2,1,1025,Furnished,South,9,1900000,Adilabad | Utnoor
Andhra Pradesh,Kakinada,Kakinada,Apartment,2,1,1111,Unfurnished,South,0,7100000,Kakinada | Gandhi Nagar
Andhra Pradesh,Sri Potti Sriramulu Nellore,Nellore,Independent House,4,4,2039,Unfurnished,North,30,4000000,Sri Potti Sriramulu Nellore | Buchireddypalem
Telangana,Jogulamba Gadwal,Gadwal,Apartment,2,2,1097,Unfurnished,West,5,1825000,Jogulamba Gadwal | Alampur
Telangana,Medchal Malkajgiri,Hyderabad,Villa,4,4,2357,Unfurnished,West,1,26925000,Medchal Malkajgiri | Kukatpally
Telangana,Medchal Malkajgiri,Hyderabad,Independent House,3,3,1499,Unfurnished,East,0,12150000,Medchal Malkajgiri | Nizampet
Telangana,Narayanpet,Narayanpet,Independent House,2,2,1149,Furnished,East,9,3175000,Narayanpet | Narayanpet Town
Andhra Pradesh,NTR,Vijayawada,Independent House,3,4,1376,Semi-Furnished,South,30,4650000,NTR | Ibrahimpatnam
Telangana,Medchal Malkajgiri,Hyderabad,Apartment,3,3,1558,Unfurnished,North-East,0,11475000,Medchal Malkajgiri | Kompally
Andhra Pradesh,Kakinada,Kakinada,Apartment,2,2,1098,Semi-Furnished,South,2,7375000,Kakinada | Bhanugudi Junction
Telangana,Medchal Malkajgiri,Hyderabad,Residential Plot,0,0,1350,Not Applicable,West,0,11250000,Medchal Malkajgiri | KPHB
Telangana,Nalgonda,Nalgonda,Independent House,5,5,2586,Unfurnished,South-East,7,7450000,Nalgonda | Miryalaguda
Telangana,Nizamabad,Nizamabad,Independent House,4,4,2241,Furnished,North,11,6575000,Nizamabad | Bodhan
Telangana,Rangareddy,Hyderabad,Independent House,3,3,1694,Semi-Furnished,North,1,12400000,Rangareddy | Nadargul
Andhra Pradesh,Anantapur,Anantapur,Apartment,3,4,1164,Furnished,South-East,15,4075000,Anantapur | Kamala Nagar
Andhra Pradesh,Tirupati,Tirupati,Apartment,4,4,2116,Unfurnished,North,0,11275000,Tirupati | Bairagipatteda
Andhra Pradesh,East Godavari,Rajahmundry,Apartment,3,4,1368,Semi-Furnished,North,2,7450000,East Godavari | Prakash Nagar
Telangana,Narayanpet,Narayanpet,Independent House,2,2,1180,Unfurnished,North-East,10,1675000,Narayanpet | Maganoor
Telangana,Kamareddy,Kamareddy,Residential Plot,0,0,1350,Not Applicable,South,0,2600000,Kamareddy | Kamareddy Town
Telangana,Jagtial,Jagtial,Residential Plot,0,0,1800,Not Applicable,North,0,3275000,Jagtial | Jagtial Town
Andhra Pradesh,Tirupati,Tirupati,Residential Plot,0,0,2700,Not Applicable,South,0,4625000,Tirupati | Chandragiri
Andhra Pradesh,Krishna,Vijayawada,Independent Builder Floor,3,2,1598,Semi-Furnished,East,9,7550000,Krishna | Kanuru
Telangana,Rangareddy,Hyderabad,Independent House,2,2,1467,Semi-Furnished,North,5,19650000,Rangareddy | Madhapur
Telangana,Khammam,Khammam,Apartment,3,2,1541,Semi-Furnished,East,9,4450000,Khammam | Madhira
Andhra Pradesh,Sri Sathya Sai,Puttaparthi,Apartment,2,1,1125,Unfurnished,South,0,4675000,Sri Sathya Sai | Puttaparthi Town
Telangana,Bhadradri Kothagudem,Kothagudem,Residential Plot,0,0,1197,Not Applicable,South,0,1375000,Bhadradri Kothagudem | Palvancha
Andhra Pradesh,Prakasam,Ongole,Independent House,3,3,1829,Semi-Furnished,West,0,6400000,Prakasam | Ongole Town
Andhra Pradesh,Dr. B.R. Ambedkar Konaseema,Amalapuram,Apartment,3,3,1583,Unfurnished,North-East,0,4700000,Dr. B.R. Ambedkar Konaseema | Mandapeta
Andhra Pradesh,East Godavari,Rajahmundry,Apartment,2,2,1216,Semi-Furnished,South,5,4800000,East Godavari | Danavaipeta
Andhra Pradesh,Guntur,Amaravati,Residential Plot,0,0,2700,Not Applicable,North,0,5050000,Guntur | Undavalli
Telangana,Medchal Malkajgiri,Hyderabad,Residential Plot,0,0,2160,Not Applicable,South,0,12425000,Medchal Malkajgiri | Bachupally
Andhra Pradesh,Sri Potti Sriramulu Nellore,Nellore,Independent House,4,4,2098,Semi-Furnished,North,0,10725000,Sri Potti Sriramulu Nellore | Trunk Road
Andhra Pradesh,Guntur,Guntur,Apartment,4,5,2235,Semi-Furnished,West,3,9275000,Guntur | Kothapet
Andhra Pradesh,East Godavari,Rajahmundry,Independent Builder Floor,3,3,1548,Unfurnished,North,4,6375000,East Godavari | Lalacheruvu
Telangana,Rangareddy,Hyderabad,Apartment,3,3,1512,Unfurnished,North-East,0,18350000,Rangareddy | Nallagandla
Telangana,Nizamabad,Nizamabad,Apartment,2,2,929,Unfurnished,South,1,2850000,Nizamabad | Bodhan
Telangana,Sangareddy,Sangareddy,Apartment,3,3,1561,Unfurnished,West,0,7350000,Sangareddy | Sangareddy Town
Andhra Pradesh,Srikakulam,Srikakulam,Residential Plot,0,0,1197,Not Applicable,West,0,1125000,Srikakulam | Ranasthalam
Andhra Pradesh,NTR,Vijayawada,Apartment,1,2,427,Unfurnished,South,0,3175000,NTR | Benz Circle
Telangana,Adilabad,Adilabad,Residential Plot,0,0,1503,Not Applicable,West,0,1025000,Adilabad | Utnoor
Telangana,Karimnagar,Karimnagar,Independent House,6,7,3112,Unfurnished,North-East,13,6925000,Karimnagar | Thimmapur
Telangana,Hyderabad,Hyderabad,Residential Plot,0,0,1620,Not Applicable,South,0,9300000,Hyderabad | Tolichowki
Andhra Pradesh,Nandyal,Nandyal,Independent Builder Floor,2,2,1066,Semi-Furnished,South-East,6,2125000,Nandyal | Koilkuntla
Andhra Pradesh,East Godavari,Rajahmundry,Apartment,2,1,1004,Unfurnished,West,0,4225000,East Godavari | Bommuru
Andhra Pradesh,Guntur,Amaravati,Apartment,3,2,1333,Unfurnished,East,3,8675000,Guntur | Tadepalle
Telangana,Khammam,Khammam,Independent House,3,3,1429,Unfurnished,North,23,5025000,Khammam | Gandhi Chowk
Andhra Pradesh,Visakhapatnam,Visakhapatnam,Residential Plot,0,0,2700,Not Applicable,South-East,0,11875000,Visakhapatnam | Yendada
Telangana,Jangaon,Jangaon,Independent House,3,3,1815,Unfurnished,West,0,3125000,Jangaon | Palakurthi
Telangana,Karimnagar,Karimnagar,Independent House,3,2,1748,Unfurnished,East,0,6350000,Karimnagar | Vavilalapally
Telangana,Medchal Malkajgiri,Hyderabad,Apartment,3,2,1627,Unfurnished,North,0,8500000,Medchal Malkajgiri | Shamirpet
Telangana,Nizamabad,Nizamabad,Independent House,3,3,1498,Semi-Furnished,West,14,2725000,Nizamabad | Bheemgal
Andhra Pradesh,Annamayya,Madanapalle,Independent House,3,3,1531,Semi-Furnished,East,3,3100000,Annamayya | Kodur
Andhra Pradesh,Polavaram,Rampachodavaram,Independent House,4,4,2345,Semi-Furnished,North-East,9,2500000,Polavaram | Yetapaka
Telangana,Sangareddy,Hyderabad,Independent House,6,6,2899,Unfurnished,North,0,27925000,Sangareddy | Tellapur
Andhra Pradesh,Srikakulam,Srikakulam,Apartment,3,3,1654,Unfurnished,East,0,4650000,Srikakulam | Amadalavalasa
Telangana,Hyderabad,Hyderabad,Apartment,1,1,571,Unfurnished,East,1,8850000,Hyderabad | Jubilee Hills
Andhra Pradesh,Krishna,Machilipatnam,Residential Plot,0,0,1800,Not Applicable,East,0,2075000,Krishna | Pamarru
Andhra Pradesh,Kurnool,Kurnool,Independent House,3,2,1701,Furnished,South-East,0,7125000,Kurnool | Gayathri Estates
Andhra Pradesh,Dr. B.R. Ambedkar Konaseema,Amalapuram,Residential Plot,0,0,1503,Not Applicable,North-East,0,1750000,Dr. B.R. Ambedkar Konaseema | Razole
Andhra Pradesh,East Godavari,Rajahmundry,Apartment,2,2,929,Unfurnished,North,0,3925000,East Godavari | Lalacheruvu
Telangana,Siddipet,Siddipet,Independent House,3,2,1713,Semi-Furnished,East,1,8125000,Siddipet | Siddipet Town
Telangana,Hanumakonda,Hanamkonda,Apartment,2,2,1049,Furnished,North-East,3,5750000,Hanumakonda | Kazipet
Telangana,Khammam,Khammam,Residential Plot,0,0,1998,Not Applicable,North-East,0,4125000,Khammam | Gandhi Chowk
Telangana,Nagarkurnool,Nagarkurnool,Apartment,3,3,1520,Unfurnished,West,11,2500000,Nagarkurnool | Lingal
Telangana,Yadadri Bhuvanagiri,Bhongir,Residential Plot,0,0,1998,Not Applicable,East,0,2600000,Yadadri Bhuvanagiri | Choutuppal
Telangana,Jagtial,Jagtial,Independent House,4,4,2136,Unfurnished,South,3,2900000,Jagtial | Dharmapuri
Telangana,Hanumakonda,Hanamkonda,Residential Plot,0,0,1350,Not Applicable,East,0,3900000,Hanumakonda | Balasamudram
Andhra Pradesh,Kurnool,Kurnool,Independent House,4,4,1746,Semi-Furnished,East,27,3700000,Kurnool | Yemmiganur
Andhra Pradesh,Sri Sathya Sai,Puttaparthi,Apartment,1,1,558,Furnished,South,0,1400000,Sri Sathya Sai | Kadiri
Andhra Pradesh,Guntur,Guntur,Villa,4,3,2134,Unfurnished,West,14,12075000,Guntur | Kothapet
Telangana,Mahabubnagar,Mahabubnagar,Apartment,3,3,1845,Unfurnished,North,13,7000000,Mahabubnagar | Mahabubnagar Town
Telangana,Yadadri Bhuvanagiri,Bhongir,Apartment,1,2,427,Unfurnished,East,0,1025000,Yadadri Bhuvanagiri | Ramannapet
Telangana,Nizamabad,Nizamabad,Independent Builder Floor,2,3,798,Unfurnished,South,2,2950000,Nizamabad | Vinayak Nagar
Telangana,Jogulamba Gadwal,Gadwal,Residential Plot,0,0,1350,Not Applicable,North-East,0,875000,Jogulamba Gadwal | Ieeja
Andhra Pradesh,Guntur,Guntur,Independent House,3,2,1456,Unfurnished,South-East,6,8775000,Guntur | Lakshmipuram
Andhra Pradesh,East Godavari,Rajahmundry,Apartment,1,1,531,Unfurnished,South-East,15,2325000,East Godavari | Prakash Nagar
Telangana,Hyderabad,Hyderabad,Villa,3,4,2113,Furnished,East,21,23725000,Hyderabad | Tarnaka
Andhra Pradesh,Annamayya,Madanapalle,Apartment,2,3,997,Furnished,South,2,2625000,Annamayya | Pileru
Telangana,Karimnagar,Karimnagar,Independent House,6,6,3179,Furnished,East,3,11950000,Karimnagar | Chaitanyapuri
Andhra Pradesh,YSR Kadapa,Kadapa,Apartment,1,1,574,Furnished,North-East,1,1550000,YSR Kadapa | Jammalamadugu
Telangana,Rangareddy,Hyderabad,Independent House,5,5,2269,Furnished,South,28,22875000,Rangareddy | Nanakramguda
Telangana,Khammam,Khammam,Apartment,2,2,965,Semi-Furnished,North-East,8,2900000,Khammam | Thirumalayapalem
Telangana,Hyderabad,Hyderabad,Apartment,3,3,1282,Unfurnished,North-East,0,12625000,Hyderabad | Ameerpet
Andhra Pradesh,Bapatla,Bapatla,Residential Plot,0,0,2160,Not Applicable,South-East,0,3650000,Bapatla | Bapatla Town
Andhra Pradesh,Palnadu,Narasaraopet,Independent House,4,5,1986,Semi-Furnished,East,12,3650000,Palnadu | Gurazala
Telangana,Sangareddy,Hyderabad,Villa,5,5,3105,Unfurnished,East,0,25350000,Sangareddy | Bollaram
Andhra Pradesh,Kakinada,Kakinada,Villa,3,3,2107,Furnished,East,17,15075000,Kakinada | Sarpavaram
Telangana,Suryapet,Suryapet,Residential Plot,0,0,2997,Not Applicable,South-East,0,3675000,Suryapet | Kodad
Andhra Pradesh,Palnadu,Narasaraopet,Residential Plot,0,0,1800,Not Applicable,West,0,3425000,Palnadu | Narasaraopet Town
Telangana,Vikarabad,Vikarabad,Residential Plot,0,0,2700,Not Applicable,North-East,0,3325000,Vikarabad | Parigi
Andhra Pradesh,Guntur,Guntur,Apartment,2,2,1101,Unfurnished,North-East,0,5500000,Guntur | Nallapadu
Telangana,Nizamabad,Nizamabad,Independent House,3,3,1515,Unfurnished,West,9,3475000,Nizamabad | Dichpally
Andhra Pradesh,NTR,Vijayawada,Residential Plot,0,0,1503,Not Applicable,South-East,0,2775000,NTR | Kondapalli
Telangana,Hyderabad,Hyderabad,Apartment,3,4,1363,Unfurnished,South-East,0,8575000,Hyderabad | Mehdipatnam
Andhra Pradesh,NTR,Vijayawada,Residential Plot,0,0,3600,Not Applicable,North-East,0,15125000,NTR | Patamata
Andhra Pradesh,West Godavari,Bhimavaram,Independent House,4,4,1836,Semi-Furnished,East,1,9625000,West Godavari | Bhimavaram Town
Andhra Pradesh,Krishna,Vijayawada,Apartment,2,2,1220,Unfurnished,East,2,7150000,Krishna | Poranki
Andhra Pradesh,Anakapalli,Anakapalle,Apartment,2,1,967,Semi-Furnished,East,0,4150000,Anakapalli | Anakapalle Town
Telangana,Rangareddy,Hyderabad,Villa,3,3,2087,Unfurnished,North,0,36925000,Rangareddy | Financial District
Telangana,Nirmal,Nirmal,Residential Plot,0,0,1998,Not Applicable,West,0,975000,Nirmal | Sarangapur
Andhra Pradesh,Polavaram,Rampachodavaram,Independent House,4,3,2048,Furnished,North,8,3025000,Polavaram | Chintur
Andhra Pradesh,West Godavari,Bhimavaram,Independent House,6,6,2906,Semi-Furnished,East,6,10950000,West Godavari | Tadepalligudem
Andhra Pradesh,Sri Potti Sriramulu Nellore,Nellore,Apartment,3,3,1681,Furnished,North-East,1,5150000,Sri Potti Sriramulu Nellore | Buchireddypalem
Andhra Pradesh,Anakapalli,Anakapalle,Residential Plot,0,0,1503,Not Applicable,North-East,0,2000000,Anakapalli | Nakkapalli
Andhra Pradesh,Kakinada,Kakinada,Apartment,3,4,1252,Unfurnished,North-East,0,5200000,Kakinada | Santhi Nagar
Telangana,Bhadradri Kothagudem,Kothagudem,Residential Plot,0,0,1350,Not Applicable,South-East,0,1925000,Bhadradri Kothagudem | Bhadrachalam
Andhra Pradesh,Markapuram,Markapuram,Apartment,2,2,983,Unfurnished,West,9,1850000,Markapuram | Giddalur
Andhra Pradesh,West Godavari,Bhimavaram,Villa,3,2,2014,Unfurnished,South,5,11050000,West Godavari | Bhimavaram Town
Andhra Pradesh,Anantapur,Anantapur,Independent House,4,5,2102,Semi-Furnished,West,4,5325000,Anantapur | Tadipatri
Andhra Pradesh,Eluru,Eluru,Independent House,3,2,1812,Unfurnished,North-East,8,6675000,Eluru | Eluru Town
Andhra Pradesh,Srikakulam,Srikakulam,Residential Plot,0,0,2700,Not Applicable,West,0,3400000,Srikakulam | Palasa
Andhra Pradesh,Chittoor,Chittoor,Independent House,3,3,1653,Semi-Furnished,North,1,4400000,Chittoor | Nagari
Andhra Pradesh,Polavaram,Rampachodavaram,Independent House,6,6,3106,Semi-Furnished,East,3,9225000,Polavaram | Rampachodavaram
Andhra Pradesh,Annamayya,Madanapalle,Apartment,2,1,1251,Unfurnished,South,0,2125000,Annamayya | Thamballapalle
Telangana,Yadadri Bhuvanagiri,Bhongir,Residential Plot,0,0,2160,Not Applicable,East,0,3675000,Yadadri Bhuvanagiri | Bhongir Town
Telangana,Rangareddy,Hyderabad,Villa,3,3,2278,Semi-Furnished,East,17,22475000,Rangareddy | Shamshabad
Telangana,Rangareddy,Hyderabad,Villa,5,4,3624,Semi-Furnished,South-East,9,39775000,Rangareddy | Attapur
Andhra Pradesh,Anantapur,Anantapur,Apartment,4,4,2504,Unfurnished,North,29,6850000,Anantapur | Kamala Nagar
Telangana,Rajanna Sircilla,Sircilla,Independent House,3,3,1890,Semi-Furnished,East,0,3100000,Rajanna Sircilla | Thangallapally
Andhra Pradesh,West Godavari,Bhimavaram,Independent House,4,4,1916,Unfurnished,North,1,4850000,West Godavari | Attili
Andhra Pradesh,Sri Sathya Sai,Puttaparthi,Villa,5,6,3171,Semi-Furnished,North-East,1,12975000,Sri Sathya Sai | Hindupur
Telangana,Siddipet,Siddipet,Residential Plot,0,0,1620,Not Applicable,North,0,4150000,Siddipet | Siddipet Town
Andhra Pradesh,Guntur,Amaravati,Independent House,3,4,1606,Unfurnished,South,0,8350000,Guntur | Undavalli
Telangana,Warangal,Warangal,Independent Builder Floor,3,3,1468,Unfurnished,North-East,8,3175000,Warangal | Sangem
Andhra Pradesh,Guntur,Amaravati,Villa,3,2,3010,Unfurnished,North-East,7,23900000,Guntur | Tadepalle
Andhra Pradesh,Bapatla,Bapatla,Residential Plot,0,0,900,Not Applicable,East,0,1600000,Bapatla | Chirala
Andhra Pradesh,NTR,Vijayawada,Apartment,2,1,770,Unfurnished,West,0,3650000,NTR | Gollapudi
Telangana,Nalgonda,Nalgonda,Independent House,3,3,1484,Unfurnished,East,7,2775000,Nalgonda | Chityal
Andhra Pradesh,Kakinada,Kakinada,Independent House,5,4,2595,Unfurnished,North,30,7525000,Kakinada | Thimmapuram
Andhra Pradesh,Chittoor,Chittoor,Independent House,4,4,1879,Semi-Furnished,South,1,5275000,Chittoor | Nagari
Andhra Pradesh,Dr. B.R. Ambedkar Konaseema,Amalapuram,Independent House,3,3,1364,Semi-Furnished,West,20,3225000,Dr. B.R. Ambedkar Konaseema | Mandapeta
Andhra Pradesh,Kakinada,Kakinada,Residential Plot,0,0,1350,Not Applicable,North,0,1950000,Kakinada | Samalkot
Andhra Pradesh,Visakhapatnam,Visakhapatnam,Independent House,3,4,1559,Unfurnished,South,0,15425000,Visakhapatnam | Lawsons Bay Colony
Telangana,Adilabad,Adilabad,Apartment,3,4,1635,Unfurnished,West,1,5750000,Adilabad | Adilabad Town
Telangana,Nirmal,Nirmal,Independent House,5,5,2765,Unfurnished,North,6,9200000,Nirmal | Nirmal Town
Telangana,Hanumakonda,Hanamkonda,Apartment,3,4,1534,Unfurnished,South-East,2,8750000,Hanumakonda | Subedari
Andhra Pradesh,Annamayya,Madanapalle,Residential Plot,0,0,1197,Not Applicable,West,0,825000,Annamayya | Kalakada
Telangana,Vikarabad,Vikarabad,Independent House,4,4,2174,Unfurnished,South,0,6325000,Vikarabad | Tandur
Andhra Pradesh,Chittoor,Chittoor,Residential Plot,0,0,1503,Not Applicable,North-East,0,3250000,Chittoor | Gandhi Road
Telangana,Yadadri Bhuvanagiri,Bhongir,Independent House,4,5,2208,Semi-Furnished,East,20,9175000,Yadadri Bhuvanagiri | Yadagirigutta
Telangana,Hyderabad,Hyderabad,Independent House,3,3,1581,Unfurnished,West,13,16675000,Hyderabad | Banjara Hills
Andhra Pradesh,Tirupati,Tirupati,Residential Plot,0,0,2403,Not Applicable,North-East,0,7175000,Tirupati | K.T. Road
Andhra Pradesh,Tirupati,Tirupati,Apartment,3,3,1429,Unfurnished,North-East,0,5900000,Tirupati | Srikalahasti
Telangana,Rajanna Sircilla,Sircilla,Independent Builder Floor,3,3,1381,Semi-Furnished,North,0,4825000,Rajanna Sircilla | Vemulawada
Andhra Pradesh,Dr. B.R. Ambedkar Konaseema,Amalapuram,Apartment,2,2,809,Unfurnished,North,1,1575000,Dr. B.R. Ambedkar Konaseema | Ainavilli
Telangana,Nizamabad,Nizamabad,Apartment,2,3,1127,Unfurnished,North-East,8,3125000,Nizamabad | Bodhan
Telangana,Karimnagar,Karimnagar,Independent House,5,4,2139,Semi-Furnished,East,30,8950000,Karimnagar | Kashmirgadda
Andhra Pradesh,YSR Kadapa,Kadapa,Independent House,3,3,1571,Furnished,North-East,12,2775000,YSR Kadapa | Badvel
Andhra Pradesh,Sri Potti Sriramulu Nellore,Nellore,Apartment,1,1,565,Semi-Furnished,North,3,3300000,Sri Potti Sriramulu Nellore | Stonehousepeta
Telangana,Peddapalli,Peddapalli,Residential Plot,0,0,3600,Not Applicable,North,0,6825000,Peddapalli | Peddapalli Town
Andhra Pradesh,Anakapalli,Anakapalle,Residential Plot,0,0,1800,Not Applicable,North,0,2775000,Anakapalli | Narsipatnam
Telangana,Hyderabad,Hyderabad,Apartment,3,3,1275,Unfurnished,East,0,15200000,Hyderabad | Secunderabad
Telangana,Warangal,Warangal,Apartment,2,2,1102,Semi-Furnished,East,6,4625000,Warangal | Khila Warangal
Andhra Pradesh,Alluri Sitharama Raju,Paderu,Apartment,3,3,1770,Furnished,West,19,6125000,Alluri Sitharama Raju | Araku Valley
Telangana,Hanumakonda,Hanamkonda,Independent House,3,3,1864,Unfurnished,East,2,12575000,Hanumakonda | Subedari
Telangana,Bhadradri Kothagudem,Kothagudem,Apartment,1,1,477,Unfurnished,East,0,950000,Bhadradri Kothagudem | Aswaraopeta
Andhra Pradesh,Visakhapatnam,Visakhapatnam,Apartment,2,2,1185,Semi-Furnished,North,1,13250000,Visakhapatnam | MVP Colony
Andhra Pradesh,Eluru,Eluru,Independent House,6,6,3047,Semi-Furnished,East,0,6250000,Eluru | Kaikaluru
Telangana,Karimnagar,Karimnagar,Independent House,5,6,2380,Semi-Furnished,East,0,11825000,Karimnagar | Jyothinagar
Telangana,Hanumakonda,Hanamkonda,Villa,3,3,2317,Unfurnished,North,2,16775000,Hanumakonda | Balasamudram
Telangana,Sangareddy,Hyderabad,Apartment,3,4,1525,Unfurnished,North-East,1,11200000,Sangareddy | Kollur
Telangana,Adilabad,Adilabad,Independent House,2,2,1058,Semi-Furnished,North-East,21,3200000,Adilabad | Adilabad Town
Andhra Pradesh,Annamayya,Madanapalle,Residential Plot,0,0,1800,Not Applicable,West,0,1450000,Annamayya | Thamballapalle
Telangana,Jayashankar Bhupalpally,Bhupalpally,Independent House,4,4,2074,Semi-Furnished,East,15,2450000,Jayashankar Bhupalpally | Malharrao
Telangana,Medchal Malkajgiri,Hyderabad,Residential Plot,0,0,900,Not Applicable,East,0,6525000,Medchal Malkajgiri | KPHB
Telangana,Nalgonda,Nalgonda,Independent House,4,4,1987,Unfurnished,South,9,7800000,Nalgonda | Nalgonda Town
Andhra Pradesh,Nandyal,Nandyal,Residential Plot,0,0,2700,Not Applicable,South-East,0,2425000,Nandyal | Srisailam
Telangana,Karimnagar,Karimnagar,Independent House,2,2,1426,Semi-Furnished,South,11,6750000,Karimnagar | Jyothinagar
Andhra Pradesh,Vizianagaram,Vizianagaram,Apartment,1,1,575,Unfurnished,East,0,1350000,Vizianagaram | Denkada
Andhra Pradesh,Kakinada,Kakinada,Apartment,2,1,838,Unfurnished,North-East,0,5775000,Kakinada | Bhanugudi Junction
Andhra Pradesh,Dr. B.R. Ambedkar Konaseema,Amalapuram,Independent House,4,4,2129,Unfurnished,East,0,7725000,Dr. B.R. Ambedkar Konaseema | Amalapuram Town
Telangana,Kumuram Bheem Asifabad,Asifabad,Apartment,4,5,1883,Semi-Furnished,South,1,5425000,Kumuram Bheem Asifabad | Asifabad Town
Andhra Pradesh,Palnadu,Narasaraopet,Apartment,3,3,1443,Unfurnished,North-East,0,4325000,Palnadu | Chilakaluripet
Andhra Pradesh,Anantapur,Anantapur,Residential Plot,0,0,2700,Not Applicable,North,0,3825000,Anantapur | Gandhi Nagar
Andhra Pradesh,Visakhapatnam,Visakhapatnam,Apartment,2,2,1001,Unfurnished,North-East,0,10525000,Visakhapatnam | Rushikonda
Andhra Pradesh,Alluri Sitharama Raju,Paderu,Apartment,3,3,1773,Unfurnished,South,0,2750000,Alluri Sitharama Raju | Chintapalle
Telangana,Rajanna Sircilla,Sircilla,Independent House,4,4,2000,Semi-Furnished,South,7,7250000,Rajanna Sircilla | Sircilla Town
Telangana,Yadadri Bhuvanagiri,Bhongir,Apartment,2,3,1019,Unfurnished,South,1,3975000,Yadadri Bhuvanagiri | Bibinagar
Andhra Pradesh,Sri Potti Sriramulu Nellore,Nellore,Apartment,3,3,1548,Unfurnished,North,0,5875000,Sri Potti Sriramulu Nellore | Kavali
Telangana,Sangareddy,Hyderabad,Apartment,2,1,1097,Unfurnished,East,0,10375000,Sangareddy | Tellapur
Andhra Pradesh,Krishna,Machilipatnam,Independent House,3,4,1024,Unfurnished,East,18,2425000,Krishna | Pamarru
Telangana,Bhadradri Kothagudem,Kothagudem,Independent House,4,4,2337,Unfurnished,North,9,5475000,Bhadradri Kothagudem | Sujathanagar
Telangana,Rangareddy,Hyderabad,Apartment,3,3,1556,Unfurnished,West,1,18225000,Rangareddy | Nanakramguda
Andhra Pradesh,Kakinada,Kakinada,Independent House,4,4,2055,Furnished,North-East,1,13475000,Kakinada | Rama Rao Peta
Andhra Pradesh,Bapatla,Bapatla,Residential Plot,0,0,1503,Not Applicable,North-East,0,2400000,Bapatla | Chirala
Telangana,Rangareddy,Hyderabad,Independent House,4,3,2489,Unfurnished,East,1,21750000,Rangareddy | Mokila
Telangana,Karimnagar,Karimnagar,Apartment,2,1,1174,Furnished,North,8,4575000,Karimnagar | Chaitanyapuri
Andhra Pradesh,NTR,Vijayawada,Apartment,3,3,1621,Semi-Furnished,North,1,10350000,NTR | Auto Nagar
Telangana,Nalgonda,Nalgonda,Villa,3,3,1711,Unfurnished,North,3,6075000,Nalgonda | Nagarjuna Sagar
Andhra Pradesh,Visakhapatnam,Visakhapatnam,Apartment,3,3,1503,Unfurnished,West,11,14200000,Visakhapatnam | Rushikonda
Andhra Pradesh,Visakhapatnam,Visakhapatnam,Apartment,2,2,1012,Unfurnished,North,0,8450000,Visakhapatnam | Madhurawada
Telangana,Suryapet,Suryapet,Apartment,2,2,816,Unfurnished,South-East,0,1325000,Suryapet | Mothey
Andhra Pradesh,Sri Potti Sriramulu Nellore,Nellore,Apartment,2,1,983,Furnished,West,3,3125000,Sri Potti Sriramulu Nellore | Kavali
Andhra Pradesh,Nandyal,Nandyal,Independent House,3,3,1446,Unfurnished,South,8,2325000,Nandyal | Banaganapalle
Telangana,Narayanpet,Narayanpet,Residential Plot,0,0,2700,Not Applicable,South,0,1600000,Narayanpet | Narva
Telangana,Nizamabad,Nizamabad,Villa,4,5,2816,Semi-Furnished,East,1,16925000,Nizamabad | Khaleelwadi
Telangana,Siddipet,Siddipet,Villa,4,4,2816,Unfurnished,South,8,6475000,Siddipet | Cherial
Telangana,Vikarabad,Vikarabad,Independent House,3,2,1628,Semi-Furnished,South,7,3750000,Vikarabad | Parigi
Telangana,Jayashankar Bhupalpally,Bhupalpally,Apartment,3,3,1495,Unfurnished,East,0,1875000,Jayashankar Bhupalpally | Chityal
Andhra Pradesh,Anakapalli,Anakapalle,Independent House,2,1,1161,Semi-Furnished,East,2,5050000,Anakapalli | Narsipatnam
Telangana,Sangareddy,Hyderabad,Independent House,5,5,2981,Unfurnished,East,30,20700000,Sangareddy | Tellapur
Telangana,Hyderabad,Hyderabad,Residential Plot,0,0,1350,Not Applicable,East,0,7625000,Hyderabad | Mehdipatnam
Andhra Pradesh,Nandyal,Nandyal,Apartment,3,2,1409,Semi-Furnished,North,2,3100000,Nandyal | Mahanandi
Telangana,Medchal Malkajgiri,Hyderabad,Independent Builder Floor,3,3,1427,Furnished,East,7,10525000,Medchal Malkajgiri | Kapra
Andhra Pradesh,Annamayya,Madanapalle,Apartment,3,3,1668,Furnished,South,5,7425000,Annamayya | Madanapalle Town
Andhra Pradesh,Anantapur,Anantapur,Independent House,4,3,1997,Unfurnished,North-East,6,7850000,Anantapur | Kamala Nagar
Telangana,Warangal,Warangal,Independent House,3,2,2023,Unfurnished,East,2,6675000,Warangal | Narsampet
Andhra Pradesh,West Godavari,Bhimavaram,Residential Plot,0,0,2160,Not Applicable,North,0,2425000,West Godavari | Achanta
Andhra Pradesh,Guntur,Guntur,Independent House,5,4,2284,Unfurnished,North-East,11,9325000,Guntur | Nallapadu
Telangana,Kumuram Bheem Asifabad,Asifabad,Independent House,4,3,2026,Unfurnished,North,18,3200000,Kumuram Bheem Asifabad | Kagaznagar
Andhra Pradesh,Chittoor,Chittoor,Residential Plot,0,0,2997,Not Applicable,South-East,0,5325000,Chittoor | Gandhi Road
Andhra Pradesh,Eluru,Eluru,Independent Builder Floor,2,2,1023,Unfurnished,South,1,2425000,Eluru | Pedavegi
Andhra Pradesh,YSR Kadapa,Kadapa,Residential Plot,0,0,1800,Not Applicable,East,0,2750000,YSR Kadapa | Marripadu
Telangana,Siddipet,Siddipet,Residential Plot,0,0,2160,Not Applicable,South-East,0,2975000,Siddipet | Husnabad
Andhra Pradesh,East Godavari,Rajahmundry,Independent Builder Floor,3,3,1295,Unfurnished,South,0,6650000,East Godavari | Prakash Nagar
Telangana,Nagarkurnool,Nagarkurnool,Apartment,3,4,1609,Unfurnished,West,0,2900000,Nagarkurnool | Achampet
Telangana,Adilabad,Adilabad,Independent House,4,4,2153,Unfurnished,East,4,3850000,Adilabad | Utnoor
Telangana,Rangareddy,Hyderabad,Apartment,2,2,1034,Semi-Furnished,South-East,0,12875000,Rangareddy | Gachibowli
Telangana,Rangareddy,Hyderabad,Residential Plot,0,0,1998,Not Applicable,East,0,24150000,Rangareddy | Nanakramguda
Andhra Pradesh,Sri Sathya Sai,Puttaparthi,Apartment,2,2,842,Unfurnished,North-East,0,3150000,Sri Sathya Sai | Puttaparthi Town
Andhra Pradesh,Visakhapatnam,Visakhapatnam,Apartment,2,2,909,Unfurnished,East,4,5425000,Visakhapatnam | Madhurawada
Telangana,Hyderabad,Hyderabad,Independent Builder Floor,3,2,1378,Semi-Furnished,North,4,11650000,Hyderabad | Yousufguda
Andhra Pradesh,Prakasam,Ongole,Residential Plot,0,0,1620,Not Applicable,West,0,1275000,Prakasam | Kondepi
Telangana,Hyderabad,Hyderabad,Independent House,4,4,2238,Furnished,South,5,17575000,Hyderabad | Mehdipatnam
Andhra Pradesh,Kakinada,Kakinada,Independent Builder Floor,3,3,1459,Unfurnished,North,0,4725000,Kakinada | Turangi
Telangana,Nagarkurnool,Nagarkurnool,Independent House,3,3,1748,Unfurnished,East,0,3675000,Nagarkurnool | Kalwakurthy
Telangana,Rangareddy,Hyderabad,Apartment,3,4,1276,Semi-Furnished,East,0,10450000,Rangareddy | Rajendranagar
Andhra Pradesh,West Godavari,Bhimavaram,Independent House,3,3,1640,Unfurnished,North,0,6350000,West Godavari | Tanuku
Telangana,Rangareddy,Hyderabad,Villa,5,5,3655,Unfurnished,South-East,25,17975000,Rangareddy | Maheshwaram
Telangana,Nizamabad,Nizamabad,Independent House,2,2,1316,Semi-Furnished,South,2,5675000,Nizamabad | Vinayak Nagar
Andhra Pradesh,Guntur,Guntur,Apartment,3,4,1642,Unfurnished,West,0,8175000,Guntur | Brodipet
Telangana,Khammam,Khammam,Villa,3,2,1891,Unfurnished,South,3,11475000,Khammam | Gandhi Chowk
Telangana,Rangareddy,Hyderabad,Apartment,2,1,869,Unfurnished,East,1,11950000,Rangareddy | Nanakramguda
Telangana,Mahabubabad,Mahabubabad,Independent House,3,3,1628,Unfurnished,South-East,30,1725000,Mahabubabad | Narsimhulapet
Andhra Pradesh,Parvathipuram Manyam,Parvathipuram,Residential Plot,0,0,3600,Not Applicable,North-East,0,3425000,Parvathipuram Manyam | Salur
Andhra Pradesh,Kurnool,Kurnool,Apartment,2,2,1042,Unfurnished,East,0,3275000,Kurnool | Kallur
Andhra Pradesh,Anakapalli,Anakapalle,Independent House,3,3,1412,Semi-Furnished,South,2,6350000,Anakapalli | Anakapalle Town
Telangana,Karimnagar,Karimnagar,Independent House,4,4,2306,Unfurnished,South-East,0,10750000,Karimnagar | Ramnagar
Telangana,Yadadri Bhuvanagiri,Bhongir,Apartment,2,2,1354,Unfurnished,West,0,5550000,Yadadri Bhuvanagiri | Bhongir Town
Andhra Pradesh,Sri Potti Sriramulu Nellore,Nellore,Apartment,3,3,1532,Unfurnished,East,4,7775000,Sri Potti Sriramulu Nellore | Stonehousepeta
Telangana,Sangareddy,Sangareddy,Apartment,3,3,1298,Unfurnished,West,0,4000000,Sangareddy | Narayankhed
Telangana,Narayanpet,Narayanpet,Independent House,4,5,1880,Unfurnished,North,1,3925000,Narayanpet | Makthal
Andhra Pradesh,Prakasam,Ongole,Independent House,5,5,2354,Semi-Furnished,West,5,4350000,Prakasam | Naguluppalapadu
Andhra Pradesh,NTR,Vijayawada,Apartment,2,3,1142,Unfurnished,North,30,6000000,NTR | Benz Circle
Andhra Pradesh,NTR,Vijayawada,Villa,5,5,3244,Furnished,South-East,6,29675000,NTR | Ajit Singh Nagar
Telangana,Nirmal,Nirmal,Independent House,3,2,1814,Furnished,North,13,4450000,Nirmal | Nirmal Town
Andhra Pradesh,NTR,Vijayawada,Apartment,4,5,1991,Unfurnished,North-East,0,14475000,NTR | Labbipet
Andhra Pradesh,Visakhapatnam,Visakhapatnam,Apartment,3,3,1479,Furnished,East,27,10875000,Visakhapatnam | MVP Colony
Andhra Pradesh,Alluri Sitharama Raju,Paderu,Independent House,4,4,1683,Unfurnished,North-East,7,6300000,Alluri Sitharama Raju | Araku Valley
Andhra Pradesh,Bapatla,Bapatla,Independent House,3,2,1129,Unfurnished,North-East,0,4275000,Bapatla | Chirala
Telangana,Khammam,Khammam,Independent House,4,5,2309,Unfurnished,North,11,4500000,Khammam | Thirumalayapalem
Andhra Pradesh,Polavaram,Rampachodavaram,Independent House,3,4,1489,Semi-Furnished,North,23,1775000,Polavaram | Addateegala
Telangana,Hyderabad,Hyderabad,Apartment,3,3,1729,Semi-Furnished,South,9,14850000,Hyderabad | Mehdipatnam
Andhra Pradesh,Sri Potti Sriramulu Nellore,Nellore,Apartment,2,3,1037,Furnished,East,3,3550000,Sri Potti Sriramulu Nellore | Atmakur
Telangana,Vikarabad,Vikarabad,Independent House,3,3,1727,Unfurnished,South,1,3750000,Vikarabad | Mominpet
Telangana,Sangareddy,Hyderabad,Residential Plot,0,0,2997,Not Applicable,North,0,23525000,Sangareddy | Tellapur
Telangana,Kamareddy,Kamareddy,Residential Plot,0,0,1350,Not Applicable,North,0,900000,Kamareddy | Machareddy
Andhra Pradesh,NTR,Vijayawada,Independent Builder Floor,2,2,1170,Unfurnished,South,0,8275000,NTR | Labbipet
Andhra Pradesh,Sri Potti Sriramulu Nellore,Nellore,Villa,5,6,2693,Furnished,East,1,18050000,Sri Potti Sriramulu Nellore | Mini Bypass Road
Andhra Pradesh,Kurnool,Kurnool,Apartment,4,4,2083,Unfurnished,East,0,7025000,Kurnool | Kallur
Telangana,Sangareddy,Hyderabad,Apartment,2,2,1107,Semi-Furnished,South,6,7025000,Sangareddy | Kollur
Andhra Pradesh,Nandyal,Nandyal,Apartment,3,4,1741,Furnished,South,8,6600000,Nandyal | Nandyal Town
Andhra Pradesh,West Godavari,Bhimavaram,Apartment,3,4,1301,Furnished,East,2,5250000,West Godavari | Palakollu
Andhra Pradesh,Visakhapatnam,Visakhapatnam,Apartment,1,2,571,Unfurnished,South,18,4100000,Visakhapatnam | Maddilapalem
Telangana,Rangareddy,Hyderabad,Independent House,2,2,957,Furnished,East,1,4225000,Rangareddy | Shadnagar
Telangana,Nirmal,Nirmal,Apartment,3,2,1794,Unfurnished,South,0,4975000,Nirmal | Bhainsa
Andhra Pradesh,Anakapalli,Anakapalle,Independent House,2,2,1156,Unfurnished,East,11,4550000,Anakapalli | Anakapalle Town
Andhra Pradesh,Sri Sathya Sai,Puttaparthi,Residential Plot,0,0,900,Not Applicable,East,0,1500000,Sri Sathya Sai | Hindupur
Andhra Pradesh,Visakhapatnam,Visakhapatnam,Residential Plot,0,0,2700,Not Applicable,East,0,7650000,Visakhapatnam | Akkayyapalem
Telangana,Mancherial,Mancherial,Independent House,5,6,2461,Unfurnished,South,2,4300000,Mancherial | Luxettipet
Telangana,Mulugu,Mulugu,Villa,4,5,3009,Unfurnished,South-East,18,4825000,Mulugu | Eturnagaram
Andhra Pradesh,Kakinada,Kakinada,Apartment,2,3,1052,Unfurnished,South-East,0,4750000,Kakinada | Vidyut Nagar
Telangana,Medchal Malkajgiri,Hyderabad,Independent House,3,3,1970,Unfurnished,East,9,14100000,Medchal Malkajgiri | Kukatpally
Andhra Pradesh,Krishna,Vijayawada,Residential Plot,0,0,2160,Not Applicable,South,0,4950000,Krishna | Poranki
Andhra Pradesh,Sri Potti Sriramulu Nellore,Nellore,Apartment,1,1,566,Unfurnished,East,0,3350000,Sri Potti Sriramulu Nellore | Stonehousepeta
Telangana,Mahabubnagar,Mahabubnagar,Apartment,3,3,1674,Unfurnished,North,0,5650000,Mahabubnagar | Jadcherla
Andhra Pradesh,Krishna,Machilipatnam,Independent House,5,5,2733,Unfurnished,North-East,27,4875000,Krishna | Unguturu
Telangana,Narayanpet,Narayanpet,Apartment,3,3,1564,Furnished,South-East,4,5825000,Narayanpet | Narayanpet Town
Andhra Pradesh,Prakasam,Ongole,Apartment,3,4,1203,Semi-Furnished,North-East,10,3175000,Prakasam | Singarayakonda
Andhra Pradesh,Kakinada,Kakinada,Apartment,3,3,1676,Furnished,West,8,5875000,Kakinada | Kovvada
Telangana,Rajanna Sircilla,Sircilla,Independent House,2,2,1133,Unfurnished,North,1,2950000,Rajanna Sircilla | Vemulawada
Andhra Pradesh,Dr. B.R. Ambedkar Konaseema,Amalapuram,Independent House,6,6,3078,Semi-Furnished,North-East,24,4850000,Dr. B.R. Ambedkar Konaseema | Alamuru
Telangana,Sangareddy,Sangareddy,Residential Plot,0,0,1800,Not Applicable,North-East,0,5500000,Sangareddy | Sangareddy Town
Telangana,Warangal,Warangal,Apartment,3,3,1612,Semi-Furnished,South,1,6425000,Warangal | Khila Warangal
Telangana,Nizamabad,Nizamabad,Residential Plot,0,0,1503,Not Applicable,South,0,1725000,Nizamabad | Armoor
Andhra Pradesh,Polavaram,Rampachodavaram,Villa,3,2,1509,Unfurnished,North,5,2575000,Polavaram | Yetapaka
Telangana,Karimnagar,Karimnagar,Apartment,3,3,1180,Semi-Furnished,South-East,1,5450000,Karimnagar | Ramnagar
Telangana,Rangareddy,Hyderabad,Apartment,2,3,1038,Semi-Furnished,North,8,13775000,Rangareddy | Financial District
Telangana,Kamareddy,Kamareddy,Independent House,4,4,2413,Semi-Furnished,South,3,8825000,Kamareddy | Kamareddy Town
Andhra Pradesh,Kurnool,Kurnool,Independent House,5,5,2609,Unfurnished,North-East,11,4675000,Kurnool | Alur
Telangana,Nagarkurnool,Nagarkurnool,Independent House,4,5,2085,Semi-Furnished,North,16,3225000,Nagarkurnool | Amrabad
Telangana,Rangareddy,Hyderabad,Residential Plot,0,0,2160,Not Applicable,East,0,26950000,Rangareddy | Gachibowli
Telangana,Nizamabad,Nizamabad,Apartment,2,1,967,Unfurnished,North,1,4175000,Nizamabad | Vinayak Nagar
Telangana,Hanumakonda,Hanamkonda,Apartment,3,3,1356,Unfurnished,East,7,6175000,Hanumakonda | Kazipet
Telangana,Khammam,Khammam,Apartment,2,2,1036,Unfurnished,East,9,5100000,Khammam | Gandhi Chowk
Andhra Pradesh,West Godavari,Bhimavaram,Apartment,4,5,2502,Unfurnished,West,0,5150000,West Godavari | Achanta
Andhra Pradesh,Prakasam,Ongole,Independent House,6,6,2960,Semi-Furnished,West,1,13275000,Prakasam | Ongole Town
Andhra Pradesh,NTR,Vijayawada,Apartment,2,1,1117,Unfurnished,North,2,8675000,NTR | Labbipet
Telangana,Jagtial,Jagtial,Independent House,4,4,2274,Semi-Furnished,East,3,9975000,Jagtial | Jagtial Town
Telangana,Rajanna Sircilla,Sircilla,Residential Plot,0,0,1998,Not Applicable,East,0,1250000,Rajanna Sircilla | Thangallapally
Andhra Pradesh,Sri Sathya Sai,Puttaparthi,Independent House,4,4,1989,Unfurnished,East,1,9100000,Sri Sathya Sai | Puttaparthi Town
Andhra Pradesh,YSR Kadapa,Kadapa,Apartment,2,2,1114,Unfurnished,North,0,3675000,YSR Kadapa | Proddatur
Telangana,Nagarkurnool,Nagarkurnool,Villa,4,3,2191,Unfurnished,North,1,4600000,Nagarkurnool | Kollapur
Telangana,Warangal,Warangal,Residential Plot,0,0,1620,Not Applicable,West,0,3225000,Warangal | Mattewada
Telangana,Sangareddy,Sangareddy,Residential Plot,0,0,1800,Not Applicable,East,0,2700000,Sangareddy | Narayankhed
Telangana,Medchal Malkajgiri,Hyderabad,Apartment,2,2,1143,Furnished,West,4,6825000,Medchal Malkajgiri | Nagaram
Andhra Pradesh,Anantapur,Anantapur,Apartment,2,1,1009,Furnished,East,1,3975000,Anantapur | Tapovanam
Andhra Pradesh,Visakhapatnam,Visakhapatnam,Apartment,2,2,1045,Unfurnished,North,0,5950000,Visakhapatnam | Pendurthi
Telangana,Medchal Malkajgiri,Hyderabad,Residential Plot,0,0,1800,Not Applicable,West,0,9300000,Medchal Malkajgiri | Uppal
Andhra Pradesh,YSR Kadapa,Kadapa,Apartment,2,2,934,Unfurnished,South,0,1700000,YSR Kadapa | Vontimitta
Telangana,Yadadri Bhuvanagiri,Bhongir,Residential Plot,0,0,900,Not Applicable,East,0,1000000,Yadadri Bhuvanagiri | Valigonda
Andhra Pradesh,Prakasam,Ongole,Independent House,4,4,1873,Semi-Furnished,South-East,12,4100000,Prakasam | Kothapatnam
Telangana,Vikarabad,Vikarabad,Independent House,3,2,1279,Unfurnished,West,1,2325000,Vikarabad | Dharur
Telangana,Mancherial,Mancherial,Residential Plot,0,0,1800,Not Applicable,North,0,1225000,Mancherial | Jaipur
Andhra Pradesh,Palnadu,Narasaraopet,Residential Plot,0,0,1620,Not Applicable,West,0,1725000,Palnadu | Vinukonda
Telangana,Adilabad,Adilabad,Apartment,3,3,1415,Unfurnished,South-East,7,1950000,Adilabad | Indervelly
Andhra Pradesh,Bapatla,Bapatla,Residential Plot,0,0,1620,Not Applicable,West,0,2700000,Bapatla | Bapatla Town
Telangana,Hyderabad,Hyderabad,Apartment,2,2,1058,Unfurnished,North-East,0,9450000,Hyderabad | Narayanguda
Telangana,Yadadri Bhuvanagiri,Bhongir,Independent House,4,4,2341,Semi-Furnished,West,3,7900000,Yadadri Bhuvanagiri | Bhongir Town
Telangana,Hyderabad,Hyderabad,Apartment,1,1,533,Furnished,North,0,4600000,Hyderabad | Mehdipatnam
Telangana,Mahabubnagar,Mahabubnagar,Independent House,3,4,1599,Unfurnished,West,3,5550000,Mahabubnagar | Mahabubnagar Town
Telangana,Nirmal,Nirmal,Independent House,2,3,1588,Semi-Furnished,East,19,2475000,Nirmal | Mudhole
Telangana,Khammam,Khammam,Residential Plot,0,0,2403,Not Applicable,South-East,0,6025000,Khammam | Wyra Road
Andhra Pradesh,Prakasam,Ongole,Independent House,3,4,1567,Unfurnished,West,5,3000000,Prakasam | Tanguturu
Andhra Pradesh,West Godavari,Bhimavaram,Apartment,3,4,1300,Unfurnished,North-East,3,5600000,West Godavari | Bhimavaram Town
Telangana,Yadadri Bhuvanagiri,Bhongir,Independent Builder Floor,2,2,851,Unfurnished,East,0,2225000,Yadadri Bhuvanagiri | Valigonda
Telangana,Mahabubnagar,Mahabubnagar,Villa,5,5,2964,Semi-Furnished,West,3,5875000,Mahabubnagar | Bhoothpur
Andhra Pradesh,Srikakulam,Srikakulam,Apartment,3,3,1491,Furnished,North-East,11,4800000,Srikakulam | Palasa
Andhra Pradesh,Dr. B.R. Ambedkar Konaseema,Amalapuram,Independent House,5,5,2639,Unfurnished,North-East,7,10150000,Dr. B.R. Ambedkar Konaseema | Amalapuram Town
Andhra Pradesh,Annamayya,Madanapalle,Apartment,3,3,1452,Unfurnished,North,0,1775000,Annamayya | Kalakada
Telangana,Hyderabad,Hyderabad,Independent House,3,3,1666,Unfurnished,North,1,18500000,Hyderabad | Yousufguda
Telangana,Rangareddy,Hyderabad,Independent House,3,3,1663,Unfurnished,North,30,13825000,Rangareddy | Nallagandla
Andhra Pradesh,Tirupati,Tirupati,Apartment,3,3,1608,Unfurnished,East,0,7275000,Tirupati | Srikalahasti
Andhra Pradesh,Nandyal,Nandyal,Apartment,2,2,869,Semi-Furnished,North,1,2400000,Nandyal | Dhone
Telangana,Medchal Malkajgiri,Hyderabad,Villa,4,4,2614,Semi-Furnished,North,5,25150000,Medchal Malkajgiri | Kompally
Andhra Pradesh,West Godavari,Bhimavaram,Residential Plot,0,0,1350,Not Applicable,North-East,0,1775000,West Godavari | Palakollu
Telangana,Rangareddy,Hyderabad,Independent House,2,2,1477,Semi-Furnished,North-East,7,11550000,Rangareddy | Adibatla
Telangana,Bhadradri Kothagudem,Kothagudem,Residential Plot,0,0,2700,Not Applicable,North,0,2775000,Bhadradri Kothagudem | Palvancha
Andhra Pradesh,Sri Potti Sriramulu Nellore,Nellore,Residential Plot,0,0,2700,Not Applicable,East,0,3625000,Sri Potti Sriramulu Nellore | Kovur
Andhra Pradesh,Sri Potti Sriramulu Nellore,Nellore,Independent Builder Floor,3,4,1602,Unfurnished,North,2,5475000,Sri Potti Sriramulu Nellore | Kavali
Andhra Pradesh,Guntur,Guntur,Apartment,4,4,2220,Unfurnished,South,4,11075000,Guntur | Vidya Nagar
Telangana,Jogulamba Gadwal,Gadwal,Independent Builder Floor,2,2,1055,Unfurnished,North,0,1325000,Jogulamba Gadwal | Manopad
Andhra Pradesh,Eluru,Eluru,Villa,5,4,3496,Unfurnished,East,23,6875000,Eluru | Kaikaluru
Andhra Pradesh,Sri Potti Sriramulu Nellore,Nellore,Residential Plot,0,0,1350,Not Applicable,West,0,1625000,Sri Potti Sriramulu Nellore | Buchireddypalem
Andhra Pradesh,Visakhapatnam,Visakhapatnam,Apartment,4,4,2737,Unfurnished,South,0,25025000,Visakhapatnam | MVP Colony
Andhra Pradesh,Kurnool,Kurnool,Villa,3,2,1500,Unfurnished,South,13,5750000,Kurnool | Sunkesula Road
Telangana,Nizamabad,Nizamabad,Independent House,4,4,1918,Semi-Furnished,North-East,3,5550000,Nizamabad | Armoor
Andhra Pradesh,Nandyal,Nandyal,Villa,3,3,2158,Unfurnished,North,3,7350000,Nandyal | Srisailam
Andhra Pradesh,Kakinada,Kakinada,Apartment,3,3,1586,Unfurnished,East,0,8950000,Kakinada | Ramanayapeta
Telangana,Medchal Malkajgiri,Hyderabad,Residential Plot,0,0,2403,Not Applicable,East,0,13800000,Medchal Malkajgiri | Boduppal
Telangana,Hyderabad,Hyderabad,Apartment,2,3,912,Unfurnished,South,0,15200000,Hyderabad | Jubilee Hills
Telangana,Rangareddy,Hyderabad,Independent Builder Floor,2,1,1120,Unfurnished,East,0,5225000,Rangareddy | Shankarpally
Andhra Pradesh,Anantapur,Anantapur,Independent House,2,1,1405,Unfurnished,North,0,5300000,Anantapur | Tapovanam
Telangana,Hyderabad,Hyderabad,Independent Builder Floor,2,2,1014,Unfurnished,North,1,6675000,Hyderabad | Malakpet
Telangana,Hyderabad,Hyderabad,Independent House,4,5,1923,Semi-Furnished,West,4,21225000,Hyderabad | Begumpet
Andhra Pradesh,Visakhapatnam,Visakhapatnam,Independent Builder Floor,2,2,902,Unfurnished,East,0,6300000,Visakhapatnam | Madhurawada
Andhra Pradesh,Dr. B.R. Ambedkar Konaseema,Amalapuram,Independent House,2,3,1276,Semi-Furnished,West,0,3600000,Dr. B.R. Ambedkar Konaseema | Ravulapalem
Andhra Pradesh,Visakhapatnam,Visakhapatnam,Apartment,2,2,992,Unfurnished,North-East,0,5450000,Visakhapatnam | Pendurthi
Telangana,Medchal Malkajgiri,Hyderabad,Apartment,2,3,1006,Semi-Furnished,South,0,6675000,Medchal Malkajgiri | Jeedimetla
Telangana,Medak,Medak,Independent House,3,2,1530,Unfurnished,East,1,3700000,Medak | Narsapur
Telangana,Hyderabad,Hyderabad,Apartment,4,5,2357,Unfurnished,North-East,0,24200000,Hyderabad | Nampally
Telangana,Nizamabad,Nizamabad,Apartment,1,1,556,Unfurnished,South,0,1450000,Nizamabad | Yedapally
Telangana,Rangareddy,Hyderabad,Apartment,3,2,1501,Unfurnished,South,0,17975000,Rangareddy | Madhapur
Telangana,Rajanna Sircilla,Sircilla,Apartment,3,4,1338,Furnished,North-East,4,2325000,Rajanna Sircilla | Boinpalli
Andhra Pradesh,Guntur,Guntur,Residential Plot,0,0,1503,Not Applicable,North-East,0,4125000,Guntur | Arundelpet
Telangana,Mahabubnagar,Mahabubnagar,Apartment,3,3,1437,Unfurnished,North,0,2775000,Mahabubnagar | Koilkonda
Andhra Pradesh,Guntur,Guntur,Apartment,2,2,998,Furnished,East,3,5425000,Guntur | Kothapet
Telangana,Medchal Malkajgiri,Hyderabad,Apartment,3,4,1331,Furnished,North,17,9000000,Medchal Malkajgiri | Quthbullapur
Telangana,Mahabubnagar,Mahabubnagar,Independent House,4,4,2376,Unfurnished,North,7,4900000,Mahabubnagar | Koilkonda
Andhra Pradesh,Vizianagaram,Vizianagaram,Apartment,3,3,1691,Semi-Furnished,North,14,5050000,Vizianagaram | Srungavarapukota
Andhra Pradesh,Guntur,Guntur,Independent House,3,3,1948,Semi-Furnished,North-East,1,8175000,Guntur | Auto Nagar
Andhra Pradesh,Guntur,Guntur,Independent House,3,2,1754,Furnished,North,1,12975000,Guntur | Arundelpet
Telangana,Rangareddy,Hyderabad,Residential Plot,0,0,1350,Not Applicable,East,0,15825000,Rangareddy | Financial District
Telangana,Nizamabad,Nizamabad,Residential Plot,0,0,1620,Not Applicable,North-East,0,2175000,Nizamabad | Armoor
Telangana,Nalgonda,Nalgonda,Independent House,4,4,2002,Furnished,North,4,7825000,Nalgonda | Nalgonda Town
Telangana,Rangareddy,Hyderabad,Apartment,2,2,1290,Semi-Furnished,East,5,16500000,Rangareddy | Gachibowli
Andhra Pradesh,Visakhapatnam,Visakhapatnam,Apartment,3,3,1503,Semi-Furnished,West,12,9250000,Visakhapatnam | Kommadi
Telangana,Medchal Malkajgiri,Hyderabad,Independent House,4,5,1711,Semi-Furnished,North,10,14300000,Medchal Malkajgiri | Kompally
Andhra Pradesh,West Godavari,Bhimavaram,Independent House,3,3,1727,Furnished,South-East,6,3450000,West Godavari | Undi
Telangana,Mahabubnagar,Mahabubnagar,Apartment,2,2,1013,Unfurnished,North,0,1925000,Mahabubnagar | Balanagar
Andhra Pradesh,Tirupati,Tirupati,Villa,4,3,2086,Unfurnished,North,10,11900000,Tirupati | Tiruchanur
Andhra Pradesh,East Godavari,Rajahmundry,Residential Plot,0,0,2403,Not Applicable,East,0,4450000,East Godavari | Diwan Cheruvu
Andhra Pradesh,East Godavari,Rajahmundry,Villa,3,4,2131,Semi-Furnished,North-East,2,14350000,East Godavari | Danavaipeta
Andhra Pradesh,Markapuram,Markapuram,Apartment,3,2,1592,Unfurnished,East,5,2850000,Markapuram | Tarlupadu
Andhra Pradesh,Kakinada,Kakinada,Residential Plot,0,0,1350,Not Applicable,North-East,0,4425000,Kakinada | Jagannaickpur
Telangana,Sangareddy,Hyderabad,Apartment,2,1,981,Unfurnished,West,0,8275000,Sangareddy | Beeramguda
Telangana,Jangaon,Jangaon,Independent House,3,3,1824,Furnished,South-East,0,3225000,Jangaon | Palakurthi
Telangana,Vikarabad,Vikarabad,Independent Builder Floor,3,3,1421,Semi-Furnished,East,1,3025000,Vikarabad | Marpalle
Telangana,Medchal Malkajgiri,Hyderabad,Apartment,2,2,1104,Semi-Furnished,North,7,7750000,Medchal Malkajgiri | Quthbullapur
Telangana,Medchal Malkajgiri,Hyderabad,Apartment,4,3,2119,Semi-Furnished,South,16,13025000,Medchal Malkajgiri | Pragathi Nagar
Andhra Pradesh,Annamayya,Madanapalle,Independent House,2,2,1092,Furnished,East,1,2175000,Annamayya | Nandalur
Telangana,Hyderabad,Hyderabad,Independent House,4,4,2241,Unfurnished,North-East,3,29050000,Hyderabad | Jubilee Hills
Telangana,Khammam,Khammam,Residential Plot,0,0,1620,Not Applicable,South-East,0,3075000,Khammam | Gandhi Chowk
Telangana,Yadadri Bhuvanagiri,Bhongir,Apartment,2,1,948,Unfurnished,North,0,2500000,Yadadri Bhuvanagiri | Alair
Andhra Pradesh,Bapatla,Bapatla,Independent Builder Floor,3,3,1217,Semi-Furnished,South,0,3700000,Bapatla | Chirala
Telangana,Hyderabad,Hyderabad,Apartment,3,3,1238,Semi-Furnished,East,22,7300000,Hyderabad | Kachiguda
Andhra Pradesh,East Godavari,Rajahmundry,Apartment,4,4,2497,Unfurnished,East,8,9625000,East Godavari | Innespeta
Andhra Pradesh,East Godavari,Rajahmundry,Villa,4,5,2132,Unfurnished,East,7,7725000,East Godavari | Korukonda
Andhra Pradesh,Nandyal,Nandyal,Independent House,5,5,2605,Unfurnished,North-East,4,9125000,Nandyal | Nandyal Town
Andhra Pradesh,Eluru,Eluru,Apartment,3,4,1202,Unfurnished,South,2,2125000,Eluru | Bhimadole
Andhra Pradesh,NTR,Vijayawada,Apartment,2,2,1128,Semi-Furnished,South,1,7175000,NTR | Auto Nagar
Telangana,Sangareddy,Sangareddy,Apartment,2,2,1310,Semi-Furnished,East,1,7300000,Sangareddy | Sangareddy Town
Telangana,Rangareddy,Hyderabad,Apartment,3,4,1782,Unfurnished,West,0,7125000,Rangareddy | Kothur
Telangana,Hanumakonda,Hanamkonda,Independent House,6,6,2809,Semi-Furnished,North-East,21,14750000,Hanumakonda | Hunter Road
Telangana,Mancherial,Mancherial,Apartment,2,2,1212,Unfurnished,East,0,2825000,Mancherial | Bellampalli
Andhra Pradesh,Alluri Sitharama Raju,Paderu,Residential Plot,0,0,900,Not Applicable,East,0,550000,Alluri Sitharama Raju | Dumbriguda
Andhra Pradesh,East Godavari,Rajahmundry,Apartment,3,3,1314,Unfurnished,East,1,4425000,East Godavari | Anaparthi
Telangana,Mahabubnagar,Mahabubnagar,Residential Plot,0,0,1503,Not Applicable,South,0,1000000,Mahabubnagar | Bhoothpur
Andhra Pradesh,Kurnool,Kurnool,Independent House,3,2,1999,Unfurnished,North,1,5500000,Kurnool | Yemmiganur
Andhra Pradesh,Dr. B.R. Ambedkar Konaseema,Amalapuram,Apartment,3,2,1501,Semi-Furnished,South-East,1,3600000,Dr. B.R. Ambedkar Konaseema | Mummidivaram
Andhra Pradesh,Srikakulam,Srikakulam,Residential Plot,0,0,3600,Not Applicable,West,0,3750000,Srikakulam | Etcherla
Andhra Pradesh,Sri Sathya Sai,Puttaparthi,Independent House,3,3,1899,Unfurnished,North,0,8300000,Sri Sathya Sai | Puttaparthi Town
Telangana,Jagtial,Jagtial,Residential Plot,0,0,1503,Not Applicable,South,0,2775000,Jagtial | Jagtial Town
Andhra Pradesh,Markapuram,Markapuram,Independent House,2,2,1057,Unfurnished,North-East,18,2700000,Markapuram | Markapuram Town
Telangana,Wanaparthy,Wanaparthy,Independent House,3,3,1729,Unfurnished,East,5,3325000,Wanaparthy | Atmakur
Telangana,Adilabad,Adilabad,Apartment,2,1,1042,Semi-Furnished,South,12,3000000,Adilabad | Adilabad Town
Telangana,Jangaon,Jangaon,Independent House,3,2,1579,Furnished,West,4,2525000,Jangaon | Bachannapet
Telangana,Hyderabad,Hyderabad,Apartment,3,2,1791,Unfurnished,North,0,19575000,Hyderabad | Begumpet
Telangana,Karimnagar,Karimnagar,Apartment,2,2,851,Semi-Furnished,North,2,3550000,Karimnagar | Jyothinagar
Andhra Pradesh,Tirupati,Tirupati,Independent House,4,4,2141,Unfurnished,West,20,8700000,Tirupati | Tummalagunta
Telangana,Mancherial,Mancherial,Residential Plot,0,0,1350,Not Applicable,East,0,2625000,Mancherial | Mancherial Town
Andhra Pradesh,West Godavari,Bhimavaram,Villa,3,3,1930,Unfurnished,North-East,6,6725000,West Godavari | Penugonda
Telangana,Medchal Malkajgiri,Hyderabad,Independent House,3,2,1925,Semi-Furnished,South,7,13650000,Medchal Malkajgiri | Malkajgiri
Telangana,Medchal Malkajgiri,Hyderabad,Apartment,3,2,1636,Unfurnished,North,0,9425000,Medchal Malkajgiri | Ghatkesar
Telangana,Sangareddy,Hyderabad,Independent House,4,4,2218,Furnished,North,0,16375000,Sangareddy | Kollur
Andhra Pradesh,Chittoor,Chittoor,Independent House,2,2,1003,Semi-Furnished,East,28,2900000,Chittoor | Gandhi Road
Andhra Pradesh,Guntur,Guntur,Residential Plot,0,0,1800,Not Applicable,West,0,2750000,Guntur | Tenali
Telangana,Yadadri Bhuvanagiri,Bhongir,Residential Plot,0,0,900,Not Applicable,South,0,1700000,Yadadri Bhuvanagiri | Yadagirigutta
Andhra Pradesh,Tirupati,Tirupati,Apartment,2,2,1032,Semi-Furnished,West,21,4275000,Tirupati | Renigunta
Andhra Pradesh,Nandyal,Nandyal,Residential Plot,0,0,2997,Not Applicable,West,0,1950000,Nandyal | Atmakur
Telangana,Karimnagar,Karimnagar,Independent House,6,6,3072,Unfurnished,West,3,10475000,Karimnagar | Huzurabad
Telangana,Nagarkurnool,Nagarkurnool,Independent House,2,2,1121,Unfurnished,North,0,2200000,Nagarkurnool | Kollapur
Telangana,Bhadradri Kothagudem,Kothagudem,Independent House,5,5,2399,Semi-Furnished,North,20,3500000,Bhadradri Kothagudem | Dammapeta
Telangana,Sangareddy,Sangareddy,Apartment,3,2,1778,Unfurnished,North,0,8775000,Sangareddy | Sangareddy Town
Telangana,Hyderabad,Hyderabad,Residential Plot,0,0,1800,Not Applicable,North,0,12425000,Hyderabad | Ameerpet
Telangana,Hyderabad,Hyderabad,Independent House,3,3,1608,Semi-Furnished,North,0,19125000,Hyderabad | Somajiguda
Andhra Pradesh,Palnadu,Narasaraopet,Residential Plot,0,0,1620,Not Applicable,South-East,0,2000000,Palnadu | Chilakaluripet
Telangana,Hanumakonda,Hanamkonda,Independent House,4,4,2170,Unfurnished,East,3,12875000,Hanumakonda | Naimnagar
Andhra Pradesh,Kakinada,Kakinada,Independent House,4,4,2612,Semi-Furnished,North,5,13700000,Kakinada | Sasikanth Nagar
Telangana,Rangareddy,Hyderabad,Independent Builder Floor,3,3,1387,Furnished,East,6,9000000,Rangareddy | Ibrahimpatnam
Telangana,Karimnagar,Karimnagar,Apartment,1,2,658,Semi-Furnished,North-East,8,2200000,Karimnagar | Kothapally
Telangana,Mancherial,Mancherial,Apartment,1,1,506,Semi-Furnished,East,2,1175000,Mancherial | Luxettipet
Telangana,Mahabubabad,Mahabubabad,Apartment,3,4,1527,Semi-Furnished,South-East,0,3125000,Mahabubabad | Dornakal
Telangana,Karimnagar,Karimnagar,Apartment,3,3,1330,Unfurnished,East,5,7100000,Karimnagar | Jyothinagar
Andhra Pradesh,Eluru,Eluru,Residential Plot,0,0,2160,Not Applicable,West,0,2800000,Eluru | Jangareddygudem
Andhra Pradesh,Bapatla,Bapatla,Residential Plot,0,0,2700,Not Applicable,North-East,0,4000000,Bapatla | Suryalanka
Telangana,Khammam,Khammam,Residential Plot,0,0,2160,Not Applicable,South,0,4475000,Khammam | Gandhi Chowk
Telangana,Jangaon,Jangaon,Apartment,2,2,1129,Semi-Furnished,West,9,2450000,Jangaon | Station Ghanpur
Telangana,Warangal,Warangal,Independent House,4,4,2011,Unfurnished,North-East,0,9700000,Warangal | Mattewada
Telangana,Medchal Malkajgiri,Hyderabad,Apartment,1,1,438,Unfurnished,East,0,2150000,Medchal Malkajgiri | Medchal
Andhra Pradesh,YSR Kadapa,Kadapa,Apartment,2,2,901,Unfurnished,West,3,1525000,YSR Kadapa | Kamalapuram
Telangana,Sangareddy,Sangareddy,Residential Plot,0,0,1620,Not Applicable,North,0,3200000,Sangareddy | Zaheerabad
Andhra Pradesh,Krishna,Machilipatnam,Villa,5,4,2946,Semi-Furnished,South,4,10725000,Krishna | Unguturu
Andhra Pradesh,Tirupati,Tirupati,Apartment,2,2,889,Semi-Furnished,West,1,5150000,Tirupati | K.T. Road
Telangana,Karimnagar,Karimnagar,Independent House,4,4,2058,Unfurnished,East,1,7050000,Karimnagar | Huzurabad
Andhra Pradesh,Tirupati,Tirupati,Independent House,2,2,1181,Unfurnished,North-East,3,8850000,Tirupati | K.T. Road
Telangana,Mancherial,Mancherial,Apartment,2,3,997,Semi-Furnished,North,9,3250000,Mancherial | Mancherial Town
Telangana,Kumuram Bheem Asifabad,Asifabad,Independent Builder Floor,3,3,1082,Unfurnished,West,0,2325000,Kumuram Bheem Asifabad | Kagaznagar
Telangana,Hyderabad,Hyderabad,Apartment,4,3,2349,Unfurnished,East,0,18050000,Hyderabad | Charminar
Telangana,Mahabubnagar,Mahabubnagar,Residential Plot,0,0,1197,Not Applicable,South,0,900000,Mahabubnagar | Hanwada
Andhra Pradesh,Guntur,Guntur,Residential Plot,0,0,1503,Not Applicable,North,0,4100000,Guntur | Vidya Nagar
Telangana,Vikarabad,Vikarabad,Residential Plot,0,0,2700,Not Applicable,South-East,0,1925000,Vikarabad | Dharur
Andhra Pradesh,Vizianagaram,Vizianagaram,Independent House,3,2,1693,Unfurnished,West,0,3400000,Vizianagaram | Pusapatirega
Andhra Pradesh,Sri Potti Sriramulu Nellore,Nellore,Apartment,2,3,1130,Unfurnished,East,14,4450000,Sri Potti Sriramulu Nellore | Pogathota
Telangana,Rangareddy,Hyderabad,Apartment,2,2,865,Unfurnished,East,0,10975000,Rangareddy | Financial District
Andhra Pradesh,West Godavari,Bhimavaram,Apartment,3,3,1260,Unfurnished,North-East,0,4650000,West Godavari | Tadepalligudem
Andhra Pradesh,Nandyal,Nandyal,Independent Builder Floor,3,4,1395,Unfurnished,South-East,0,2350000,Nandyal | Panyam
Andhra Pradesh,Prakasam,Ongole,Apartment,3,4,1899,Semi-Furnished,East,9,3825000,Prakasam | Kondepi
Telangana,Mahabubabad,Mahabubabad,Residential Plot,0,0,1620,Not Applicable,West,0,1325000,Mahabubabad | Thorrur
Andhra Pradesh,Nandyal,Nandyal,Apartment,3,2,1550,Unfurnished,North,0,4450000,Nandyal | Dhone
Telangana,Rangareddy,Hyderabad,Apartment,2,3,923,Semi-Furnished,East,3,4600000,Rangareddy | Shadnagar
Telangana,Rangareddy,Hyderabad,Apartment,3,4,1433,Unfurnished,North-East,0,9800000,Rangareddy | Rajendranagar
Andhra Pradesh,East Godavari,Rajahmundry,Independent House,4,4,1934,Unfurnished,East,5,9625000,East Godavari | Prakash Nagar
Telangana,Adilabad,Adilabad,Independent House,4,5,2329,Unfurnished,East,1,3475000,Adilabad | Talamadugu
Telangana,Jogulamba Gadwal,Gadwal,Independent House,3,4,1695,Semi-Furnished,West,7,2100000,Jogulamba Gadwal | Maldakal
Telangana,Nalgonda,Nalgonda,Apartment,4,4,2662,Semi-Furnished,East,1,5675000,Nalgonda | Chityal
Andhra Pradesh,Visakhapatnam,Visakhapatnam,Independent House,3,3,1551,Unfurnished,East,1,13375000,Visakhapatnam | Yendada
Andhra Pradesh,YSR Kadapa,Kadapa,Villa,5,5,3079,Unfurnished,West,30,10125000,YSR Kadapa | Proddatur
Telangana,Hyderabad,Hyderabad,Apartment,2,1,946,Unfurnished,South,0,6975000,Hyderabad | Musheerabad
Andhra Pradesh,West Godavari,Bhimavaram,Apartment,3,4,1404,Semi-Furnished,North-East,4,5500000,West Godavari | Tadepalligudem
Andhra Pradesh,Krishna,Machilipatnam,Apartment,3,3,1138,Semi-Furnished,North,2,5175000,Krishna | Machilipatnam Town
Andhra Pradesh,Visakhapatnam,Visakhapatnam,Independent House,5,4,2531,Semi-Furnished,South,3,11950000,Visakhapatnam | Gopalapatnam
Telangana,Jagtial,Jagtial,Residential Plot,0,0,2403,Not Applicable,South,0,1650000,Jagtial | Dharmapuri
Telangana,Hyderabad,Hyderabad,Apartment,4,3,2323,Unfurnished,North,0,13475000,Hyderabad | Charminar
Telangana,Hyderabad,Hyderabad,Independent House,2,2,1028,Unfurnished,North-East,5,8500000,Hyderabad | Tarnaka
Telangana,Sangareddy,Sangareddy,Independent House,4,3,2071,Unfurnished,East,3,10025000,Sangareddy | Jinnaram
Telangana,Hyderabad,Hyderabad,Independent House,3,3,1361,Semi-Furnished,West,30,11850000,Hyderabad | Himayatnagar
Telangana,Hyderabad,Hyderabad,Apartment,3,3,1920,Furnished,South,1,19175000,Hyderabad | Shaikpet
Andhra Pradesh,Anantapur,Anantapur,Residential Plot,0,0,1350,Not Applicable,East,0,1000000,Anantapur | Singanamala
Telangana,Rangareddy,Hyderabad,Independent Builder Floor,3,3,1274,Semi-Furnished,East,5,9575000,Rangareddy | Adibatla
Telangana,Medchal Malkajgiri,Hyderabad,Apartment,3,2,1242,Unfurnished,North-East,0,10675000,Medchal Malkajgiri | Kukatpally
Telangana,Kamareddy,Kamareddy,Residential Plot,0,0,1620,Not Applicable,West,0,1750000,Kamareddy | Banswada
Telangana,Jangaon,Jangaon,Independent House,5,4,2385,Semi-Furnished,South-East,7,7575000,Jangaon | Jangaon Town
Telangana,Warangal,Warangal,Independent House,3,2,1449,Unfurnished,North,1,6300000,Warangal | Khila Warangal
Andhra Pradesh,Chittoor,Chittoor,Independent House,6,6,3104,Unfurnished,East,13,9050000,Chittoor | Kuppam
Andhra Pradesh,Krishna,Vijayawada,Residential Plot,0,0,1197,Not Applicable,North-East,0,2650000,Krishna | Gannavaram
Telangana,Hyderabad,Hyderabad,Apartment,4,4,2360,Semi-Furnished,East,8,20700000,Hyderabad | Kachiguda
Telangana,Nagarkurnool,Nagarkurnool,Independent House,4,4,1977,Semi-Furnished,East,0,4450000,Nagarkurnool | Achampet
Andhra Pradesh,Sri Potti Sriramulu Nellore,Nellore,Apartment,2,2,1030,Semi-Furnished,East,1,2950000,Sri Potti Sriramulu Nellore | Atmakur
Telangana,Warangal,Warangal,Villa,3,3,2180,Semi-Furnished,East,30,5000000,Warangal | Geesugonda
Telangana,Hyderabad,Hyderabad,Independent Builder Floor,2,2,1038,Unfurnished,North,0,7375000,Hyderabad | Kachiguda
Telangana,Khammam,Khammam,Independent House,4,5,2487,Semi-Furnished,South,10,4925000,Khammam | Thirumalayapalem
Telangana,Hyderabad,Hyderabad,Apartment,2,1,971,Semi-Furnished,South-East,1,7400000,Hyderabad | Tarnaka
Andhra Pradesh,NTR,Vijayawada,Residential Plot,0,0,1620,Not Applicable,North,0,2550000,NTR | Nandigama
Andhra Pradesh,Sri Sathya Sai,Puttaparthi,Independent House,3,4,1496,Semi-Furnished,West,1,3200000,Sri Sathya Sai | Bukkapatnam
Telangana,Jayashankar Bhupalpally,Bhupalpally,Independent Builder Floor,3,3,1601,Semi-Furnished,South-East,11,2150000,Jayashankar Bhupalpally | Malharrao
Telangana,Vikarabad,Vikarabad,Apartment,2,1,1042,Unfurnished,East,0,1900000,Vikarabad | Marpalle
Telangana,Rangareddy,Hyderabad,Residential Plot,0,0,2700,Not Applicable,North-East,0,30350000,Rangareddy | Madhapur
Andhra Pradesh,Krishna,Machilipatnam,Independent House,5,6,2540,Furnished,East,1,8325000,Krishna | Nandivada
Andhra Pradesh,West Godavari,Bhimavaram,Residential Plot,0,0,1800,Not Applicable,West,0,3100000,West Godavari | Tadepalligudem
Telangana,Yadadri Bhuvanagiri,Bhongir,Residential Plot,0,0,1197,Not Applicable,South-East,0,1275000,Yadadri Bhuvanagiri | Pochampally
Telangana,Rangareddy,Hyderabad,Apartment,3,3,1564,Unfurnished,North-East,0,17475000,Rangareddy | Narsingi
Telangana,Medchal Malkajgiri,Hyderabad,Independent House,4,4,2148,Unfurnished,South,0,16825000,Medchal Malkajgiri | Kompally
Telangana,Khammam,Khammam,Apartment,3,3,1245,Furnished,North-East,2,3975000,Khammam | Kusumanchi
Andhra Pradesh,Anantapur,Anantapur,Apartment,4,4,1988,Unfurnished,East,0,6975000,Anantapur | Tapovanam
Andhra Pradesh,Sri Potti Sriramulu Nellore,Nellore,Villa,5,6,3328,Semi-Furnished,East,4,22950000,Sri Potti Sriramulu Nellore | Trunk Road
Telangana,Rangareddy,Hyderabad,Apartment,3,3,1361,Unfurnished,South,0,6575000,Rangareddy | Shadnagar
Andhra Pradesh,Anakapalli,Anakapalle,Apartment,2,2,1007,Semi-Furnished,North-East,8,3775000,Anakapalli | Narsipatnam
Telangana,Warangal,Warangal,Apartment,3,4,1668,Unfurnished,South,1,5000000,Warangal | Narsampet
Andhra Pradesh,Kurnool,Kurnool,Apartment,2,2,966,Semi-Furnished,North,2,3475000,Kurnool | Adoni
Andhra Pradesh,Parvathipuram Manyam,Parvathipuram,Apartment,2,2,943,Semi-Furnished,East,14,2150000,Parvathipuram Manyam | Palakonda
Telangana,Medchal Malkajgiri,Hyderabad,Independent House,3,3,1449,Semi-Furnished,East,0,11650000,Medchal Malkajgiri | Pragathi Nagar
Telangana,Hyderabad,Hyderabad,Apartment,3,3,1739,Unfurnished,East,2,12375000,Hyderabad | Habsiguda
Andhra Pradesh,East Godavari,Rajahmundry,Apartment,3,3,1571,Unfurnished,North-East,0,8675000,East Godavari | Prakash Nagar
Andhra Pradesh,Anantapur,Anantapur,Independent House,6,6,2738,Unfurnished,East,14,6200000,Anantapur | Tadipatri
Andhra Pradesh,Kurnool,Kurnool,Villa,3,3,2328,Semi-Furnished,South,3,11850000,Kurnool | Venkataramana Colony
Telangana,Medchal Malkajgiri,Hyderabad,Independent House,4,4,2219,Unfurnished,South,0,16250000,Medchal Malkajgiri | AS Rao Nagar
Telangana,Mancherial,Mancherial,Independent House,2,2,945,Unfurnished,East,1,4100000,Mancherial | Mancherial Town
Telangana,Jayashankar Bhupalpally,Bhupalpally,Independent House,4,4,1951,Furnished,West,4,2525000,Jayashankar Bhupalpally | Palimela
Telangana,Hyderabad,Hyderabad,Apartment,2,1,802,Unfurnished,South,0,7725000,Hyderabad | Secunderabad
Telangana,Sangareddy,Hyderabad,Residential Plot,0,0,1350,Not Applicable,East,0,4525000,Sangareddy | Bollaram
Andhra Pradesh,Srikakulam,Srikakulam,Apartment,4,4,2325,Semi-Furnished,North-East,4,7675000,Srikakulam | Arasavalli
Telangana,Suryapet,Suryapet,Apartment,2,2,967,Unfurnished,North,0,1600000,Suryapet | Mothey
Telangana,Rangareddy,Hyderabad,Apartment,1,2,581,Unfurnished,East,0,5450000,Rangareddy | Narsingi
Andhra Pradesh,Kakinada,Kakinada,Villa,3,3,2518,Unfurnished,North-East,1,17575000,Kakinada | Sarpavaram
Andhra Pradesh,Polavaram,Rampachodavaram,Independent House,4,4,2157,Unfurnished,North-East,4,4675000,Polavaram | Rampachodavaram
Telangana,Rangareddy,Hyderabad,Independent Builder Floor,3,3,1469,Unfurnished,North-East,0,18875000,Rangareddy | Financial District
Telangana,Hyderabad,Hyderabad,Independent House,4,3,2156,Semi-Furnished,South-East,16,16750000,Hyderabad | Secunderabad
Andhra Pradesh,Srikakulam,Srikakulam,Apartment,4,4,2055,Furnished,East,4,4925000,Srikakulam | Sompeta
Telangana,Suryapet,Suryapet,Residential Plot,0,0,1197,Not Applicable,West,0,1300000,Suryapet | Kodad
Telangana,Rangareddy,Hyderabad,Residential Plot,0,0,1998,Not Applicable,North,0,23100000,Rangareddy | Financial District
Telangana,Hyderabad,Hyderabad,Independent House,4,4,2379,Unfurnished,West,25,12225000,Hyderabad | Malakpet
Andhra Pradesh,Krishna,Vijayawada,Independent House,4,4,2209,Unfurnished,East,1,11250000,Krishna | Gannavaram
Andhra Pradesh,Tirupati,Tirupati,Independent House,3,3,1876,Unfurnished,West,6,9550000,Tirupati | Renigunta
Andhra Pradesh,Markapuram,Markapuram,Residential Plot,0,0,2997,Not Applicable,North,0,4675000,Markapuram | Markapuram Town
Andhra Pradesh,Visakhapatnam,Visakhapatnam,Residential Plot,0,0,3600,Not Applicable,North,0,17200000,Visakhapatnam | Rushikonda
Andhra Pradesh,Nandyal,Nandyal,Independent House,4,5,2077,Furnished,North-East,1,4300000,Nandyal | Nandikotkur
Telangana,Rangareddy,Hyderabad,Apartment,3,3,1376,Furnished,West,9,8650000,Rangareddy | Tukkuguda
Andhra Pradesh,Annamayya,Madanapalle,Apartment,2,2,985,Unfurnished,South-East,1,2425000,Annamayya | Rajampet
Andhra Pradesh,Visakhapatnam,Visakhapatnam,Apartment,4,5,2182,Semi-Furnished,East,1,11725000,Visakhapatnam | Bheemili
Telangana,Jagtial,Jagtial,Independent Builder Floor,3,3,1495,Unfurnished,East,0,3175000,Jagtial | Metpally
Andhra Pradesh,Srikakulam,Srikakulam,Independent House,2,2,1544,Semi-Furnished,North,2,4425000,Srikakulam | Palasa
Andhra Pradesh,East Godavari,Rajahmundry,Residential Plot,0,0,2997,Not Applicable,East,0,7000000,East Godavari | Morampudi
Telangana,Nizamabad,Nizamabad,Apartment,2,3,918,Unfurnished,North,0,3725000,Nizamabad | Khaleelwadi
Telangana,Medchal Malkajgiri,Hyderabad,Independent House,2,2,1497,Semi-Furnished,North-East,1,16325000,Medchal Malkajgiri | KPHB
Telangana,Mancherial,Mancherial,Residential Plot,0,0,1503,Not Applicable,North,0,1425000,Mancherial | Bellampalli
Telangana,Hyderabad,Hyderabad,Apartment,3,2,1548,Furnished,North,1,12500000,Hyderabad | Tarnaka
Telangana,Siddipet,Siddipet,Apartment,3,3,1414,Furnished,North,5,6775000,Siddipet | Siddipet Town
Andhra Pradesh,Markapuram,Markapuram,Apartment,3,3,1442,Unfurnished,West,0,2250000,Markapuram | Yerragondapalem
Andhra Pradesh,West Godavari,Bhimavaram,Villa,4,5,3006,Furnished,North,24,5975000,West Godavari | Attili
Telangana,Nizamabad,Nizamabad,Independent Builder Floor,3,3,1328,Unfurnished,South-East,0,4375000,Nizamabad | Vinayak Nagar
Telangana,Mahabubabad,Mahabubabad,Apartment,2,2,952,Semi-Furnished,South-East,13,1825000,Mahabubabad | Thorrur
Telangana,Rangareddy,Hyderabad,Independent House,4,4,2307,Unfurnished,East,3,14025000,Rangareddy | Adibatla
Andhra Pradesh,NTR,Vijayawada,Apartment,3,3,1457,Furnished,North-East,1,14225000,NTR | MG Road
Telangana,Medchal Malkajgiri,Hyderabad,Independent House,4,4,1698,Unfurnished,North,8,19275000,Medchal Malkajgiri | KPHB
Telangana,Mahabubabad,Mahabubabad,Apartment,2,1,1062,Unfurnished,North,0,2200000,Mahabubabad | Dornakal
Telangana,Medchal Malkajgiri,Hyderabad,Apartment,4,4,1702,Unfurnished,North,21,9450000,Medchal Malkajgiri | Kompally
Telangana,Sangareddy,Hyderabad,Independent House,5,4,2583,Unfurnished,South-East,1,15500000,Sangareddy | Ameenpur
Andhra Pradesh,Tirupati,Tirupati,Independent House,4,3,2390,Semi-Furnished,South,9,13525000,Tirupati | Korlagunta
Andhra Pradesh,Guntur,Guntur,Independent House,3,2,1396,Semi-Furnished,North-East,6,8250000,Guntur | Arundelpet
Andhra Pradesh,NTR,Vijayawada,Independent House,5,5,2603,Semi-Furnished,East,3,16725000,NTR | Vidyadharapuram
Andhra Pradesh,Visakhapatnam,Visakhapatnam,Apartment,2,2,1136,Semi-Furnished,East,11,6025000,Visakhapatnam | Gajuwaka
Andhra Pradesh,East Godavari,Rajahmundry,Villa,3,3,1686,Unfurnished,West,14,8200000,East Godavari | Danavaipeta
Andhra Pradesh,Polavaram,Rampachodavaram,Independent House,2,2,1138,Semi-Furnished,North-East,3,1575000,Polavaram | Yetapaka
Andhra Pradesh,Polavaram,Rampachodavaram,Residential Plot,0,0,1800,Not Applicable,North-East,0,950000,Polavaram | Vararamachandrapuram
Telangana,Kamareddy,Kamareddy,Residential Plot,0,0,2997,Not Applicable,West,0,1925000,Kamareddy | Domakonda
Andhra Pradesh,Sri Potti Sriramulu Nellore,Nellore,Apartment,3,3,1643,Semi-Furnished,South,7,9525000,Sri Potti Sriramulu Nellore | Stonehousepeta
Andhra Pradesh,YSR Kadapa,Kadapa,Apartment,4,4,1841,Semi-Furnished,North-East,3,3900000,YSR Kadapa | Vontimitta
Andhra Pradesh,Anantapur,Anantapur,Apartment,2,2,888,Unfurnished,South,13,2750000,Anantapur | Tapovanam
Telangana,Nalgonda,Nalgonda,Independent House,3,4,1494,Unfurnished,North,3,3100000,Nalgonda | Nagarjuna Sagar
Telangana,Rangareddy,Hyderabad,Residential Plot,0,0,1197,Not Applicable,East,0,13375000,Rangareddy | Kokapet
Telangana,Nirmal,Nirmal,Residential Plot,0,0,1197,Not Applicable,South-East,0,1675000,Nirmal | Nirmal Town
Telangana,Rangareddy,Hyderabad,Apartment,2,2,1194,Furnished,North,12,12500000,Rangareddy | Nallagandla
Telangana,Rangareddy,Hyderabad,Residential Plot,0,0,1197,Not Applicable,North,0,6575000,Rangareddy | LB Nagar
Telangana,Medchal Malkajgiri,Hyderabad,Apartment,3,3,1073,Unfurnished,North,0,5175000,Medchal Malkajgiri | Ghatkesar
Andhra Pradesh,YSR Kadapa,Kadapa,Residential Plot,0,0,1800,Not Applicable,North-East,0,1225000,YSR Kadapa | Kamalapuram
Telangana,Khammam,Khammam,Apartment,3,3,1412,Semi-Furnished,East,7,5925000,Khammam | Mamillagudem
Andhra Pradesh,Krishna,Machilipatnam,Independent House,3,3,1406,Unfurnished,West,1,4200000,Krishna | Unguturu
Andhra Pradesh,West Godavari,Bhimavaram,Villa,4,4,2132,Furnished,North,1,14450000,West Godavari | Bhimavaram Town
Andhra Pradesh,East Godavari,Rajahmundry,Independent House,2,2,1228,Unfurnished,West,0,7000000,East Godavari | Morampudi
Andhra Pradesh,Chittoor,Chittoor,Independent House,3,3,1448,Unfurnished,North,0,5500000,Chittoor | Gandhi Road
Andhra Pradesh,Anantapur,Anantapur,Villa,3,3,1993,Furnished,South,0,9375000,Anantapur | Tapovanam
Telangana,Hanumakonda,Hanamkonda,Residential Plot,0,0,4500,Not Applicable,South,0,12350000,Hanumakonda | Naimnagar
Andhra Pradesh,NTR,Vijayawada,Residential Plot,0,0,1350,Not Applicable,West,0,2925000,NTR | Gollapudi
Andhra Pradesh,Vizianagaram,Vizianagaram,Independent House,4,5,2221,Unfurnished,South-East,28,4825000,Vizianagaram | Cheepurupalli
Telangana,Warangal,Warangal,Apartment,3,2,1280,Unfurnished,South,0,3150000,Warangal | Narsampet
Telangana,Mahabubabad,Mahabubabad,Villa,5,5,3687,Unfurnished,North,6,6450000,Mahabubabad | Maripeda
Andhra Pradesh,Kakinada,Kakinada,Independent House,6,5,3031,Unfurnished,East,25,15200000,Kakinada | Jagannaickpur
Telangana,Rangareddy,Hyderabad,Independent House,3,3,1769,Unfurnished,North-East,0,14625000,Rangareddy | Hayathnagar
Andhra Pradesh,Bapatla,Bapatla,Independent House,3,2,1545,Unfurnished,West,8,2575000,Bapatla | Martur
Andhra Pradesh,East Godavari,Rajahmundry,Independent Builder Floor,3,3,1514,Unfurnished,West,0,5175000,East Godavari | Kambala Cheruvu
Telangana,Nagarkurnool,Nagarkurnool,Independent Builder Floor,3,3,1140,Unfurnished,North,0,3125000,Nagarkurnool | Nagarkurnool Town
Andhra Pradesh,West Godavari,Bhimavaram,Independent House,3,3,1612,Unfurnished,North,1,4150000,West Godavari | Attili
Telangana,Yadadri Bhuvanagiri,Bhongir,Apartment,3,4,1596,Unfurnished,East,14,5150000,Yadadri Bhuvanagiri | Bibinagar
Telangana,Sangareddy,Hyderabad,Independent House,4,5,2281,Unfurnished,East,0,13200000,Sangareddy | Patancheru
Andhra Pradesh,East Godavari,Rajahmundry,Residential Plot,0,0,2700,Not Applicable,North-East,0,3025000,East Godavari | Gokavaram
Andhra Pradesh,Krishna,Vijayawada,Independent House,3,3,1346,Unfurnished,North,0,7200000,Krishna | Gannavaram
Andhra Pradesh,NTR,Vijayawada,Villa,4,3,2150,Semi-Furnished,North-East,5,17800000,NTR | Auto Nagar
Telangana,Warangal,Warangal,Apartment,2,2,1232,Unfurnished,North,0,4800000,Warangal | Khila Warangal
Telangana,Khammam,Khammam,Apartment,2,2,1359,Unfurnished,North,0,6575000,Khammam | Gandhi Chowk
Telangana,Peddapalli,Peddapalli,Villa,3,2,1843,Unfurnished,North-East,2,7350000,Peddapalli | Godavarikhani
Telangana,Jangaon,Jangaon,Independent House,6,7,3082,Semi-Furnished,North,21,4125000,Jangaon | Zaffergadh
Telangana,Medchal Malkajgiri,Hyderabad,Independent House,3,3,1504,Unfurnished,South,12,12175000,Medchal Malkajgiri | KPHB
Andhra Pradesh,East Godavari,Rajahmundry,Independent House,6,6,3002,Unfurnished,North,2,14700000,East Godavari | Morampudi
Andhra Pradesh,Kakinada,Kakinada,Apartment,2,2,1231,Semi-Furnished,North-East,1,6350000,Kakinada | Santhi Nagar
Telangana,Rangareddy,Hyderabad,Apartment,2,2,962,Unfurnished,East,6,8650000,Rangareddy | Manikonda
Telangana,Nalgonda,Nalgonda,Independent House,3,3,1796,Unfurnished,South,9,3625000,Nalgonda | Nagarjuna Sagar
Andhra Pradesh,Krishna,Machilipatnam,Independent House,3,4,1648,Unfurnished,North-East,8,5325000,Krishna | Pedana
Telangana,Medak,Medak,Apartment,2,2,1089,Unfurnished,North,5,1725000,Medak | Papannapet
Telangana,Nizamabad,Nizamabad,Apartment,2,2,1007,Semi-Furnished,East,1,3675000,Nizamabad | Armoor
Andhra Pradesh,Tirupati,Tirupati,Villa,5,4,3200,Unfurnished,East,7,25725000,Tirupati | Leela Mahal Circle
Andhra Pradesh,Dr. B.R. Ambedkar Konaseema,Amalapuram,Residential Plot,0,0,900,Not Applicable,North,0,1050000,Dr. B.R. Ambedkar Konaseema | Ravulapalem
Telangana,Sangareddy,Hyderabad,Independent House,3,4,1939,Semi-Furnished,East,30,10700000,Sangareddy | Beeramguda
Telangana,Vikarabad,Vikarabad,Residential Plot,0,0,3600,Not Applicable,South-East,0,2925000,Vikarabad | Mominpet
Telangana,Khammam,Khammam,Independent House,4,3,2435,Unfurnished,North,0,12300000,Khammam | Mamillagudem
Andhra Pradesh,Kakinada,Kakinada,Independent House,4,4,2059,Unfurnished,West,4,12650000,Kakinada | Ramanayapeta
Andhra Pradesh,Kakinada,Kakinada,Independent House,3,3,1631,Semi-Furnished,East,4,10150000,Kakinada | Suryaraopeta
Andhra Pradesh,Guntur,Guntur,Apartment,2,1,1070,Unfurnished,West,0,5000000,Guntur | Kothapet
Telangana,Warangal,Warangal,Independent Builder Floor,2,2,954,Unfurnished,South-East,0,3050000,Warangal | Rangashaipet
Andhra Pradesh,West Godavari,Bhimavaram,Residential Plot,0,0,2997,Not Applicable,North-East,0,4875000,West Godavari | Tadepalligudem
Telangana,Suryapet,Suryapet,Independent House,3,3,1376,Semi-Furnished,South-East,2,4400000,Suryapet | Kodad
Telangana,Sangareddy,Hyderabad,Villa,3,2,1740,Furnished,South,25,12500000,Sangareddy | Ameenpur
Andhra Pradesh,Anantapur,Anantapur,Apartment,2,2,1133,Semi-Furnished,South-East,11,3450000,Anantapur | Gandhi Nagar
Telangana,Mahabubnagar,Mahabubnagar,Villa,3,3,2577,Semi-Furnished,North,4,6800000,Mahabubnagar | Koilkonda
Andhra Pradesh,Guntur,Guntur,Apartment,2,2,1016,Unfurnished,North-East,0,2875000,Guntur | Pedakakani
Telangana,Khammam,Khammam,Residential Plot,0,0,1503,Not Applicable,East,0,1500000,Khammam | Thirumalayapalem
Andhra Pradesh,Guntur,Guntur,Independent House,4,4,2093,Unfurnished,West,17,7175000,Guntur | Nallapadu
Telangana,Suryapet,Suryapet,Independent House,4,5,1922,Unfurnished,East,18,5225000,Suryapet | Suryapet Town
Andhra Pradesh,Sri Sathya Sai,Puttaparthi,Apartment,2,1,1065,Unfurnished,East,1,3750000,Sri Sathya Sai | Hindupur
Telangana,Bhadradri Kothagudem,Kothagudem,Independent House,3,4,1226,Semi-Furnished,South-East,16,3225000,Bhadradri Kothagudem | Palvancha
Telangana,Hyderabad,Hyderabad,Residential Plot,0,0,1350,Not Applicable,North-East,0,19400000,Hyderabad | Banjara Hills
Telangana,Nalgonda,Nalgonda,Residential Plot,0,0,1800,Not Applicable,West,0,1300000,Nalgonda | Chandur
Telangana,Hyderabad,Hyderabad,Residential Plot,0,0,1800,Not Applicable,North-East,0,15300000,Hyderabad | Himayatnagar
Andhra Pradesh,Kurnool,Kurnool,Apartment,2,2,977,Unfurnished,South,3,2925000,Kurnool | Balaji Nagar
Telangana,Nizamabad,Nizamabad,Residential Plot,0,0,1197,Not Applicable,South,0,950000,Nizamabad | Balkonda
Andhra Pradesh,Srikakulam,Srikakulam,Independent Builder Floor,3,2,1350,Furnished,East,2,3625000,Srikakulam | Narasannapeta
Telangana,Sangareddy,Hyderabad,Apartment,2,2,1072,Furnished,West,8,6750000,Sangareddy | Beeramguda
Telangana,Medchal Malkajgiri,Hyderabad,Residential Plot,0,0,1197,Not Applicable,East,0,7400000,Medchal Malkajgiri | Bachupally
Andhra Pradesh,Anakapalli,Anakapalle,Apartment,4,4,2548,Unfurnished,South-East,0,8700000,Anakapalli | Narsipatnam
Andhra Pradesh,Prakasam,Ongole,Apartment,3,3,1361,Unfurnished,South,0,2500000,Prakasam | Santhanuthalapadu
Telangana,Vikarabad,Vikarabad,Residential Plot,0,0,1503,Not Applicable,South,0,875000,Vikarabad | Dharur
Telangana,Adilabad,Adilabad,Independent House,5,6,2685,Unfurnished,North-East,30,7625000,Adilabad | Adilabad Town
Telangana,Hanumakonda,Hanamkonda,Apartment,3,2,1592,Unfurnished,South,4,8675000,Hanumakonda | Naimnagar
Telangana,Medchal Malkajgiri,Hyderabad,Residential Plot,0,0,2997,Not Applicable,East,0,12400000,Medchal Malkajgiri | Nagaram
Andhra Pradesh,Kurnool,Kurnool,Independent House,3,4,2018,Unfurnished,North,1,9200000,Kurnool | Gayathri Estates
Telangana,Yadadri Bhuvanagiri,Bhongir,Apartment,3,2,1658,Unfurnished,South,0,5350000,Yadadri Bhuvanagiri | Yadagirigutta
Telangana,Narayanpet,Narayanpet,Apartment,3,3,1567,Semi-Furnished,South-East,1,2525000,Narayanpet | Maganoor
Andhra Pradesh,Visakhapatnam,Visakhapatnam,Residential Plot,0,0,2700,Not Applicable,North,0,16550000,Visakhapatnam | MVP Colony
Andhra Pradesh,YSR Kadapa,Kadapa,Apartment,3,2,1228,Unfurnished,East,0,5200000,YSR Kadapa | Chinna Chowk
Telangana,Khammam,Khammam,Residential Plot,0,0,1620,Not Applicable,West,0,3375000,Khammam | Mamillagudem
Andhra Pradesh,NTR,Vijayawada,Independent House,2,3,1073,Unfurnished,East,1,6350000,NTR | Auto Nagar
Andhra Pradesh,Kakinada,Kakinada,Independent House,5,5,2472,Unfurnished,North,9,8600000,Kakinada | Madhavapatnam
Andhra Pradesh,Guntur,Guntur,Apartment,3,3,1559,Unfurnished,North-East,9,7300000,Guntur | Brodipet
Andhra Pradesh,Kurnool,Kurnool,Residential Plot,0,0,1503,Not Applicable,North-East,0,2450000,Kurnool | Sunkesula Road
Telangana,Rangareddy,Hyderabad,Apartment,3,3,1401,Unfurnished,North,0,14875000,Rangareddy | Nallagandla
Andhra Pradesh,Sri Sathya Sai,Puttaparthi,Independent Builder Floor,2,1,1071,Semi-Furnished,North-East,5,4800000,Sri Sathya Sai | Puttaparthi Town
Telangana,Medak,Medak,Residential Plot,0,0,1197,Not Applicable,North-East,0,2525000,Medak | Medak Town
Telangana,Medchal Malkajgiri,Hyderabad,Apartment,4,4,2186,Unfurnished,East,5,17075000,Medchal Malkajgiri | Kompally
Andhra Pradesh,Sri Potti Sriramulu Nellore,Nellore,Independent Builder Floor,2,1,1037,Unfurnished,North-East,0,6425000,Sri Potti Sriramulu Nellore | Dargamitta
Andhra Pradesh,Srikakulam,Srikakulam,Apartment,3,4,1502,Unfurnished,North,0,5275000,Srikakulam | Srikakulam Town
Telangana,Mancherial,Mancherial,Independent House,5,5,2516,Semi-Furnished,West,2,5950000,Mancherial | Chennur
Andhra Pradesh,Srikakulam,Srikakulam,Villa,3,2,2623,Unfurnished,East,2,11725000,Srikakulam | Amadalavalasa
Andhra Pradesh,Tirupati,Tirupati,Residential Plot,0,0,4500,Not Applicable,East,0,5925000,Tirupati | Gudur
Andhra Pradesh,Guntur,Guntur,Independent House,3,3,1365,Unfurnished,East,18,5225000,Guntur | Vidya Nagar
Andhra Pradesh,Bapatla,Bapatla,Apartment,1,1,439,Semi-Furnished,South,0,1475000,Bapatla | Repalle
Telangana,Nizamabad,Nizamabad,Apartment,2,2,1058,Semi-Furnished,North-East,23,2300000,Nizamabad | Dichpally
Andhra Pradesh,Srikakulam,Srikakulam,Independent House,4,4,1913,Furnished,North,1,5050000,Srikakulam | Sompeta
Andhra Pradesh,Dr. B.R. Ambedkar Konaseema,Amalapuram,Residential Plot,0,0,1503,Not Applicable,North,0,1600000,Dr. B.R. Ambedkar Konaseema | Ravulapalem
Telangana,Mahabubnagar,Mahabubnagar,Apartment,3,3,1521,Unfurnished,East,0,3950000,Mahabubnagar | Jadcherla
Andhra Pradesh,YSR Kadapa,Kadapa,Independent House,3,2,1757,Unfurnished,South,1,6350000,YSR Kadapa | Marripadu
Telangana,Rangareddy,Hyderabad,Independent House,4,5,1989,Unfurnished,South,0,8400000,Rangareddy | Kothur
Telangana,Rangareddy,Hyderabad,Apartment,3,3,1549,Unfurnished,South,0,16175000,Rangareddy | Madhapur
Andhra Pradesh,Kurnool,Kurnool,Independent House,4,3,1974,Semi-Furnished,North-East,4,5800000,Kurnool | Nandyal Road
Andhra Pradesh,Prakasam,Ongole,Apartment,3,4,1501,Furnished,North,10,3400000,Prakasam | Kothapatnam
Telangana,Rangareddy,Hyderabad,Apartment,3,4,1212,Semi-Furnished,South-East,1,17025000,Rangareddy | Madhapur
Andhra Pradesh,East Godavari,Rajahmundry,Independent Builder Floor,3,3,1241,Unfurnished,West,0,2625000,East Godavari | Seethanagaram
Andhra Pradesh,Sri Potti Sriramulu Nellore,Nellore,Residential Plot,0,0,1350,Not Applicable,East,0,2200000,Sri Potti Sriramulu Nellore | Kavali
Andhra Pradesh,Sri Sathya Sai,Puttaparthi,Apartment,1,1,545,Unfurnished,North,0,1100000,Sri Sathya Sai | Bukkapatnam
Telangana,Medchal Malkajgiri,Hyderabad,Independent House,2,2,1055,Semi-Furnished,South,1,5200000,Medchal Malkajgiri | Keesara
Telangana,Medak,Medak,Independent House,3,3,1424,Unfurnished,South-East,3,4150000,Medak | Medak Town
Telangana,Nalgonda,Nalgonda,Apartment,3,3,1334,Unfurnished,North,0,2675000,Nalgonda | Haliya
Telangana,Rangareddy,Hyderabad,Independent Builder Floor,2,2,922,Unfurnished,North,1,11475000,Rangareddy | Gachibowli
Andhra Pradesh,Srikakulam,Srikakulam,Independent House,3,2,1584,Furnished,North,1,4075000,Srikakulam | Tekkali
Andhra Pradesh,NTR,Vijayawada,Apartment,2,1,1050,Unfurnished,West,6,4800000,NTR | Ajit Singh Nagar
Andhra Pradesh,NTR,Vijayawada,Apartment,3,2,1729,Unfurnished,West,1,8800000,NTR | Gunadala
Andhra Pradesh,Nandyal,Nandyal,Residential Plot,0,0,1350,Not Applicable,West,0,1550000,Nandyal | Dhone
Telangana,Narayanpet,Narayanpet,Independent House,3,3,2408,Furnished,North,0,4350000,Narayanpet | Maganoor
Andhra Pradesh,East Godavari,Rajahmundry,Independent Builder Floor,2,3,894,Unfurnished,East,24,3025000,East Godavari | Kambala Cheruvu
Telangana,Medak,Medak,Residential Plot,0,0,1350,Not Applicable,North,0,1600000,Medak | Narsapur
Andhra Pradesh,Anantapur,Anantapur,Villa,3,2,1756,Unfurnished,East,0,8925000,Anantapur | Rudrampeta
Telangana,Mahabubabad,Mahabubabad,Independent House,5,5,2492,Unfurnished,North,12,3175000,Mahabubabad | Maripeda
Telangana,Rangareddy,Hyderabad,Villa,3,4,1673,Semi-Furnished,South,11,12200000,Rangareddy | Hayathnagar
Andhra Pradesh,NTR,Vijayawada,Independent Builder Floor,3,3,1371,Unfurnished,West,2,8300000,NTR | Auto Nagar
Andhra Pradesh,Vizianagaram,Vizianagaram,Independent House,2,2,1188,Semi-Furnished,East,20,2525000,Vizianagaram | Srungavarapukota
Andhra Pradesh,Kakinada,Kakinada,Independent House,3,3,1716,Unfurnished,East,16,7900000,Kakinada | Sasikanth Nagar
Andhra Pradesh,Alluri Sitharama Raju,Paderu,Residential Plot,0,0,2997,Not Applicable,South,0,3175000,Alluri Sitharama Raju | Paderu
Andhra Pradesh,Tirupati,Tirupati,Apartment,4,5,1857,Furnished,East,2,5950000,Tirupati | Puttur
Andhra Pradesh,Visakhapatnam,Visakhapatnam,Residential Plot,0,0,1998,Not Applicable,East,0,5700000,Visakhapatnam | Madhurawada
Andhra Pradesh,Visakhapatnam,Visakhapatnam,Independent House,3,3,1865,Semi-Furnished,North-East,0,8875000,Visakhapatnam | Kurmannapalem
Telangana,Hyderabad,Hyderabad,Apartment,4,5,1641,Unfurnished,East,7,19175000,Hyderabad | Banjara Hills
Andhra Pradesh,Bapatla,Bapatla,Apartment,2,2,1011,Unfurnished,East,1,3750000,Bapatla | Bapatla Town
Andhra Pradesh,Bapatla,Bapatla,Independent Builder Floor,3,3,1441,Unfurnished,North-East,9,3250000,Bapatla | Parchur
Telangana,Wanaparthy,Wanaparthy,Independent Builder Floor,3,3,1770,Unfurnished,North,0,3875000,Wanaparthy | Kothakota
Andhra Pradesh,Srikakulam,Srikakulam,Apartment,2,2,1126,Furnished,West,5,2975000,Srikakulam | Amadalavalasa
Andhra Pradesh,Vizianagaram,Vizianagaram,Apartment,2,3,1186,Unfurnished,North,0,4650000,Vizianagaram | Vizianagaram Town
Telangana,Nizamabad,Nizamabad,Independent House,3,3,1427,Semi-Furnished,East,1,4275000,Nizamabad | Bodhan
Telangana,Medchal Malkajgiri,Hyderabad,Residential Plot,0,0,1800,Not Applicable,East,0,8400000,Medchal Malkajgiri | Kapra
Telangana,Jayashankar Bhupalpally,Bhupalpally,Villa,3,3,1537,Semi-Furnished,East,1,2700000,Jayashankar Bhupalpally | Malharrao
Telangana,Narayanpet,Narayanpet,Apartment,3,2,1647,Semi-Furnished,East,0,4575000,Narayanpet | Narayanpet Town
Telangana,Jangaon,Jangaon,Independent House,3,3,1738,Unfurnished,East,0,2625000,Jangaon | Bachannapet
Andhra Pradesh,Guntur,Guntur,Residential Plot,0,0,1350,Not Applicable,East,0,1700000,Guntur | Prathipadu
Andhra Pradesh,Srikakulam,Srikakulam,Residential Plot,0,0,1620,Not Applicable,East,0,2550000,Srikakulam | Arasavalli
Andhra Pradesh,Guntur,Guntur,Independent House,4,5,2205,Unfurnished,East,0,16225000,Guntur | Arundelpet
Telangana,Mahabubnagar,Mahabubnagar,Apartment,2,2,894,Semi-Furnished,East,6,2650000,Mahabubnagar | Jadcherla
Telangana,Siddipet,Siddipet,Independent House,6,7,2500,Unfurnished,North-East,0,11650000,Siddipet | Siddipet Town
Telangana,Mancherial,Mancherial,Apartment,3,3,1227,Unfurnished,North,0,3500000,Mancherial | Mancherial Town
Telangana,Nizamabad,Nizamabad,Apartment,3,3,1369,Semi-Furnished,East,4,3625000,Nizamabad | Bodhan
Andhra Pradesh,Krishna,Vijayawada,Apartment,2,3,824,Semi-Furnished,North,1,3525000,Krishna | Tadigadapa
Andhra Pradesh,Visakhapatnam,Visakhapatnam,Independent House,2,1,1300,Furnished,East,5,5850000,Visakhapatnam | Gajuwaka
Telangana,Warangal,Warangal,Apartment,2,2,1165,Unfurnished,West,0,2525000,Warangal | Sangem
Telangana,Khammam,Khammam,Apartment,2,3,1049,Semi-Furnished,North,2,3700000,Khammam | Sathupalli
Telangana,Medchal Malkajgiri,Hyderabad,Apartment,2,2,1123,Unfurnished,South-East,0,8700000,Medchal Malkajgiri | Bachupally
Telangana,Medchal Malkajgiri,Hyderabad,Apartment,4,3,2454,Unfurnished,East,0,13775000,Medchal Malkajgiri | ECIL
Telangana,Hyderabad,Hyderabad,Apartment,2,2,986,Unfurnished,North,0,11525000,Hyderabad | Himayatnagar
Andhra Pradesh,Anakapalli,Anakapalle,Residential Plot,0,0,1620,Not Applicable,North-East,0,2075000,Anakapalli | Atchutapuram
Telangana,Rajanna Sircilla,Sircilla,Villa,3,3,2331,Unfurnished,East,0,11425000,Rajanna Sircilla | Sircilla Town
Telangana,Nizamabad,Nizamabad,Residential Plot,0,0,2403,Not Applicable,West,0,4725000,Nizamabad | Khaleelwadi
Andhra Pradesh,Nandyal,Nandyal,Residential Plot,0,0,1800,Not Applicable,East,0,3475000,Nandyal | Nandyal Town
Telangana,Rangareddy,Hyderabad,Apartment,3,3,1434,Unfurnished,North,1,7875000,Rangareddy | Maheshwaram
Telangana,Nizamabad,Nizamabad,Apartment,1,1,513,Unfurnished,East,0,1375000,Nizamabad | Bodhan
Andhra Pradesh,Polavaram,Rampachodavaram,Independent House,3,3,1901,Unfurnished,East,2,2125000,Polavaram | Kunavaram
Telangana,Hyderabad,Hyderabad,Independent House,6,6,3304,Unfurnished,South,4,26400000,Hyderabad | Tolichowki
Telangana,Mancherial,Mancherial,Villa,3,3,1850,Unfurnished,North-East,21,7300000,Mancherial | Mancherial Town
Telangana,Adilabad,Adilabad,Apartment,2,2,1186,Furnished,North,1,2250000,Adilabad | Boath
Telangana,Rangareddy,Hyderabad,Apartment,3,2,1351,Furnished,North,24,5575000,Rangareddy | Ibrahimpatnam
Andhra Pradesh,NTR,Vijayawada,Apartment,2,1,1086,Unfurnished,West,3,4900000,NTR | Ajit Singh Nagar
Telangana,Hyderabad,Hyderabad,Independent Builder Floor,3,2,1568,Semi-Furnished,North-East,0,17575000,Hyderabad | Secunderabad
Telangana,Karimnagar,Karimnagar,Independent House,2,3,1237,Semi-Furnished,South,0,4050000,Karimnagar | Manakondur
Telangana,Medchal Malkajgiri,Hyderabad,Apartment,2,3,1061,Unfurnished,West,12,7725000,Medchal Malkajgiri | Kukatpally
Andhra Pradesh,Srikakulam,Srikakulam,Independent House,3,4,1745,Semi-Furnished,South-East,6,9425000,Srikakulam | Srikakulam Town
Telangana,Jayashankar Bhupalpally,Bhupalpally,Independent House,2,2,1230,Furnished,North,7,4275000,Jayashankar Bhupalpally | Bhupalpally Town
Andhra Pradesh,Sri Potti Sriramulu Nellore,Nellore,Independent House,5,6,2978,Furnished,South,4,16000000,Sri Potti Sriramulu Nellore | Stonehousepeta
Andhra Pradesh,Polavaram,Rampachodavaram,Independent House,5,4,2833,Unfurnished,East,0,6500000,Polavaram | Rampachodavaram
Andhra Pradesh,YSR Kadapa,Kadapa,Residential Plot,0,0,1620,Not Applicable,North,0,1525000,YSR Kadapa | Pulivendula
Telangana,Karimnagar,Karimnagar,Independent House,3,3,1734,Semi-Furnished,South,0,6325000,Karimnagar | Chaitanyapuri
Andhra Pradesh,Guntur,Guntur,Independent Builder Floor,3,3,1124,Furnished,North,22,5075000,Guntur | Lakshmipuram
Andhra Pradesh,Sri Potti Sriramulu Nellore,Nellore,Villa,4,5,2668,Semi-Furnished,North,5,11450000,Sri Potti Sriramulu Nellore | Kovur
Telangana,Khammam,Khammam,Apartment,3,3,1289,Semi-Furnished,West,8,4275000,Khammam | Madhira
Andhra Pradesh,Krishna,Vijayawada,Apartment,4,4,2268,Unfurnished,North,0,10175000,Krishna | Gannavaram
Telangana,Medchal Malkajgiri,Hyderabad,Independent House,2,2,1479,Semi-Furnished,East,1,11925000,Medchal Malkajgiri | ECIL
Andhra Pradesh,NTR,Vijayawada,Independent House,3,3,1640,Furnished,North,11,6750000,NTR | Jaggayyapeta
Andhra Pradesh,Polavaram,Rampachodavaram,Independent House,3,3,1777,Unfurnished,South,4,2425000,Polavaram | Addateegala
Andhra Pradesh,Visakhapatnam,Visakhapatnam,Residential Plot,0,0,1197,Not Applicable,North,0,5725000,Visakhapatnam | Maddilapalem
Telangana,Hyderabad,Hyderabad,Residential Plot,0,0,1800,Not Applicable,North,0,13300000,Hyderabad | Tolichowki
Andhra Pradesh,NTR,Vijayawada,Residential Plot,0,0,1998,Not Applicable,North,0,5850000,NTR | Gunadala
Andhra Pradesh,Kakinada,Kakinada,Independent House,4,4,1994,Semi-Furnished,West,1,6475000,Kakinada | Peddapuram
Telangana,Jayashankar Bhupalpally,Bhupalpally,Independent Builder Floor,2,3,949,Semi-Furnished,North-East,29,1100000,Jayashankar Bhupalpally | Palimela
Telangana,Khammam,Khammam,Villa,4,4,2346,Furnished,South-East,1,7850000,Khammam | Yerrupalem
Telangana,Sangareddy,Sangareddy,Independent House,5,5,1996,Unfurnished,East,3,9425000,Sangareddy | Sangareddy Town
Andhra Pradesh,Eluru,Eluru,Villa,3,3,2333,Semi-Furnished,East,0,6800000,Eluru | Bhimadole
Andhra Pradesh,Annamayya,Madanapalle,Residential Plot,0,0,1620,Not Applicable,North-East,0,2825000,Annamayya | Madanapalle Town
Andhra Pradesh,Palnadu,Narasaraopet,Independent House,2,2,911,Unfurnished,East,9,3300000,Palnadu | Narasaraopet Town
Andhra Pradesh,Sri Potti Sriramulu Nellore,Nellore,Independent House,5,6,2102,Unfurnished,East,2,11075000,Sri Potti Sriramulu Nellore | Dargamitta
Andhra Pradesh,Visakhapatnam,Visakhapatnam,Apartment,3,2,1234,Unfurnished,North,1,10975000,Visakhapatnam | Sagar Nagar
Telangana,Nalgonda,Nalgonda,Apartment,2,1,1171,Unfurnished,West,1,4825000,Nalgonda | Nalgonda Town
Telangana,Rangareddy,Hyderabad,Apartment,2,2,871,Furnished,South,1,4150000,Rangareddy | Kandukur
Telangana,Khammam,Khammam,Independent House,2,2,1293,Semi-Furnished,East,2,6675000,Khammam | Gandhi Chowk
Telangana,Sangareddy,Hyderabad,Independent House,3,3,1745,Unfurnished,North,0,15200000,Sangareddy | Kollur
Telangana,Nizamabad,Nizamabad,Apartment,2,2,1233,Unfurnished,South,3,4950000,Nizamabad | Khaleelwadi
Telangana,Peddapalli,Peddapalli,Apartment,3,3,2078,Unfurnished,West,2,7100000,Peddapalli | Ramagundam
Andhra Pradesh,Visakhapatnam,Visakhapatnam,Residential Plot,0,0,2700,Not Applicable,South,0,8825000,Visakhapatnam | Madhurawada
Telangana,Hyderabad,Hyderabad,Villa,4,4,3258,Semi-Furnished,East,17,30150000,Hyderabad | Kachiguda
Telangana,Mahabubnagar,Mahabubnagar,Villa,3,4,1834,Furnished,South,2,5350000,Mahabubnagar | Balanagar
Andhra Pradesh,Kurnool,Kurnool,Residential Plot,0,0,1350,Not Applicable,East,0,1250000,Kurnool | Alur
Andhra Pradesh,Guntur,Guntur,Apartment,3,3,2080,Unfurnished,West,0,11450000,Guntur | Brodipet
Telangana,Sangareddy,Hyderabad,Apartment,3,3,1459,Unfurnished,North,0,7700000,Sangareddy | Isnapur
Andhra Pradesh,Kakinada,Kakinada,Villa,3,3,2290,Semi-Furnished,North,13,11425000,Kakinada | Santhi Nagar
Telangana,Hyderabad,Hyderabad,Apartment,3,4,1787,Unfurnished,North-East,0,14250000,Hyderabad | Ameerpet
Andhra Pradesh,Chittoor,Chittoor,Residential Plot,0,0,2700,Not Applicable,East,0,2025000,Chittoor | Puthalapattu
Andhra Pradesh,Bapatla,Bapatla,Apartment,3,4,1370,Unfurnished,West,1,4625000,Bapatla | Chirala
Telangana,Khammam,Khammam,Residential Plot,0,0,900,Not Applicable,South,0,1675000,Khammam | Gandhi Chowk
Andhra Pradesh,Visakhapatnam,Visakhapatnam,Villa,3,4,2129,Semi-Furnished,South-East,7,25625000,Visakhapatnam | Dwaraka Nagar
Andhra Pradesh,Eluru,Eluru,Independent Builder Floor,3,3,1450,Semi-Furnished,North,4,3450000,Eluru | Denduluru
Andhra Pradesh,Anantapur,Anantapur,Independent Builder Floor,3,4,1565,Semi-Furnished,East,8,7150000,Anantapur | Saptagiri Circle
Andhra Pradesh,Visakhapatnam,Visakhapatnam,Independent House,2,2,1155,Furnished,South,8,8650000,Visakhapatnam | Sagar Nagar
Andhra Pradesh,Markapuram,Markapuram,Apartment,2,1,1071,Semi-Furnished,North,9,2250000,Markapuram | Cumbum
Andhra Pradesh,Visakhapatnam,Visakhapatnam,Apartment,3,4,1788,Unfurnished,North-East,3,10525000,Visakhapatnam | Gajuwaka
Telangana,Sangareddy,Sangareddy,Independent House,3,4,1669,Semi-Furnished,South-East,0,6075000,Sangareddy | Sadasivpet
Andhra Pradesh,Nandyal,Nandyal,Apartment,3,3,1126,Furnished,East,1,2600000,Nandyal | Dhone
Andhra Pradesh,YSR Kadapa,Kadapa,Villa,3,3,2185,Semi-Furnished,North-East,6,8275000,YSR Kadapa | Marripadu
Telangana,Rangareddy,Hyderabad,Villa,4,3,2546,Unfurnished,East,6,31600000,Rangareddy | Nallagandla
Andhra Pradesh,Vizianagaram,Vizianagaram,Apartment,2,3,855,Unfurnished,North,0,3525000,Vizianagaram | Ayyannapeta
Telangana,Medchal Malkajgiri,Hyderabad,Apartment,4,4,2310,Unfurnished,North,0,18775000,Medchal Malkajgiri | Nizampet
Andhra Pradesh,Alluri Sitharama Raju,Paderu,Residential Plot,0,0,1998,Not Applicable,North,0,850000,Alluri Sitharama Raju | Munchingiputtu
Andhra Pradesh,Sri Potti Sriramulu Nellore,Nellore,Residential Plot,0,0,1998,Not Applicable,North,0,5350000,Sri Potti Sriramulu Nellore | Mini Bypass Road
Andhra Pradesh,Sri Potti Sriramulu Nellore,Nellore,Independent House,2,1,1342,Unfurnished,East,8,4275000,Sri Potti Sriramulu Nellore | Venkatachalam
Andhra Pradesh,Palnadu,Narasaraopet,Independent House,3,2,1580,Unfurnished,East,0,3400000,Palnadu | Gurazala
Telangana,Hyderabad,Hyderabad,Independent House,4,4,2380,Unfurnished,East,17,21325000,Hyderabad | Secunderabad
Telangana,Hyderabad,Hyderabad,Residential Plot,0,0,900,Not Applicable,North-East,0,6450000,Hyderabad | Nampally
Telangana,Sangareddy,Sangareddy,Independent House,3,3,1554,Semi-Furnished,East,2,7975000,Sangareddy | Sangareddy Town
Telangana,Rangareddy,Hyderabad,Apartment,1,1,469,Unfurnished,East,2,5900000,Rangareddy | Gachibowli
Telangana,Medchal Malkajgiri,Hyderabad,Independent Builder Floor,2,2,1048,Unfurnished,East,12,7050000,Medchal Malkajgiri | Malkajgiri
Andhra Pradesh,Nandyal,Nandyal,Apartment,2,2,1168,Unfurnished,East,0,2350000,Nandyal | Koilkuntla
Andhra Pradesh,Vizianagaram,Vizianagaram,Residential Plot,0,0,1197,Not Applicable,South-East,0,1700000,Vizianagaram | Bhogapuram
Telangana,Adilabad,Adilabad,Apartment,3,2,1747,Furnished,West,4,6250000,Adilabad | Adilabad Town
Telangana,Vikarabad,Vikarabad,Apartment,3,3,1468,Semi-Furnished,North-East,6,6625000,Vikarabad | Vikarabad Town
Telangana,Vikarabad,Vikarabad,Apartment,3,2,1339,Unfurnished,South,0,3175000,Vikarabad | Mominpet
Telangana,Khammam,Khammam,Apartment,3,3,1679,Furnished,East,5,5825000,Khammam | Madhira
Telangana,Hyderabad,Hyderabad,Apartment,4,3,2807,Furnished,West,5,25775000,Hyderabad | Begumpet
Telangana,Hyderabad,Hyderabad,Independent Builder Floor,2,2,1027,Unfurnished,South,2,12475000,Hyderabad | Banjara Hills
Telangana,Kamareddy,Kamareddy,Apartment,2,2,1171,Unfurnished,West,1,3250000,Kamareddy | Banswada
Telangana,Sangareddy,Hyderabad,Villa,4,4,2618,Unfurnished,North-East,5,26000000,Sangareddy | Tellapur
Telangana,Yadadri Bhuvanagiri,Bhongir,Residential Plot,0,0,1350,Not Applicable,North-East,0,1500000,Yadadri Bhuvanagiri | Alair
Telangana,Mahabubabad,Mahabubabad,Residential Plot,0,0,1197,Not Applicable,North,0,775000,Mahabubabad | Maripeda
Telangana,Medchal Malkajgiri,Hyderabad,Residential Plot,0,0,900,Not Applicable,North-East,0,3800000,Medchal Malkajgiri | Dundigal
Andhra Pradesh,Sri Potti Sriramulu Nellore,Nellore,Independent House,3,3,1994,Furnished,North,3,12975000,Sri Potti Sriramulu Nellore | Stonehousepeta
Telangana,Jagtial,Jagtial,Residential Plot,0,0,1197,Not Applicable,North,0,2200000,Jagtial | Jagtial Town
Andhra Pradesh,Sri Potti Sriramulu Nellore,Nellore,Apartment,3,3,1545,Semi-Furnished,South,0,5900000,Sri Potti Sriramulu Nellore | Nawabpet
Telangana,Bhadradri Kothagudem,Kothagudem,Independent House,2,1,749,Semi-Furnished,North,18,1225000,Bhadradri Kothagudem | Aswaraopeta
Telangana,Hyderabad,Hyderabad,Independent Builder Floor,3,3,1340,Semi-Furnished,West,6,11275000,Hyderabad | Yousufguda
Andhra Pradesh,NTR,Vijayawada,Apartment,1,1,507,Semi-Furnished,East,8,3450000,NTR | Governorpet
Telangana,Hyderabad,Hyderabad,Residential Plot,0,0,1350,Not Applicable,North,0,14175000,Hyderabad | Secunderabad
Andhra Pradesh,Kurnool,Kurnool,Residential Plot,0,0,1197,Not Applicable,West,0,2175000,Kurnool | Venkataramana Colony
Telangana,Medchal Malkajgiri,Hyderabad,Apartment,2,3,1158,Unfurnished,East,6,10650000,Medchal Malkajgiri | KPHB
Telangana,Hyderabad,Hyderabad,Apartment,3,2,1668,Semi-Furnished,North-East,1,21900000,Hyderabad | Jubilee Hills
Andhra Pradesh,Kurnool,Kurnool,Independent House,4,4,2192,Unfurnished,East,6,8300000,Kurnool | Venkataramana Colony
Andhra Pradesh,NTR,Vijayawada,Independent Builder Floor,2,2,959,Unfurnished,East,0,6100000,NTR | Patamata
Andhra Pradesh,NTR,Vijayawada,Villa,3,3,2291,Furnished,West,0,20300000,NTR | Vidyadharapuram
Andhra Pradesh,Guntur,Guntur,Apartment,3,2,1403,Unfurnished,North-East,0,7025000,Guntur | Arundelpet
Telangana,Hyderabad,Hyderabad,Apartment,2,2,1140,Furnished,East,1,18825000,Hyderabad | Banjara Hills
Andhra Pradesh,Eluru,Eluru,Independent Builder Floor,2,2,1139,Unfurnished,North,5,1925000,Eluru | Tadikalapudi
Telangana,Adilabad,Adilabad,Apartment,3,2,1607,Semi-Furnished,North,0,7425000,Adilabad | Adilabad Town
Telangana,Mancherial,Mancherial,Residential Plot,0,0,4500,Not Applicable,East,0,8775000,Mancherial | Mancherial Town
Telangana,Medchal Malkajgiri,Hyderabad,Apartment,3,4,1543,Semi-Furnished,North-East,1,10375000,Medchal Malkajgiri | Alwal
Andhra Pradesh,East Godavari,Rajahmundry,Residential Plot,0,0,4500,Not Applicable,South,0,7000000,East Godavari | Rajanagaram
Andhra Pradesh,Sri Sathya Sai,Puttaparthi,Apartment,2,2,901,Unfurnished,North,5,3000000,Sri Sathya Sai | Puttaparthi Town
Andhra Pradesh,East Godavari,Rajahmundry,Independent House,6,6,2910,Semi-Furnished,South-East,20,7025000,East Godavari | Kovvur
Andhra Pradesh,NTR,Vijayawada,Apartment,3,3,1441,Semi-Furnished,North-East,1,5325000,NTR | Nunna
Andhra Pradesh,Visakhapatnam,Visakhapatnam,Apartment,2,3,1336,Unfurnished,South-East,0,9775000,Visakhapatnam | Seethammadhara
Telangana,Nalgonda,Nalgonda,Residential Plot,0,0,1197,Not Applicable,East,0,975000,Nalgonda | Munugode
Telangana,Rangareddy,Hyderabad,Residential Plot,0,0,1503,Not Applicable,North-East,0,8225000,Rangareddy | Mokila
Telangana,Medak,Medak,Residential Plot,0,0,2403,Not Applicable,North,0,1475000,Medak | Shankarampet
Telangana,Rangareddy,Hyderabad,Residential Plot,0,0,900,Not Applicable,South,0,2050000,Rangareddy | Chevella
Andhra Pradesh,Tirupati,Tirupati,Residential Plot,0,0,2700,Not Applicable,North-East,0,5500000,Tirupati | Renigunta
Andhra Pradesh,Anakapalli,Anakapalle,Independent House,2,1,1225,Semi-Furnished,South,0,2800000,Anakapalli | Payakaraopeta
Telangana,Hanumakonda,Hanamkonda,Independent House,3,4,1662,Semi-Furnished,North,21,6875000,Hanumakonda | Naimnagar
Andhra Pradesh,Tirupati,Tirupati,Independent Builder Floor,2,1,1122,Unfurnished,North,10,2950000,Tirupati | Venkatagiri
Telangana,Medak,Medak,Independent House,4,5,2387,Unfurnished,North,1,6525000,Medak | Narsapur
Andhra Pradesh,Markapuram,Markapuram,Independent House,5,5,2918,Unfurnished,South,6,7325000,Markapuram | Markapuram Town
Telangana,Hyderabad,Hyderabad,Villa,4,4,2426,Unfurnished,East,20,29850000,Hyderabad | Secunderabad
Andhra Pradesh,Guntur,Guntur,Apartment,3,2,1317,Unfurnished,North-East,0,5725000,Guntur | Tenali
Telangana,Jagtial,Jagtial,Residential Plot,0,0,1350,Not Applicable,East,0,1550000,Jagtial | Korutla
Telangana,Hyderabad,Hyderabad,Apartment,3,2,1716,Unfurnished,North,1,16725000,Hyderabad | Musheerabad
Telangana,Rangareddy,Hyderabad,Residential Plot,0,0,1350,Not Applicable,East,0,12425000,Rangareddy | Nanakramguda
Andhra Pradesh,NTR,Vijayawada,Villa,3,3,2153,Unfurnished,South,1,22075000,NTR | Labbipet
Telangana,Suryapet,Suryapet,Independent House,3,3,1881,Unfurnished,East,1,2425000,Suryapet | Thungathurthy
Telangana,Rangareddy,Hyderabad,Independent Builder Floor,2,2,901,Semi-Furnished,East,0,14050000,Rangareddy | Kokapet
Telangana,Jangaon,Jangaon,Independent House,3,4,1509,Furnished,North,1,5925000,Jangaon | Jangaon Town
Andhra Pradesh,Anakapalli,Anakapalle,Independent House,2,1,1076,Unfurnished,North-East,1,3525000,Anakapalli | Atchutapuram
Andhra Pradesh,Parvathipuram Manyam,Parvathipuram,Apartment,2,2,996,Unfurnished,North-East,0,1925000,Parvathipuram Manyam | Kurupam
Andhra Pradesh,Polavaram,Rampachodavaram,Independent House,2,2,1065,Semi-Furnished,East,16,1200000,Polavaram | Vararamachandrapuram
Andhra Pradesh,Annamayya,Madanapalle,Independent House,3,3,1861,Unfurnished,East,6,7300000,Annamayya | Madanapalle Town
Andhra Pradesh,Chittoor,Chittoor,Residential Plot,0,0,1620,Not Applicable,North-East,0,1400000,Chittoor | Nagari
Andhra Pradesh,Guntur,Guntur,Apartment,3,3,1178,Unfurnished,North,1,4725000,Guntur | Tenali
Telangana,Mancherial,Mancherial,Apartment,2,2,949,Unfurnished,West,0,1675000,Mancherial | Chennur
Telangana,Hanumakonda,Hanamkonda,Apartment,3,3,1813,Unfurnished,North-East,0,10000000,Hanumakonda | Balasamudram
Andhra Pradesh,Tirupati,Tirupati,Apartment,3,3,1681,Unfurnished,South-East,8,8175000,Tirupati | Bairagipatteda
Telangana,Vikarabad,Vikarabad,Apartment,3,2,1480,Semi-Furnished,South,8,4475000,Vikarabad | Tandur
Andhra Pradesh,West Godavari,Bhimavaram,Independent House,5,5,2325,Unfurnished,South,0,4250000,West Godavari | Undi
Telangana,Hyderabad,Hyderabad,Apartment,3,3,1292,Unfurnished,North-East,1,10425000,Hyderabad | Musheerabad
Andhra Pradesh,Tirupati,Tirupati,Apartment,3,3,1575,Furnished,North,7,4575000,Tirupati | Puttur
Telangana,Nirmal,Nirmal,Residential Plot,0,0,1350,Not Applicable,West,0,1450000,Nirmal | Bhainsa
Telangana,Hyderabad,Hyderabad,Residential Plot,0,0,1503,Not Applicable,East,0,18900000,Hyderabad | Jubilee Hills
Telangana,Peddapalli,Peddapalli,Apartment,3,3,1544,Unfurnished,North,0,4375000,Peddapalli | Ramagundam
Andhra Pradesh,Prakasam,Ongole,Independent House,6,7,2686,Semi-Furnished,North,4,4875000,Prakasam | Naguluppalapadu
Andhra Pradesh,Dr. B.R. Ambedkar Konaseema,Amalapuram,Apartment,3,3,1351,Semi-Furnished,North,0,2800000,Dr. B.R. Ambedkar Konaseema | Ainavilli
Andhra Pradesh,NTR,Vijayawada,Apartment,2,2,1216,Unfurnished,South-East,28,7525000,NTR | Labbipet
Telangana,Hyderabad,Hyderabad,Independent House,4,4,1836,Semi-Furnished,West,1,22125000,Hyderabad | Begumpet
Telangana,Siddipet,Siddipet,Independent House,4,4,2365,Unfurnished,East,16,7400000,Siddipet | Gajwel
Telangana,Hyderabad,Hyderabad,Apartment,3,4,1831,Semi-Furnished,West,6,10925000,Hyderabad | Charminar
Telangana,Karimnagar,Karimnagar,Apartment,1,1,560,Unfurnished,South-East,0,2500000,Karimnagar | Kashmirgadda
Andhra Pradesh,Palnadu,Narasaraopet,Independent House,2,3,1203,Semi-Furnished,North-East,22,2950000,Palnadu | Sattenapalle
Telangana,Warangal,Warangal,Independent House,2,1,972,Semi-Furnished,North,6,2450000,Warangal | Narsampet
Telangana,Sangareddy,Hyderabad,Residential Plot,0,0,1197,Not Applicable,South,0,8475000,Sangareddy | Tellapur
Andhra Pradesh,Tirupati,Tirupati,Apartment,3,3,1720,Semi-Furnished,East,14,4675000,Tirupati | Venkatagiri
Telangana,Mahabubnagar,Mahabubnagar,Apartment,4,5,2056,Unfurnished,South-East,12,3875000,Mahabubnagar | Bhoothpur
Telangana,Nalgonda,Nalgonda,Apartment,2,3,1469,Unfurnished,South,0,4375000,Nalgonda | Miryalaguda
Andhra Pradesh,Visakhapatnam,Visakhapatnam,Independent House,3,3,1692,Unfurnished,West,2,10225000,Visakhapatnam | Akkayyapalem
Telangana,Nalgonda,Nalgonda,Independent House,4,4,2528,Semi-Furnished,North,17,5500000,Nalgonda | Miryalaguda
Andhra Pradesh,Kurnool,Kurnool,Apartment,2,3,1096,Unfurnished,South-East,8,3500000,Kurnool | Nandyal Road
Telangana,Rangareddy,Hyderabad,Independent House,4,4,2183,Semi-Furnished,East,7,27350000,Rangareddy | Nallagandla
Telangana,Hanumakonda,Hanamkonda,Residential Plot,0,0,1620,Not Applicable,West,0,3725000,Hanumakonda | Subedari
Telangana,Rajanna Sircilla,Sircilla,Independent House,2,3,1423,Unfurnished,East,1,4500000,Rajanna Sircilla | Vemulawada
Telangana,Sangareddy,Sangareddy,Independent House,4,4,2051,Unfurnished,South-East,1,6950000,Sangareddy | Zaheerabad
Telangana,Mahabubabad,Mahabubabad,Independent House,2,2,910,Furnished,South,5,2750000,Mahabubabad | Mahabubabad Town
Telangana,Sangareddy,Hyderabad,Independent House,2,2,1297,Unfurnished,North,2,9575000,Sangareddy | Kollur
Telangana,Mahabubnagar,Mahabubnagar,Independent Builder Floor,3,3,1489,Unfurnished,East,6,2800000,Mahabubnagar | Koilkonda
Telangana,Rangareddy,Hyderabad,Apartment,3,3,1287,Unfurnished,North,0,18125000,Rangareddy | Kondapur
Andhra Pradesh,Kakinada,Kakinada,Independent Builder Floor,2,2,826,Semi-Furnished,North-East,13,2925000,Kakinada | Kovvada
Telangana,Warangal,Warangal,Independent House,5,6,2539,Semi-Furnished,North,30,5425000,Warangal | Narsampet
Andhra Pradesh,Sri Sathya Sai,Puttaparthi,Apartment,3,3,1456,Unfurnished,North-East,2,4000000,Sri Sathya Sai | Dharmavaram
Telangana,Siddipet,Siddipet,Independent House,3,3,1821,Unfurnished,North,4,8325000,Siddipet | Siddipet Town
Telangana,Sangareddy,Sangareddy,Apartment,2,2,1067,Unfurnished,South-East,0,3375000,Sangareddy | Zaheerabad
Andhra Pradesh,Chittoor,Chittoor,Apartment,3,4,1764,Semi-Furnished,South,1,6950000,Chittoor | Gandhi Road
Telangana,Siddipet,Siddipet,Villa,5,5,2827,Semi-Furnished,North-East,2,14700000,Siddipet | Gajwel
Telangana,Mulugu,Mulugu,Independent House,3,3,1830,Semi-Furnished,West,0,4525000,Mulugu | Mulugu Town
Telangana,Jogulamba Gadwal,Gadwal,Villa,4,4,2497,Semi-Furnished,North,1,4750000,Jogulamba Gadwal | Manopad
Andhra Pradesh,Annamayya,Madanapalle,Residential Plot,0,0,1503,Not Applicable,South,0,2450000,Annamayya | Madanapalle Town
Andhra Pradesh,YSR Kadapa,Kadapa,Independent House,3,3,1264,Semi-Furnished,West,0,2200000,YSR Kadapa | Badvel
Andhra Pradesh,Anantapur,Anantapur,Independent House,3,3,1609,Unfurnished,North,17,4900000,Anantapur | Subhash Road
Andhra Pradesh,Kakinada,Kakinada,Residential Plot,0,0,1998,Not Applicable,East,0,3650000,Kakinada | Peddapuram
Andhra Pradesh,NTR,Vijayawada,Residential Plot,0,0,1800,Not Applicable,East,0,2950000,NTR | Mylavaram
Telangana,Jangaon,Jangaon,Independent House,3,4,1553,Unfurnished,East,21,4500000,Jangaon | Jangaon Town
Andhra Pradesh,Guntur,Guntur,Independent House,2,2,1181,Semi-Furnished,West,30,5075000,Guntur | Brodipet
Telangana,Rangareddy,Hyderabad,Apartment,3,3,1797,Unfurnished,West,0,8050000,Rangareddy | Shankarpally
Andhra Pradesh,Chittoor,Chittoor,Apartment,3,2,1353,Unfurnished,West,0,5250000,Chittoor | Chittoor Town
Telangana,Yadadri Bhuvanagiri,Bhongir,Independent Builder Floor,3,3,1336,Unfurnished,West,0,4650000,Yadadri Bhuvanagiri | Bhongir Town
Telangana,Mancherial,Mancherial,Independent House,4,5,1934,Furnished,East,1,4250000,Mancherial | Luxettipet
Andhra Pradesh,Guntur,Guntur,Villa,4,5,2747,Unfurnished,South,23,12925000,Guntur | Arundelpet
Telangana,Bhadradri Kothagudem,Kothagudem,Independent House,4,3,2063,Semi-Furnished,East,16,2800000,Bhadradri Kothagudem | Dammapeta
Andhra Pradesh,Guntur,Amaravati,Apartment,2,2,1195,Unfurnished,North-East,2,6850000,Guntur | Undavalli
Telangana,Hyderabad,Hyderabad,Apartment,2,3,1057,Unfurnished,South,10,7100000,Hyderabad | Habsiguda
Telangana,Wanaparthy,Wanaparthy,Independent House,5,6,2289,Semi-Furnished,West,6,3125000,Wanaparthy | Peddamandadi
Andhra Pradesh,Eluru,Eluru,Apartment,3,2,1741,Unfurnished,South,0,3450000,Eluru | Tadikalapudi
Telangana,Medchal Malkajgiri,Hyderabad,Apartment,1,1,590,Furnished,South,5,5525000,Medchal Malkajgiri | KPHB
Andhra Pradesh,Prakasam,Ongole,Independent House,4,3,1922,Unfurnished,South,3,3250000,Prakasam | Tanguturu
Telangana,Hyderabad,Hyderabad,Apartment,4,4,2615,Furnished,South,2,26925000,Hyderabad | Yousufguda
Telangana,Rangareddy,Hyderabad,Apartment,3,3,1632,Unfurnished,East,0,18875000,Rangareddy | Nallagandla
Telangana,Rangareddy,Hyderabad,Apartment,3,4,1076,Unfurnished,North-East,1,8650000,Rangareddy | Nadargul
Telangana,Suryapet,Suryapet,Independent House,3,3,1731,Unfurnished,South-East,8,2300000,Suryapet | Thungathurthy
Andhra Pradesh,Srikakulam,Srikakulam,Independent House,2,2,738,Semi-Furnished,East,3,1775000,Srikakulam | Tekkali
Telangana,Khammam,Khammam,Apartment,2,2,947,Unfurnished,West,1,3350000,Khammam | Madhira
Telangana,Nalgonda,Nalgonda,Apartment,3,2,1344,Unfurnished,West,0,5600000,Nalgonda | Nalgonda Town
Andhra Pradesh,Visakhapatnam,Visakhapatnam,Villa,3,2,1739,Semi-Furnished,North,5,15050000,Visakhapatnam | Muralinagar
Andhra Pradesh,Annamayya,Madanapalle,Villa,4,4,2913,Semi-Furnished,West,5,11250000,Annamayya | Rajampet
Telangana,Siddipet,Siddipet,Apartment,2,2,1005,Furnished,East,1,5900000,Siddipet | Siddipet Town
Andhra Pradesh,Anantapur,Anantapur,Independent House,5,5,2461,Unfurnished,North-East,5,4950000,Anantapur | Uravakonda
Andhra Pradesh,Prakasam,Ongole,Independent House,3,4,1432,Unfurnished,West,0,3050000,Prakasam | Kothapatnam
Telangana,Hyderabad,Hyderabad,Apartment,3,2,1356,Unfurnished,South-East,6,14375000,Hyderabad | Jubilee Hills
Andhra Pradesh,Visakhapatnam,Visakhapatnam,Apartment,3,2,1661,Unfurnished,South,9,14150000,Visakhapatnam | Sagar Nagar
Andhra Pradesh,Guntur,Guntur,Independent Builder Floor,2,3,957,Unfurnished,South-East,18,2400000,Guntur | Ponnur
Andhra Pradesh,Guntur,Amaravati,Apartment,2,2,1093,Furnished,East,13,6950000,Guntur | Tadepalle
Andhra Pradesh,Kurnool,Kurnool,Residential Plot,0,0,1350,Not Applicable,South,0,2350000,Kurnool | Sunkesula Road
Telangana,Warangal,Warangal,Apartment,1,1,473,Unfurnished,North-East,0,1925000,Warangal | Khila Warangal
Telangana,Bhadradri Kothagudem,Kothagudem,Apartment,1,2,475,Unfurnished,North-East,0,1225000,Bhadradri Kothagudem | Sujathanagar
Andhra Pradesh,Guntur,Amaravati,Residential Plot,0,0,1197,Not Applicable,North,0,3875000,Guntur | Mangalagiri
Telangana,Rangareddy,Hyderabad,Residential Plot,0,0,900,Not Applicable,North,0,3300000,Rangareddy | Shamshabad
Andhra Pradesh,NTR,Vijayawada,Apartment,1,1,426,Furnished,East,3,4275000,NTR | Benz Circle
Telangana,Kamareddy,Kamareddy,Residential Plot,0,0,900,Not Applicable,East,0,1675000,Kamareddy | Kamareddy Town
Andhra Pradesh,Tirupati,Tirupati,Independent House,3,4,1621,Semi-Furnished,East,22,10150000,Tirupati | Air Bypass Road
Andhra Pradesh,East Godavari,Rajahmundry,Residential Plot,0,0,1620,Not Applicable,East,0,2925000,East Godavari | Kambala Cheruvu
Telangana,Medchal Malkajgiri,Hyderabad,Apartment,2,1,1050,Semi-Furnished,East,1,7625000,Medchal Malkajgiri | Jeedimetla
Telangana,Adilabad,Adilabad,Apartment,2,1,921,Unfurnished,West,2,1400000,Adilabad | Indervelly
Telangana,Jangaon,Jangaon,Residential Plot,0,0,1800,Not Applicable,South,0,2875000,Jangaon | Jangaon Town
Telangana,Nizamabad,Nizamabad,Apartment,3,3,1612,Unfurnished,South-East,0,3150000,Nizamabad | Bheemgal
Telangana,Hyderabad,Hyderabad,Apartment,2,2,1114,Furnished,South,1,11325000,Hyderabad | Shaikpet
Telangana,Hyderabad,Hyderabad,Apartment,2,2,1186,Semi-Furnished,South,2,11850000,Hyderabad | Ameerpet
Telangana,Rangareddy,Hyderabad,Independent House,2,2,1335,Semi-Furnished,East,6,6875000,Rangareddy | Shankarpally
Telangana,Yadadri Bhuvanagiri,Bhongir,Residential Plot,0,0,2997,Not Applicable,East,0,3675000,Yadadri Bhuvanagiri | Pochampally
Andhra Pradesh,Visakhapatnam,Visakhapatnam,Apartment,3,3,1183,Unfurnished,South,12,9625000,Visakhapatnam | Yendada
Telangana,Warangal,Warangal,Apartment,4,4,2256,Unfurnished,North,9,7800000,Warangal | Rangashaipet
Andhra Pradesh,Annamayya,Madanapalle,Independent House,4,4,2132,Unfurnished,North,14,5850000,Annamayya | Rayachoty
Telangana,Hanumakonda,Hanamkonda,Independent House,2,1,1441,Semi-Furnished,North,10,7675000,Hanumakonda | Naimnagar
Telangana,Mulugu,Mulugu,Independent House,4,4,2092,Unfurnished,North,3,6975000,Mulugu | Mulugu Town
Telangana,Mahabubabad,Mahabubabad,Independent House,3,4,1432,Unfurnished,North,0,4025000,Mahabubabad | Thorrur
Andhra Pradesh,Dr. B.R. Ambedkar Konaseema,Amalapuram,Independent Builder Floor,2,1,973,Unfurnished,East,0,3400000,Dr. B.R. Ambedkar Konaseema | Amalapuram Town
Telangana,Karimnagar,Karimnagar,Residential Plot,0,0,2997,Not Applicable,North,0,6725000,Karimnagar | Kashmirgadda
Andhra Pradesh,Visakhapatnam,Visakhapatnam,Apartment,3,3,1357,Unfurnished,East,5,9125000,Visakhapatnam | Madhurawada
Andhra Pradesh,Kakinada,Kakinada,Independent Builder Floor,3,3,1307,Unfurnished,East,6,8475000,Kakinada | Ramanayapeta
Telangana,Bhadradri Kothagudem,Kothagudem,Independent House,2,3,1308,Semi-Furnished,East,6,3875000,Bhadradri Kothagudem | Palvancha
Andhra Pradesh,Kakinada,Kakinada,Villa,4,5,2380,Unfurnished,North-East,0,10900000,Kakinada | Thimmapuram
Telangana,Hyderabad,Hyderabad,Apartment,3,2,1697,Unfurnished,North,6,24850000,Hyderabad | Jubilee Hills
Telangana,Sangareddy,Hyderabad,Independent House,3,2,1379,Unfurnished,East,0,10900000,Sangareddy | Tellapur
Telangana,Peddapalli,Peddapalli,Independent House,4,4,2128,Semi-Furnished,West,7,3150000,Peddapalli | Sultanabad
Telangana,Hyderabad,Hyderabad,Apartment,2,2,836,Unfurnished,West,0,5650000,Hyderabad | Musheerabad
Andhra Pradesh,East Godavari,Rajahmundry,Residential Plot,0,0,1197,Not Applicable,South-East,0,2400000,East Godavari | Innespeta
Andhra Pradesh,Polavaram,Rampachodavaram,Apartment,3,2,1695,Unfurnished,North,23,2350000,Polavaram | Chintur
Telangana,Hyderabad,Hyderabad,Apartment,3,3,1339,Unfurnished,East,7,14625000,Hyderabad | Ameerpet
Telangana,Rangareddy,Hyderabad,Independent House,5,6,2598,Furnished,East,9,30025000,Rangareddy | Kokapet
Telangana,Mahabubnagar,Mahabubnagar,Independent House,3,3,1289,Semi-Furnished,West,10,2425000,Mahabubnagar | Bhoothpur
Andhra Pradesh,Visakhapatnam,Visakhapatnam,Independent House,4,4,1757,Semi-Furnished,North-East,0,21475000,Visakhapatnam | MVP Colony
Andhra Pradesh,East Godavari,Rajahmundry,Apartment,2,2,1499,Semi-Furnished,South,7,6900000,East Godavari | Danavaipeta
Andhra Pradesh,Krishna,Machilipatnam,Apartment,3,3,1641,Semi-Furnished,East,0,7775000,Krishna | Machilipatnam Town
Andhra Pradesh,NTR,Vijayawada,Residential Plot,0,0,1197,Not Applicable,East,0,2425000,NTR | Gollapudi
Telangana,Wanaparthy,Wanaparthy,Independent House,3,4,1362,Furnished,South,0,1925000,Wanaparthy | Amarchinta
Telangana,Rangareddy,Hyderabad,Independent House,3,3,1768,Unfurnished,West,2,13375000,Rangareddy | Attapur
Andhra Pradesh,Kakinada,Kakinada,Apartment,4,4,2510,Semi-Furnished,East,2,11900000,Kakinada | Turangi
Telangana,Rangareddy,Hyderabad,Apartment,3,3,1531,Unfurnished,North,0,16575000,Rangareddy | Gachibowli
Andhra Pradesh,Annamayya,Madanapalle,Residential Plot,0,0,1503,Not Applicable,East,0,1100000,Annamayya | Nandalur
Andhra Pradesh,Kurnool,Kurnool,Residential Plot,0,0,1800,Not Applicable,North,0,1225000,Kurnool | Alur
Telangana,Wanaparthy,Wanaparthy,Independent House,3,4,1899,Unfurnished,West,0,5400000,Wanaparthy | Wanaparthy Town
Andhra Pradesh,Kakinada,Kakinada,Apartment,3,4,1739,Unfurnished,East,0,11075000,Kakinada | Jagannaickpur
Telangana,Vikarabad,Vikarabad,Independent House,3,3,1404,Unfurnished,East,25,1950000,Vikarabad | Kodangal
Andhra Pradesh,Kurnool,Kurnool,Apartment,3,3,1447,Semi-Furnished,South,5,4525000,Kurnool | Balaji Nagar
Andhra Pradesh,East Godavari,Rajahmundry,Apartment,3,3,1094,Unfurnished,West,3,4925000,East Godavari | Prakash Nagar
Telangana,Adilabad,Adilabad,Apartment,2,2,1008,Furnished,East,0,4375000,Adilabad | Adilabad Town
Andhra Pradesh,Sri Sathya Sai,Puttaparthi,Apartment,3,4,1903,Unfurnished,North,0,4875000,Sri Sathya Sai | Penukonda
Telangana,Medchal Malkajgiri,Hyderabad,Residential Plot,0,0,1197,Not Applicable,North-East,0,5800000,Medchal Malkajgiri | Jeedimetla
Andhra Pradesh,Sri Sathya Sai,Puttaparthi,Residential Plot,0,0,1197,Not Applicable,East,0,900000,Sri Sathya Sai | Lepakshi
Andhra Pradesh,Palnadu,Narasaraopet,Residential Plot,0,0,1800,Not Applicable,North,0,2300000,Palnadu | Chilakaluripet
Andhra Pradesh,NTR,Vijayawada,Independent House,5,5,2571,Furnished,East,1,14725000,NTR | Gollapudi
Telangana,Medchal Malkajgiri,Hyderabad,Apartment,2,3,1165,Unfurnished,South,11,8275000,Medchal Malkajgiri | KPHB
Telangana,Hyderabad,Hyderabad,Independent House,3,4,1457,Unfurnished,East,0,15075000,Hyderabad | Secunderabad
Telangana,Suryapet,Suryapet,Independent House,5,5,2846,Semi-Furnished,North,15,9775000,Suryapet | Suryapet Town
Telangana,Yadadri Bhuvanagiri,Bhongir,Independent House,3,3,1488,Unfurnished,East,2,5550000,Yadadri Bhuvanagiri | Choutuppal
Telangana,Hanumakonda,Hanamkonda,Apartment,3,3,1484,Semi-Furnished,North,1,7625000,Hanumakonda | Balasamudram
Telangana,Hanumakonda,Hanamkonda,Apartment,2,2,1233,Semi-Furnished,East,10,5025000,Hanumakonda | Kazipet
Telangana,Hanumakonda,Hanamkonda,Apartment,2,1,1148,Unfurnished,South,11,5100000,Hanumakonda | Kazipet
Telangana,Mulugu,Mulugu,Apartment,2,3,1074,Unfurnished,North,0,1200000,Mulugu | Wazeedu
Telangana,Wanaparthy,Wanaparthy,Apartment,2,2,885,Semi-Furnished,South,14,2375000,Wanaparthy | Wanaparthy Town
Telangana,Rangareddy,Hyderabad,Apartment,3,2,1633,Semi-Furnished,North,2,11250000,Rangareddy | Adibatla
Telangana,Khammam,Khammam,Independent House,3,3,1589,Unfurnished,South-East,2,9075000,Khammam | Wyra Road
Andhra Pradesh,Palnadu,Narasaraopet,Independent House,4,4,1779,Semi-Furnished,East,5,4425000,Palnadu | Macherla
Andhra Pradesh,West Godavari,Bhimavaram,Villa,4,4,2160,Furnished,East,6,10350000,West Godavari | Palakollu
Andhra Pradesh,Kakinada,Kakinada,Independent House,5,5,2405,Unfurnished,East,5,7525000,Kakinada | Tuni
Telangana,Rangareddy,Hyderabad,Independent House,3,4,1493,Unfurnished,North,12,8125000,Rangareddy | Nadargul
Andhra Pradesh,Kurnool,Kurnool,Independent Builder Floor,3,2,1314,Furnished,South-East,1,3825000,Kurnool | Adoni
Telangana,Rangareddy,Hyderabad,Apartment,2,3,1175,Unfurnished,North,0,8650000,Rangareddy | Hayathnagar
Telangana,Jogulamba Gadwal,Gadwal,Residential Plot,0,0,2403,Not Applicable,South,0,1100000,Jogulamba Gadwal | Maldakal
Telangana,Mahabubnagar,Mahabubnagar,Residential Plot,0,0,2403,Not Applicable,North,0,1725000,Mahabubnagar | Hanwada
Andhra Pradesh,Kurnool,Kurnool,Independent Builder Floor,3,2,1352,Unfurnished,North,0,3275000,Kurnool | Adoni
Telangana,Warangal,Warangal,Independent House,3,2,1600,Unfurnished,East,4,7475000,Warangal | Mattewada
Andhra Pradesh,Visakhapatnam,Visakhapatnam,Independent House,4,4,2071,Semi-Furnished,North-East,1,17825000,Visakhapatnam | Seethammadhara
Andhra Pradesh,Krishna,Vijayawada,Apartment,2,2,1032,Unfurnished,West,0,4900000,Krishna | Poranki
Telangana,Hanumakonda,Hanamkonda,Apartment,2,1,1053,Unfurnished,East,2,6075000,Hanumakonda | Kazipet
Telangana,Nirmal,Nirmal,Residential Plot,0,0,1998,Not Applicable,South,0,3175000,Nirmal | Nirmal Town
Telangana,Rangareddy,Hyderabad,Residential Plot,0,0,2700,Not Applicable,West,0,27625000,Rangareddy | Kokapet
Andhra Pradesh,East Godavari,Rajahmundry,Independent House,2,1,1161,Semi-Furnished,East,1,3125000,East Godavari | Seethanagaram
Andhra Pradesh,NTR,Vijayawada,Apartment,3,2,1675,Unfurnished,North-East,0,10350000,NTR | Gunadala
Telangana,Yadadri Bhuvanagiri,Bhongir,Independent House,4,5,2315,Semi-Furnished,North,18,7250000,Yadadri Bhuvanagiri | Choutuppal
Telangana,Rangareddy,Hyderabad,Apartment,3,2,1508,Semi-Furnished,North,5,11225000,Rangareddy | Hayathnagar
Telangana,Nalgonda,Nalgonda,Villa,3,3,2205,Unfurnished,North-East,0,5200000,Nalgonda | Haliya
Telangana,Peddapalli,Peddapalli,Villa,3,3,2266,Furnished,South-East,6,10000000,Peddapalli | Godavarikhani
Andhra Pradesh,YSR Kadapa,Kadapa,Independent House,4,5,1964,Unfurnished,North-East,1,7325000,YSR Kadapa | Marripadu
Andhra Pradesh,Sri Potti Sriramulu Nellore,Nellore,Apartment,2,3,1318,Unfurnished,North,0,6475000,Sri Potti Sriramulu Nellore | Vedayapalem
Telangana,Nalgonda,Nalgonda,Apartment,3,3,1424,Unfurnished,South,0,2600000,Nalgonda | Haliya
Andhra Pradesh,NTR,Vijayawada,Villa,5,4,3475,Unfurnished,North,13,43075000,NTR | Benz Circle
Andhra Pradesh,Kakinada,Kakinada,Apartment,2,2,1009,Unfurnished,North-East,0,3525000,Kakinada | Tuni
Telangana,Karimnagar,Karimnagar,Apartment,3,2,1580,Unfurnished,East,0,7325000,Karimnagar | Kashmirgadda
Telangana,Hyderabad,Hyderabad,Independent Builder Floor,2,2,1001,Unfurnished,North,0,9675000,Hyderabad | Himayatnagar
Andhra Pradesh,Markapuram,Markapuram,Residential Plot,0,0,4500,Not Applicable,North,0,3775000,Markapuram | Giddalur
Telangana,Narayanpet,Narayanpet,Independent House,4,3,2128,Unfurnished,South,4,2900000,Narayanpet | Narva
Telangana,Hyderabad,Hyderabad,Independent House,4,4,1958,Semi-Furnished,North,1,14000000,Hyderabad | Kachiguda
Andhra Pradesh,Parvathipuram Manyam,Parvathipuram,Residential Plot,0,0,1620,Not Applicable,North,0,3075000,Parvathipuram Manyam | Parvathipuram Town
Andhra Pradesh,East Godavari,Rajahmundry,Apartment,2,1,1148,Semi-Furnished,North,12,5325000,East Godavari | Morampudi
Andhra Pradesh,Anakapalli,Anakapalle,Residential Plot,0,0,1197,Not Applicable,West,0,1650000,Anakapalli | Narsipatnam
Telangana,Jagtial,Jagtial,Apartment,3,3,1305,Unfurnished,North,1,5425000,Jagtial | Jagtial Town
Telangana,Mahabubnagar,Mahabubnagar,Apartment,3,3,1759,Unfurnished,East,8,3375000,Mahabubnagar | Koilkonda
Telangana,Bhadradri Kothagudem,Kothagudem,Independent House,2,3,1711,Semi-Furnished,West,1,4525000,Bhadradri Kothagudem | Sujathanagar
Telangana,Jayashankar Bhupalpally,Bhupalpally,Residential Plot,0,0,1620,Not Applicable,North,0,800000,Jayashankar Bhupalpally | Kataram
Andhra Pradesh,Prakasam,Ongole,Apartment,3,2,1713,Unfurnished,South,0,5175000,Prakasam | Ongole Town
Telangana,Wanaparthy,Wanaparthy,Residential Plot,0,0,2403,Not Applicable,East,0,2025000,Wanaparthy | Kothakota
Andhra Pradesh,NTR,Vijayawada,Apartment,3,4,1419,Unfurnished,South-East,0,5400000,NTR | Tiruvuru
Andhra Pradesh,Eluru,Eluru,Independent House,3,2,1728,Semi-Furnished,East,2,7575000,Eluru | Eluru Town
Telangana,Khammam,Khammam,Independent House,4,4,2015,Furnished,South,4,10225000,Khammam | Wyra Road
Telangana,Nirmal,Nirmal,Residential Plot,0,0,900,Not Applicable,South,0,950000,Nirmal | Bhainsa
Telangana,Mahabubnagar,Mahabubnagar,Independent House,3,2,1673,Semi-Furnished,West,1,4675000,Mahabubnagar | Jadcherla
Telangana,Rangareddy,Hyderabad,Apartment,3,2,1551,Unfurnished,North,3,17750000,Rangareddy | Madhapur
Telangana,Nizamabad,Nizamabad,Independent House,2,1,1207,Semi-Furnished,East,5,2575000,Nizamabad | Yedapally
Telangana,Kamareddy,Kamareddy,Independent Builder Floor,2,1,1096,Unfurnished,North-East,0,2450000,Kamareddy | Banswada
Andhra Pradesh,Chittoor,Chittoor,Independent House,6,5,3094,Semi-Furnished,West,18,5400000,Chittoor | Punganur
Telangana,Rangareddy,Hyderabad,Apartment,3,3,1683,Unfurnished,South-East,0,15675000,Rangareddy | Madhapur
Telangana,Medchal Malkajgiri,Hyderabad,Independent Builder Floor,3,2,1340,Unfurnished,North-East,0,10200000,Medchal Malkajgiri | Kompally
Andhra Pradesh,Chittoor,Chittoor,Villa,4,5,1955,Unfurnished,West,0,5100000,Chittoor | Nagari
Andhra Pradesh,Polavaram,Rampachodavaram,Independent House,6,5,2835,Unfurnished,West,0,4450000,Polavaram | Devipatnam
Telangana,Siddipet,Siddipet,Villa,3,3,1500,Unfurnished,South-East,0,4325000,Siddipet | Cherial
Telangana,Rangareddy,Hyderabad,Apartment,2,1,1106,Unfurnished,North,0,11575000,Rangareddy | Narsingi
Andhra Pradesh,YSR Kadapa,Kadapa,Residential Plot,0,0,2700,Not Applicable,North,0,2400000,YSR Kadapa | Mydukur
Telangana,Nagarkurnool,Nagarkurnool,Independent House,3,3,1648,Semi-Furnished,East,12,3175000,Nagarkurnool | Kalwakurthy
Telangana,Rangareddy,Hyderabad,Residential Plot,0,0,4500,Not Applicable,East,0,27500000,Rangareddy | Attapur
Andhra Pradesh,West Godavari,Bhimavaram,Independent House,4,5,1976,Semi-Furnished,North,22,5700000,West Godavari | Tanuku
Telangana,Mahabubnagar,Mahabubnagar,Independent House,2,3,999,Semi-Furnished,North-East,9,1950000,Mahabubnagar | Hanwada
Andhra Pradesh,Anakapalli,Anakapalle,Independent House,3,3,1547,Unfurnished,East,4,7650000,Anakapalli | Parawada
Andhra Pradesh,Tirupati,Tirupati,Apartment,3,2,1434,Unfurnished,West,0,3275000,Tirupati | Venkatagiri
Telangana,Nizamabad,Nizamabad,Independent House,2,2,1275,Unfurnished,North-East,1,4175000,Nizamabad | Bodhan
Telangana,Jogulamba Gadwal,Gadwal,Residential Plot,0,0,1350,Not Applicable,North,0,825000,Jogulamba Gadwal | Maldakal
Telangana,Jogulamba Gadwal,Gadwal,Residential Plot,0,0,1620,Not Applicable,South-East,0,2625000,Jogulamba Gadwal | Gadwal Town
Telangana,Medchal Malkajgiri,Hyderabad,Independent House,2,1,877,Unfurnished,East,2,5575000,Medchal Malkajgiri | Kapra
Telangana,Suryapet,Suryapet,Residential Plot,0,0,1197,Not Applicable,East,0,775000,Suryapet | Nereducherla
Telangana,Hyderabad,Hyderabad,Independent House,4,4,2145,Semi-Furnished,East,1,22450000,Hyderabad | Secunderabad
Telangana,Jagtial,Jagtial,Apartment,4,4,2111,Semi-Furnished,North-East,1,8875000,Jagtial | Jagtial Town
Andhra Pradesh,Sri Potti Sriramulu Nellore,Nellore,Apartment,3,4,1258,Unfurnished,West,3,6825000,Sri Potti Sriramulu Nellore | Stonehousepeta
Telangana,Suryapet,Suryapet,Residential Plot,0,0,2160,Not Applicable,North-East,0,4575000,Suryapet | Suryapet Town
Telangana,Medchal Malkajgiri,Hyderabad,Apartment,2,2,913,Unfurnished,North,0,6775000,Medchal Malkajgiri | Alwal
Andhra Pradesh,Visakhapatnam,Visakhapatnam,Apartment,3,4,1331,Semi-Furnished,North-East,1,8300000,Visakhapatnam | Bheemili
Andhra Pradesh,Anakapalli,Anakapalle,Apartment,3,3,1552,Unfurnished,West,0,6100000,Anakapalli | Anakapalle Town
Andhra Pradesh,NTR,Vijayawada,Independent House,2,2,1234,Unfurnished,West,7,7175000,NTR | Gunadala
Telangana,Jogulamba Gadwal,Gadwal,Independent House,3,3,1400,Unfurnished,West,3,3325000,Jogulamba Gadwal | Gadwal Town
Telangana,Suryapet,Suryapet,Residential Plot,0,0,1800,Not Applicable,North,0,1250000,Suryapet | Mothey
Telangana,Peddapalli,Peddapalli,Independent House,3,3,1539,Unfurnished,South-East,23,3625000,Peddapalli | Ramagundam
Telangana,Medchal Malkajgiri,Hyderabad,Residential Plot,0,0,1350,Not Applicable,North,0,8600000,Medchal Malkajgiri | Nizampet
Telangana,Yadadri Bhuvanagiri,Bhongir,Apartment,3,4,1469,Unfurnished,West,3,4050000,Yadadri Bhuvanagiri | Alair
Telangana,Medak,Medak,Apartment,2,2,943,Unfurnished,East,3,3775000,Medak | Medak Town
Telangana,Hyderabad,Hyderabad,Apartment,4,5,2405,Unfurnished,North-East,13,16575000,Hyderabad | Kachiguda
Telangana,Hanumakonda,Hanamkonda,Independent Builder Floor,3,3,1386,Unfurnished,East,2,6275000,Hanumakonda | Naimnagar
Andhra Pradesh,YSR Kadapa,Kadapa,Independent House,3,3,1571,Furnished,North,5,5025000,YSR Kadapa | Proddatur
Andhra Pradesh,Eluru,Eluru,Independent House,2,2,1425,Furnished,South,13,2500000,Eluru | Tadikalapudi
Andhra Pradesh,Markapuram,Markapuram,Independent House,3,2,1797,Furnished,North,16,5375000,Markapuram | Markapuram Town
Andhra Pradesh,Bapatla,Bapatla,Independent House,3,3,1584,Furnished,South,2,4150000,Bapatla | Vetapalem
Andhra Pradesh,West Godavari,Bhimavaram,Apartment,2,2,1172,Semi-Furnished,South,5,3650000,West Godavari | Palakollu
Telangana,Mahabubabad,Mahabubabad,Villa,4,4,2316,Unfurnished,North,4,10825000,Mahabubabad | Mahabubabad Town
Telangana,Medchal Malkajgiri,Hyderabad,Residential Plot,0,0,2403,Not Applicable,East,0,12650000,Medchal Malkajgiri | Bachupally
Andhra Pradesh,West Godavari,Bhimavaram,Villa,3,3,1977,Furnished,North-East,8,6125000,West Godavari | Achanta
Andhra Pradesh,NTR,Vijayawada,Residential Plot,0,0,1800,Not Applicable,North,0,8775000,NTR | Labbipet
Telangana,Nizamabad,Nizamabad,Villa,3,2,2280,Semi-Furnished,North,1,9450000,Nizamabad | Bodhan
Telangana,Rangareddy,Hyderabad,Apartment,2,2,1116,Unfurnished,East,2,12775000,Rangareddy | Madhapur
Andhra Pradesh,East Godavari,Rajahmundry,Independent House,6,7,2697,Furnished,North,5,14925000,East Godavari | Morampudi
Telangana,Sangareddy,Hyderabad,Residential Plot,0,0,1350,Not Applicable,East,0,8650000,Sangareddy | Tellapur
Telangana,Hanumakonda,Hanamkonda,Villa,5,5,3173,Unfurnished,South,2,25725000,Hanumakonda | Subedari
Telangana,Sangareddy,Sangareddy,Residential Plot,0,0,2160,Not Applicable,South,0,4675000,Sangareddy | Zaheerabad
Telangana,Hyderabad,Hyderabad,Apartment,3,3,1665,Unfurnished,East,0,13600000,Hyderabad | Tolichowki
Andhra Pradesh,Markapuram,Markapuram,Apartment,3,3,1288,Furnished,North,1,2325000,Markapuram | Pamur
Telangana,Medchal Malkajgiri,Hyderabad,Apartment,3,2,1588,Unfurnished,North,0,12425000,Medchal Malkajgiri | Kompally
Andhra Pradesh,NTR,Vijayawada,Residential Plot,0,0,4500,Not Applicable,South,0,8825000,NTR | Mylavaram
Telangana,Nalgonda,Nalgonda,Apartment,2,1,1161,Unfurnished,South-East,0,2225000,Nalgonda | Munugode
Andhra Pradesh,Visakhapatnam,Visakhapatnam,Apartment,2,2,1253,Unfurnished,North,15,7075000,Visakhapatnam | Muralinagar
Andhra Pradesh,Krishna,Machilipatnam,Independent House,2,2,1474,Unfurnished,East,5,3850000,Krishna | Vuyyuru
Telangana,Hanumakonda,Hanamkonda,Apartment,3,3,1327,Unfurnished,North-East,1,7375000,Hanumakonda | Naimnagar
Andhra Pradesh,Visakhapatnam,Visakhapatnam,Apartment,3,2,1399,Semi-Furnished,West,1,6550000,Visakhapatnam | Pendurthi
Andhra Pradesh,West Godavari,Bhimavaram,Apartment,3,3,1317,Unfurnished,West,8,4775000,West Godavari | Tadepalligudem
Telangana,Nizamabad,Nizamabad,Apartment,1,2,565,Unfurnished,North-East,0,2775000,Nizamabad | Vinayak Nagar
Andhra Pradesh,NTR,Vijayawada,Apartment,3,2,1290,Unfurnished,East,1,6675000,NTR | Ibrahimpatnam
Telangana,Hyderabad,Hyderabad,Villa,3,4,1928,Unfurnished,South,1,20225000,Hyderabad | Narayanguda
Telangana,Nizamabad,Nizamabad,Apartment,3,4,1353,Unfurnished,East,0,3750000,Nizamabad | Armoor
Andhra Pradesh,YSR Kadapa,Kadapa,Independent Builder Floor,3,2,1312,Unfurnished,North,0,4250000,YSR Kadapa | Marripadu
Telangana,Medchal Malkajgiri,Hyderabad,Independent House,2,2,1004,Semi-Furnished,South,11,4100000,Medchal Malkajgiri | Shamirpet
Andhra Pradesh,Markapuram,Markapuram,Independent House,3,4,1450,Semi-Furnished,North-East,1,2500000,Markapuram | Pamur
Telangana,Hyderabad,Hyderabad,Independent Builder Floor,2,2,936,Unfurnished,South,10,8300000,Hyderabad | Secunderabad
Telangana,Rangareddy,Hyderabad,Apartment,3,3,1311,Unfurnished,North-East,5,8225000,Rangareddy | Adibatla
Telangana,Jagtial,Jagtial,Independent House,3,2,1413,Unfurnished,East,2,3100000,Jagtial | Metpally
Andhra Pradesh,West Godavari,Bhimavaram,Independent House,5,5,2555,Unfurnished,West,8,5500000,West Godavari | Penugonda
Andhra Pradesh,Krishna,Machilipatnam,Independent House,3,3,1629,Unfurnished,South-East,3,9300000,Krishna | Gudivada
Andhra Pradesh,Bapatla,Bapatla,Independent House,4,4,1824,Semi-Furnished,North,0,3475000,Bapatla | Karamchedu
Telangana,Adilabad,Adilabad,Independent House,2,2,1301,Unfurnished,North-East,21,1925000,Adilabad | Talamadugu
Andhra Pradesh,Anakapalli,Anakapalle,Apartment,4,4,1969,Unfurnished,South,0,4900000,Anakapalli | Payakaraopeta
Telangana,Khammam,Khammam,Apartment,2,1,1033,Furnished,West,1,6125000,Khammam | Gandhi Chowk
Andhra Pradesh,Palnadu,Narasaraopet,Independent House,4,4,1865,Unfurnished,South,30,6475000,Palnadu | Narasaraopet Town
Andhra Pradesh,Anantapur,Anantapur,Villa,5,5,3336,Furnished,North,3,17350000,Anantapur | Kamala Nagar
Telangana,Rangareddy,Hyderabad,Villa,3,3,1553,Semi-Furnished,East,0,24875000,Rangareddy | Madhapur
Telangana,Mahabubabad,Mahabubabad,Independent House,3,3,1667,Furnished,North,3,3350000,Mahabubabad | Narsimhulapet
Andhra Pradesh,NTR,Vijayawada,Apartment,3,3,1442,Semi-Furnished,East,8,7225000,NTR | Ajit Singh Nagar
Andhra Pradesh,West Godavari,Bhimavaram,Independent House,3,3,1634,Unfurnished,North,1,5875000,West Godavari | Palakollu
Telangana,Kamareddy,Kamareddy,Independent House,3,4,1857,Unfurnished,South,4,4175000,Kamareddy | Banswada
Telangana,Rangareddy,Hyderabad,Residential Plot,0,0,1350,Not Applicable,South-East,0,18000000,Rangareddy | Kokapet
Telangana,Warangal,Warangal,Apartment,2,2,1097,Unfurnished,East,0,3900000,Warangal | Khila Warangal
Andhra Pradesh,Vizianagaram,Vizianagaram,Independent House,2,2,1245,Furnished,South-East,7,4150000,Vizianagaram | Bobbili
Telangana,Hanumakonda,Hanamkonda,Apartment,4,4,2141,Semi-Furnished,North,1,12925000,Hanumakonda | Nakkalagutta
Andhra Pradesh,NTR,Vijayawada,Apartment,3,4,1655,Unfurnished,North-East,0,10900000,NTR | Patamata
Telangana,Nalgonda,Nalgonda,Residential Plot,0,0,2160,Not Applicable,East,0,2575000,Nalgonda | Miryalaguda
Andhra Pradesh,Parvathipuram Manyam,Parvathipuram,Apartment,2,3,1157,Semi-Furnished,North,1,3100000,Parvathipuram Manyam | Salur
Telangana,Adilabad,Adilabad,Apartment,2,2,1244,Unfurnished,West,1,4700000,Adilabad | Adilabad Town
Telangana,Hyderabad,Hyderabad,Independent House,3,3,1564,Unfurnished,West,4,12675000,Hyderabad | Tarnaka
Telangana,Yadadri Bhuvanagiri,Bhongir,Apartment,4,3,2255,Unfurnished,North,0,5450000,Yadadri Bhuvanagiri | Valigonda
Andhra Pradesh,Kakinada,Kakinada,Apartment,4,5,2152,Unfurnished,North-East,0,8300000,Kakinada | Peddapuram
Andhra Pradesh,Chittoor,Chittoor,Apartment,2,2,935,Semi-Furnished,East,1,2825000,Chittoor | Kuppam
Telangana,Khammam,Khammam,Apartment,2,3,988,Unfurnished,South,0,4150000,Khammam | Wyra Road
Telangana,Hyderabad,Hyderabad,Residential Plot,0,0,1800,Not Applicable,West,0,28450000,Hyderabad | Jubilee Hills
Andhra Pradesh,East Godavari,Rajahmundry,Independent House,2,2,1618,Semi-Furnished,East,0,7150000,East Godavari | Lalacheruvu
Andhra Pradesh,Nandyal,Nandyal,Apartment,2,2,932,Semi-Furnished,South,5,1600000,Nandyal | Banaganapalle
Andhra Pradesh,Srikakulam,Srikakulam,Apartment,3,3,1513,Semi-Furnished,South,1,4725000,Srikakulam | Palasa
Telangana,Kamareddy,Kamareddy,Independent Builder Floor,2,2,1051,Semi-Furnished,West,6,3700000,Kamareddy | Kamareddy Town
Telangana,Sangareddy,Hyderabad,Apartment,3,3,1397,Unfurnished,West,2,6125000,Sangareddy | Isnapur
Andhra Pradesh,Kurnool,Kurnool,Independent House,3,3,1875,Semi-Furnished,North,3,4975000,Kurnool | Yemmiganur
Telangana,Warangal,Warangal,Residential Plot,0,0,2403,Not Applicable,North-East,0,4250000,Warangal | Khila Warangal
Telangana,Mulugu,Mulugu,Independent House,4,4,2393,Furnished,North,8,3325000,Mulugu | Govindaraopet
Telangana,Hanumakonda,Hanamkonda,Independent House,4,4,1736,Unfurnished,North-East,2,9325000,Hanumakonda | Balasamudram
Andhra Pradesh,Sri Sathya Sai,Puttaparthi,Apartment,3,4,1515,Unfurnished,South,0,2700000,Sri Sathya Sai | Roddam
Andhra Pradesh,West Godavari,Bhimavaram,Independent House,3,3,1606,Semi-Furnished,North,7,4475000,West Godavari | Narsapuram
Telangana,Rangareddy,Hyderabad,Apartment,2,3,1337,Furnished,North,14,14950000,Rangareddy | Nanakramguda
Telangana,Nizamabad,Nizamabad,Residential Plot,0,0,1620,Not Applicable,West,0,1900000,Nizamabad | Armoor
Telangana,Karimnagar,Karimnagar,Apartment,2,2,972,Unfurnished,West,0,2775000,Karimnagar | Kothapally
Andhra Pradesh,West Godavari,Bhimavaram,Residential Plot,0,0,4500,Not Applicable,East,0,5125000,West Godavari | Akividu
Telangana,Suryapet,Suryapet,Apartment,3,4,1542,Unfurnished,North-East,0,2875000,Suryapet | Mothey
Telangana,Mancherial,Mancherial,Residential Plot,0,0,900,Not Applicable,North-East,0,675000,Mancherial | Luxettipet
Telangana,Medchal Malkajgiri,Hyderabad,Independent Builder Floor,3,2,1358,Unfurnished,East,6,11250000,Medchal Malkajgiri | KPHB
Telangana,Mahabubnagar,Mahabubnagar,Apartment,1,1,534,Furnished,South-East,23,1075000,Mahabubnagar | Bhoothpur
Andhra Pradesh,Chittoor,Chittoor,Residential Plot,0,0,1350,Not Applicable,South-East,0,1025000,Chittoor | Thavanampalle
Telangana,Nirmal,Nirmal,Apartment,2,3,1133,Semi-Furnished,South,0,2150000,Nirmal | Khanapur
Telangana,Yadadri Bhuvanagiri,Bhongir,Residential Plot,0,0,1800,Not Applicable,South,0,2925000,Yadadri Bhuvanagiri | Bibinagar
Andhra Pradesh,NTR,Vijayawada,Residential Plot,0,0,2700,Not Applicable,East,0,3875000,NTR | Tiruvuru
Andhra Pradesh,YSR Kadapa,Kadapa,Apartment,2,1,1246,Semi-Furnished,East,5,2325000,YSR Kadapa | Mydukur
Andhra Pradesh,NTR,Vijayawada,Apartment,2,1,904,Unfurnished,West,0,8125000,NTR | Benz Circle
Andhra Pradesh,West Godavari,Bhimavaram,Independent House,2,2,1579,Semi-Furnished,South,2,3800000,West Godavari | Penugonda
Telangana,Jangaon,Jangaon,Independent House,5,6,2552,Unfurnished,West,3,4000000,Jangaon | Zaffergadh
Andhra Pradesh,West Godavari,Bhimavaram,Apartment,4,5,2155,Unfurnished,North,6,7100000,West Godavari | Tadepalligudem
Telangana,Suryapet,Suryapet,Residential Plot,0,0,2160,Not Applicable,West,0,3525000,Suryapet | Suryapet Town
Telangana,Rangareddy,Hyderabad,Apartment,3,3,1238,Unfurnished,West,6,10225000,Rangareddy | Narsingi
Telangana,Sangareddy,Sangareddy,Apartment,3,3,1717,Unfurnished,East,0,7875000,Sangareddy | Jinnaram
Andhra Pradesh,Guntur,Guntur,Apartment,2,1,881,Unfurnished,North,0,4775000,Guntur | Pattabhipuram
Telangana,Vikarabad,Vikarabad,Independent House,2,2,1075,Furnished,South,4,2325000,Vikarabad | Nawabpet
Telangana,Warangal,Warangal,Villa,5,5,3177,Semi-Furnished,North-East,11,8950000,Warangal | Sangem
Telangana,Rangareddy,Hyderabad,Residential Plot,0,0,1998,Not Applicable,North-East,0,8025000,Rangareddy | Hayathnagar
Telangana,Kumuram Bheem Asifabad,Asifabad,Residential Plot,0,0,1503,Not Applicable,North-East,0,2350000,Kumuram Bheem Asifabad | Asifabad Town
Andhra Pradesh,Tirupati,Tirupati,Villa,5,6,3358,Unfurnished,East,2,27375000,Tirupati | Leela Mahal Circle
Telangana,Rangareddy,Hyderabad,Apartment,2,3,1195,Unfurnished,North-East,0,6725000,Rangareddy | Tukkuguda
Telangana,Jogulamba Gadwal,Gadwal,Independent House,5,5,2561,Unfurnished,South-East,15,6225000,Jogulamba Gadwal | Gadwal Town
Andhra Pradesh,West Godavari,Bhimavaram,Apartment,3,3,1375,Semi-Furnished,East,7,5150000,West Godavari | Tadepalligudem
Andhra Pradesh,Srikakulam,Srikakulam,Apartment,3,4,1288,Semi-Furnished,East,1,4250000,Srikakulam | Ichchapuram
Telangana,Yadadri Bhuvanagiri,Bhongir,Apartment,2,1,1147,Semi-Furnished,East,0,4850000,Yadadri Bhuvanagiri | Choutuppal
Andhra Pradesh,Tirupati,Tirupati,Apartment,2,2,1125,Unfurnished,South-East,6,5550000,Tirupati | Vikruthamala
Telangana,Hanumakonda,Hanamkonda,Residential Plot,0,0,2700,Not Applicable,West,0,5875000,Hanumakonda | Kakaji Colony
Telangana,Rangareddy,Hyderabad,Apartment,3,3,1596,Unfurnished,South,0,16875000,Rangareddy | Madhapur
Andhra Pradesh,East Godavari,Rajahmundry,Apartment,3,3,1509,Unfurnished,North-East,2,4975000,East Godavari | Korukonda
Telangana,Karimnagar,Karimnagar,Independent House,3,3,1529,Unfurnished,North,3,4250000,Karimnagar | Thimmapur
Andhra Pradesh,Guntur,Guntur,Villa,3,3,1943,Unfurnished,South,15,10050000,Guntur | Nallapadu
Andhra Pradesh,Anantapur,Anantapur,Independent House,2,2,1076,Semi-Furnished,South-East,30,2925000,Anantapur | Saptagiri Circle
Telangana,Khammam,Khammam,Independent House,5,5,2676,Semi-Furnished,North,16,10275000,Khammam | Wyra Road
Andhra Pradesh,Visakhapatnam,Visakhapatnam,Apartment,2,2,815,Unfurnished,North-East,0,3100000,Visakhapatnam | Thagarapuvalasa
Telangana,Medchal Malkajgiri,Hyderabad,Apartment,1,1,484,Unfurnished,West,9,2675000,Medchal Malkajgiri | Uppal
Andhra Pradesh,Tirupati,Tirupati,Independent Builder Floor,3,4,1323,Unfurnished,West,0,6475000,Tirupati | Tiruchanur
Andhra Pradesh,Guntur,Guntur,Apartment,3,4,1665,Unfurnished,East,0,5375000,Guntur | Auto Nagar
Andhra Pradesh,Palnadu,Narasaraopet,Independent House,2,1,1199,Semi-Furnished,North,7,2800000,Palnadu | Dachepalle
Telangana,Karimnagar,Karimnagar,Independent House,5,5,2530,Unfurnished,North,5,12050000,Karimnagar | Jyothinagar
Telangana,Khammam,Khammam,Residential Plot,0,0,1800,Not Applicable,North,0,2675000,Khammam | Madhira
Telangana,Hyderabad,Hyderabad,Apartment,3,3,1701,Unfurnished,East,11,15575000,Hyderabad | Tolichowki
Andhra Pradesh,Eluru,Eluru,Residential Plot,0,0,2700,Not Applicable,North,0,2875000,Eluru | Nuzvid
Telangana,Jangaon,Jangaon,Apartment,3,3,1663,Unfurnished,North,2,2875000,Jangaon | Zaffergadh
Telangana,Medak,Medak,Independent House,4,3,2604,Unfurnished,North-East,0,4400000,Medak | Papannapet
Telangana,Bhadradri Kothagudem,Kothagudem,Independent House,4,4,2020,Unfurnished,North,5,4250000,Bhadradri Kothagudem | Yellandu
Telangana,Hanumakonda,Hanamkonda,Apartment,3,3,1842,Unfurnished,South,6,7425000,Hanumakonda | Kazipet
Andhra Pradesh,Tirupati,Tirupati,Independent House,3,4,1078,Unfurnished,East,0,6875000,Tirupati | Leela Mahal Circle
Telangana,Siddipet,Siddipet,Apartment,3,2,1799,Unfurnished,West,2,8175000,Siddipet | Siddipet Town
Telangana,Hyderabad,Hyderabad,Apartment,3,3,1266,Semi-Furnished,North,9,10500000,Hyderabad | Yousufguda
Telangana,Sangareddy,Hyderabad,Apartment,2,2,1171,Semi-Furnished,East,1,7425000,Sangareddy | Patancheru
Andhra Pradesh,Alluri Sitharama Raju,Paderu,Independent House,2,2,1266,Semi-Furnished,West,30,1425000,Alluri Sitharama Raju | Dumbriguda
Telangana,Sangareddy,Hyderabad,Apartment,2,1,1031,Unfurnished,North-East,1,6200000,Sangareddy | Ameenpur
Telangana,Yadadri Bhuvanagiri,Bhongir,Residential Plot,0,0,1800,Not Applicable,East,0,3175000,Yadadri Bhuvanagiri | Yadagirigutta
Andhra Pradesh,Kurnool,Kurnool,Independent House,2,3,1042,Unfurnished,North,22,2175000,Kurnool | Adoni
Andhra Pradesh,Sri Sathya Sai,Puttaparthi,Apartment,3,2,1551,Unfurnished,East,0,4250000,Sri Sathya Sai | Penukonda
Andhra Pradesh,Dr. B.R. Ambedkar Konaseema,Amalapuram,Independent House,3,4,1780,Semi-Furnished,East,4,5000000,Dr. B.R. Ambedkar Konaseema | Ramachandrapuram
Telangana,Rajanna Sircilla,Sircilla,Independent House,4,5,2094,Semi-Furnished,South,1,6200000,Rajanna Sircilla | Vemulawada
Telangana,Rangareddy,Hyderabad,Independent House,4,3,2287,Unfurnished,West,0,30300000,Rangareddy | Nanakramguda
Andhra Pradesh,Parvathipuram Manyam,Parvathipuram,Villa,4,4,2395,Unfurnished,West,0,6225000,Parvathipuram Manyam | Palakonda
Telangana,Wanaparthy,Wanaparthy,Apartment,2,1,929,Semi-Furnished,West,4,3375000,Wanaparthy | Wanaparthy Town
Telangana,Jangaon,Jangaon,Apartment,3,3,1337,Unfurnished,East,15,2100000,Jangaon | Palakurthi
Telangana,Sangareddy,Hyderabad,Residential Plot,0,0,1197,Not Applicable,South,0,6500000,Sangareddy | Kollur
Andhra Pradesh,Dr. B.R. Ambedkar Konaseema,Amalapuram,Independent Builder Floor,3,3,1702,Unfurnished,South-East,1,3800000,Dr. B.R. Ambedkar Konaseema | Mummidivaram
Andhra Pradesh,West Godavari,Bhimavaram,Independent House,2,2,1271,Unfurnished,North-East,13,5350000,West Godavari | Bhimavaram Town
Andhra Pradesh,Guntur,Guntur,Residential Plot,0,0,1620,Not Applicable,West,0,3000000,Guntur | Pattabhipuram
Telangana,Jagtial,Jagtial,Independent House,3,3,1880,Unfurnished,North-East,30,4975000,Jagtial | Jagtial Town
Andhra Pradesh,YSR Kadapa,Kadapa,Independent House,3,2,1591,Semi-Furnished,East,2,4325000,YSR Kadapa | Pulivendula
Andhra Pradesh,Chittoor,Chittoor,Apartment,2,2,958,Semi-Furnished,East,0,4000000,Chittoor | Gandhi Road
Telangana,Mahabubnagar,Mahabubnagar,Villa,4,4,3092,Semi-Furnished,East,5,11525000,Mahabubnagar | Jadcherla
Andhra Pradesh,Visakhapatnam,Visakhapatnam,Independent Builder Floor,2,2,1013,Unfurnished,East,1,8450000,Visakhapatnam | Maddilapalem
Telangana,Nirmal,Nirmal,Independent House,4,4,2115,Semi-Furnished,East,1,7025000,Nirmal | Nirmal Town
Telangana,Kamareddy,Kamareddy,Apartment,2,3,1276,Furnished,West,5,2150000,Kamareddy | Domakonda
Andhra Pradesh,Sri Potti Sriramulu Nellore,Nellore,Villa,4,4,2479,Furnished,North-East,3,10125000,Sri Potti Sriramulu Nellore | Atmakur
Andhra Pradesh,Prakasam,Ongole,Independent House,4,3,2155,Furnished,North-East,4,5475000,Prakasam | Tanguturu
Telangana,Rangareddy,Hyderabad,Residential Plot,0,0,1350,Not Applicable,South-East,0,13425000,Rangareddy | Financial District
Andhra Pradesh,Visakhapatnam,Visakhapatnam,Villa,3,3,2178,Unfurnished,North,8,13275000,Visakhapatnam | Kancharapalem
Telangana,Hyderabad,Hyderabad,Residential Plot,0,0,1620,Not Applicable,South,0,12800000,Hyderabad | Begumpet
Telangana,Rajanna Sircilla,Sircilla,Independent House,5,5,2417,Semi-Furnished,North-East,0,4375000,Rajanna Sircilla | Boinpalli
Andhra Pradesh,Krishna,Vijayawada,Independent Builder Floor,2,2,1010,Unfurnished,West,5,4150000,Krishna | Gannavaram
Telangana,Rangareddy,Hyderabad,Independent Builder Floor,3,3,1307,Furnished,North-East,0,7750000,Rangareddy | Maheshwaram
Telangana,Medak,Medak,Independent House,2,2,812,Furnished,North-East,0,3475000,Medak | Medak Town
Telangana,Warangal,Warangal,Apartment,2,2,937,Furnished,East,4,2450000,Warangal | Narsampet
Andhra Pradesh,Tirupati,Tirupati,Independent Builder Floor,3,3,1754,Unfurnished,North,0,5950000,Tirupati | Venkatagiri
Andhra Pradesh,Visakhapatnam,Visakhapatnam,Apartment,3,3,1292,Semi-Furnished,East,11,10300000,Visakhapatnam | Sagar Nagar
Telangana,Yadadri Bhuvanagiri,Bhongir,Residential Plot,0,0,3600,Not Applicable,West,0,2975000,Yadadri Bhuvanagiri | Ramannapet
Telangana,Hyderabad,Hyderabad,Independent House,3,4,1345,Semi-Furnished,East,4,17525000,Hyderabad | Somajiguda
Telangana,Medak,Medak,Residential Plot,0,0,900,Not Applicable,East,0,750000,Medak | Toopran
Telangana,Mahabubabad,Mahabubabad,Residential Plot,0,0,1998,Not Applicable,West,0,1775000,Mahabubabad | Thorrur
Andhra Pradesh,Anakapalli,Anakapalle,Independent House,4,3,2100,Semi-Furnished,East,1,6600000,Anakapalli | Yelamanchili
Andhra Pradesh,Tirupati,Tirupati,Independent House,2,2,1078,Furnished,East,10,9075000,Tirupati | Air Bypass Road
Andhra Pradesh,Parvathipuram Manyam,Parvathipuram,Villa,3,3,1746,Unfurnished,East,10,5400000,Parvathipuram Manyam | Parvathipuram Town
Telangana,Nagarkurnool,Nagarkurnool,Residential Plot,0,0,2700,Not Applicable,East,0,1900000,Nagarkurnool | Lingal
Andhra Pradesh,Sri Potti Sriramulu Nellore,Nellore,Independent House,3,3,1374,Semi-Furnished,West,29,6300000,Sri Potti Sriramulu Nellore | Mini Bypass Road
Andhra Pradesh,NTR,Vijayawada,Apartment,3,3,1673,Semi-Furnished,West,5,6175000,NTR | Mylavaram
Andhra Pradesh,Visakhapatnam,Visakhapatnam,Residential Plot,0,0,1620,Not Applicable,East,0,3550000,Visakhapatnam | Bheemili
Telangana,Nagarkurnool,Nagarkurnool,Apartment,3,3,1570,Semi-Furnished,South-East,8,2450000,Nagarkurnool | Amrabad
Andhra Pradesh,Kurnool,Kurnool,Apartment,2,3,1179,Furnished,South-East,18,2975000,Kurnool | Nandyal Road
Telangana,Suryapet,Suryapet,Residential Plot,0,0,2403,Not Applicable,North,0,3800000,Suryapet | Suryapet Town
Telangana,Warangal,Warangal,Villa,3,3,1985,Unfurnished,West,0,5925000,Warangal | Nekkonda
Andhra Pradesh,Prakasam,Ongole,Independent House,4,4,1866,Semi-Furnished,South,10,3675000,Prakasam | Chimakurthi
Andhra Pradesh,Nandyal,Nandyal,Residential Plot,0,0,2403,Not Applicable,East,0,1775000,Nandyal | Nandikotkur
Andhra Pradesh,NTR,Vijayawada,Independent House,3,3,1683,Furnished,South,18,6000000,NTR | Nunna
Telangana,Mahabubnagar,Mahabubnagar,Apartment,3,3,1470,Furnished,East,0,6000000,Mahabubnagar | Jadcherla
Andhra Pradesh,East Godavari,Rajahmundry,Independent House,6,7,2686,Unfurnished,West,10,7050000,East Godavari | Rajanagaram
Andhra Pradesh,West Godavari,Bhimavaram,Residential Plot,0,0,2160,Not Applicable,East,0,5225000,West Godavari | Bhimavaram Town
Telangana,Nizamabad,Nizamabad,Apartment,3,2,1301,Unfurnished,North,16,2575000,Nizamabad | Yedapally
Andhra Pradesh,Annamayya,Madanapalle,Residential Plot,0,0,3600,Not Applicable,East,0,2500000,Annamayya | Kalakada
Andhra Pradesh,East Godavari,Rajahmundry,Apartment,3,3,1810,Semi-Furnished,North-East,2,5500000,East Godavari | Gokavaram
Andhra Pradesh,Tirupati,Tirupati,Apartment,2,2,925,Unfurnished,East,1,7225000,Tirupati | Leela Mahal Circle
Telangana,Hyderabad,Hyderabad,Villa,4,5,2560,Unfurnished,West,0,28825000,Hyderabad | Mehdipatnam
Telangana,Medchal Malkajgiri,Hyderabad,Apartment,4,4,2006,Unfurnished,South-East,2,15200000,Medchal Malkajgiri | Pragathi Nagar
Telangana,Jangaon,Jangaon,Independent House,4,3,2448,Unfurnished,South,2,7825000,Jangaon | Jangaon Town
Andhra Pradesh,Visakhapatnam,Visakhapatnam,Residential Plot,0,0,1998,Not Applicable,South,0,9100000,Visakhapatnam | Siripuram
Andhra Pradesh,NTR,Vijayawada,Residential Plot,0,0,900,Not Applicable,North,0,2125000,NTR | Bhavanipuram
Telangana,Suryapet,Suryapet,Independent House,5,4,2860,Furnished,South,5,11925000,Suryapet | Suryapet Town
Andhra Pradesh,Sri Potti Sriramulu Nellore,Nellore,Apartment,3,3,1116,Unfurnished,East,0,4000000,Sri Potti Sriramulu Nellore | Kavali
Telangana,Suryapet,Suryapet,Villa,5,6,3473,Unfurnished,East,4,11500000,Suryapet | Huzurnagar
Telangana,Rangareddy,Hyderabad,Apartment,3,3,1241,Furnished,North,2,14225000,Rangareddy | Kokapet
Telangana,Medchal Malkajgiri,Hyderabad,Residential Plot,0,0,1800,Not Applicable,South,0,8075000,Medchal Malkajgiri | Kompally
Telangana,Hanumakonda,Hanamkonda,Apartment,3,3,1713,Unfurnished,South,1,8400000,Hanumakonda | Nakkalagutta
Andhra Pradesh,Annamayya,Madanapalle,Apartment,3,4,1190,Unfurnished,South,0,1875000,Annamayya | Chitvel
Telangana,Hyderabad,Hyderabad,Independent House,4,5,2505,Unfurnished,East,18,18250000,Hyderabad | Shaikpet
Telangana,Medchal Malkajgiri,Hyderabad,Residential Plot,0,0,1503,Not Applicable,North-East,0,8675000,Medchal Malkajgiri | Bachupally
Andhra Pradesh,Chittoor,Chittoor,Apartment,1,1,478,Semi-Furnished,South,4,1100000,Chittoor | Nagari
Telangana,Mulugu,Mulugu,Independent House,4,4,2406,Unfurnished,North,1,3275000,Mulugu | Mangapet
Telangana,Wanaparthy,Wanaparthy,Apartment,3,2,1307,Semi-Furnished,North-East,2,2325000,Wanaparthy | Peddamandadi
Telangana,Khammam,Khammam,Residential Plot,0,0,3600,Not Applicable,South,0,6225000,Khammam | Mamillagudem
Andhra Pradesh,Guntur,Guntur,Residential Plot,0,0,3600,Not Applicable,East,0,4775000,Guntur | Pedakakani
Andhra Pradesh,YSR Kadapa,Kadapa,Apartment,4,4,2247,Unfurnished,East,0,4575000,YSR Kadapa | Vempalle
Andhra Pradesh,East Godavari,Rajahmundry,Residential Plot,0,0,1800,Not Applicable,East,0,4750000,East Godavari | Prakash Nagar
Andhra Pradesh,Anakapalli,Anakapalle,Residential Plot,0,0,900,Not Applicable,West,0,800000,Anakapalli | Nakkapalli
Telangana,Jagtial,Jagtial,Apartment,1,1,503,Semi-Furnished,North-East,2,900000,Jagtial | Raikal
Telangana,Vikarabad,Vikarabad,Independent House,4,4,2541,Semi-Furnished,East,0,10975000,Vikarabad | Vikarabad Town
Telangana,Mahabubnagar,Mahabubnagar,Independent House,6,6,3383,Unfurnished,West,1,14250000,Mahabubnagar | Mahabubnagar Town
Andhra Pradesh,Alluri Sitharama Raju,Paderu,Residential Plot,0,0,2700,Not Applicable,South,0,3950000,Alluri Sitharama Raju | Araku Valley
Andhra Pradesh,Anakapalli,Anakapalle,Independent House,3,3,1691,Semi-Furnished,North-East,9,5050000,Anakapalli | Narsipatnam
Telangana,Siddipet,Siddipet,Independent House,4,3,1830,Furnished,South,12,5150000,Siddipet | Gajwel
Andhra Pradesh,Tirupati,Tirupati,Residential Plot,0,0,2700,Not Applicable,West,0,6300000,Tirupati | Tummalagunta
Andhra Pradesh,Palnadu,Narasaraopet,Independent House,6,5,2651,Furnished,South-East,13,6125000,Palnadu | Macherla
Telangana,Nirmal,Nirmal,Independent House,6,7,3180,Unfurnished,South-East,17,6350000,Nirmal | Bhainsa
Andhra Pradesh,Bapatla,Bapatla,Independent House,6,6,3235,Unfurnished,North-East,17,6400000,Bapatla | Addanki
Andhra Pradesh,Kurnool,Kurnool,Independent House,3,3,1800,Semi-Furnished,East,1,3875000,Kurnool | Mantralayam
Telangana,Kamareddy,Kamareddy,Residential Plot,0,0,2160,Not Applicable,East,0,3750000,Kamareddy | Kamareddy Town
Telangana,Nirmal,Nirmal,Independent House,2,2,1111,Semi-Furnished,West,4,3675000,Nirmal | Nirmal Town
Andhra Pradesh,Kakinada,Kakinada,Villa,3,3,1727,Unfurnished,East,8,12375000,Kakinada | Ramanayapeta
Andhra Pradesh,Visakhapatnam,Visakhapatnam,Apartment,2,2,770,Unfurnished,East,0,5825000,Visakhapatnam | Dwaraka Nagar
Andhra Pradesh,YSR Kadapa,Kadapa,Apartment,2,2,1089,Unfurnished,West,0,3025000,YSR Kadapa | Proddatur
Telangana,Narayanpet,Narayanpet,Residential Plot,0,0,900,Not Applicable,North,0,1125000,Narayanpet | Narayanpet Town
Andhra Pradesh,Anakapalli,Anakapalle,Residential Plot,0,0,1197,Not Applicable,West,0,2225000,Anakapalli | Anakapalle Town
Telangana,Jagtial,Jagtial,Independent House,2,2,1253,Unfurnished,South,24,1350000,Jagtial | Dharmapuri
Andhra Pradesh,Guntur,Guntur,Residential Plot,0,0,1350,Not Applicable,South,0,2400000,Guntur | Tenali
Telangana,Yadadri Bhuvanagiri,Bhongir,Independent House,5,5,2590,Unfurnished,South-East,11,8050000,Yadadri Bhuvanagiri | Yadagirigutta
Andhra Pradesh,YSR Kadapa,Kadapa,Independent House,3,4,1484,Unfurnished,East,4,3950000,YSR Kadapa | Proddatur
Andhra Pradesh,Sri Sathya Sai,Puttaparthi,Residential Plot,0,0,2160,Not Applicable,South,0,1850000,Sri Sathya Sai | Madakasira
Telangana,Rangareddy,Hyderabad,Residential Plot,0,0,1800,Not Applicable,East,0,21050000,Rangareddy | Kokapet
Andhra Pradesh,Vizianagaram,Vizianagaram,Independent House,3,2,1343,Semi-Furnished,East,12,4325000,Vizianagaram | Nellimarla
Andhra Pradesh,Polavaram,Rampachodavaram,Independent House,3,2,1673,Unfurnished,South,10,3450000,Polavaram | Rampachodavaram
Andhra Pradesh,Tirupati,Tirupati,Villa,5,5,3045,Unfurnished,East,11,22150000,Tirupati | Leela Mahal Circle
Telangana,Medchal Malkajgiri,Hyderabad,Residential Plot,0,0,1620,Not Applicable,North,0,6525000,Medchal Malkajgiri | Dundigal
Telangana,Hanumakonda,Hanamkonda,Apartment,4,4,1715,Furnished,East,1,10125000,Hanumakonda | Nakkalagutta
Andhra Pradesh,Vizianagaram,Vizianagaram,Residential Plot,0,0,2160,Not Applicable,East,0,4350000,Vizianagaram | Vizianagaram Town
Telangana,Mahabubnagar,Mahabubnagar,Residential Plot,0,0,1620,Not Applicable,East,0,1600000,Mahabubnagar | Balanagar
Andhra Pradesh,Krishna,Vijayawada,Apartment,4,4,2505,Unfurnished,North,0,11500000,Krishna | Penamaluru
Telangana,Hyderabad,Hyderabad,Apartment,2,2,1328,Unfurnished,East,0,10325000,Hyderabad | Mehdipatnam
Telangana,Medak,Medak,Apartment,2,2,1008,Semi-Furnished,West,5,1875000,Medak | Chegunta
Telangana,Hyderabad,Hyderabad,Residential Plot,0,0,2700,Not Applicable,West,0,15050000,Hyderabad | Tarnaka
Andhra Pradesh,Anantapur,Anantapur,Apartment,3,3,1596,Semi-Furnished,East,16,3425000,Anantapur | Gooty
Andhra Pradesh,Nandyal,Nandyal,Residential Plot,0,0,1197,Not Applicable,North-East,0,1275000,Nandyal | Dhone
Telangana,Warangal,Warangal,Apartment,4,3,2177,Unfurnished,West,0,5900000,Warangal | Narsampet
Andhra Pradesh,Tirupati,Tirupati,Apartment,2,2,998,Unfurnished,North,0,4750000,Tirupati | Tummalagunta
Telangana,Vikarabad,Vikarabad,Residential Plot,0,0,1350,Not Applicable,North-East,0,2600000,Vikarabad | Vikarabad Town
Andhra Pradesh,Anakapalli,Anakapalle,Apartment,2,2,1273,Unfurnished,East,8,4200000,Anakapalli | Yelamanchili
Andhra Pradesh,Prakasam,Ongole,Residential Plot,0,0,2700,Not Applicable,West,0,2525000,Prakasam | Singarayakonda
Telangana,Hanumakonda,Hanamkonda,Apartment,4,4,1873,Unfurnished,South-East,0,8225000,Hanumakonda | Naimnagar
Telangana,Suryapet,Suryapet,Apartment,2,2,1076,Unfurnished,East,0,2450000,Suryapet | Huzurnagar
Andhra Pradesh,Sri Sathya Sai,Puttaparthi,Independent House,4,4,1905,Unfurnished,East,22,4875000,Sri Sathya Sai | Puttaparthi Town
Andhra Pradesh,West Godavari,Bhimavaram,Apartment,3,3,1313,Unfurnished,West,9,3725000,West Godavari | Penugonda
Telangana,Kamareddy,Kamareddy,Apartment,3,3,1280,Unfurnished,North,1,2750000,Kamareddy | Banswada
Andhra Pradesh,Krishna,Machilipatnam,Apartment,2,2,827,Unfurnished,South,0,3075000,Krishna | Machilipatnam Town
Andhra Pradesh,Prakasam,Ongole,Independent House,5,5,2728,Furnished,East,0,11825000,Prakasam | Ongole Town
Andhra Pradesh,Anakapalli,Anakapalle,Apartment,3,3,1491,Unfurnished,South,0,3675000,Anakapalli | Nakkapalli
Andhra Pradesh,NTR,Vijayawada,Independent House,6,7,2681,Unfurnished,East,2,11850000,NTR | Ambapuram
Andhra Pradesh,Prakasam,Ongole,Residential Plot,0,0,1998,Not Applicable,North-East,0,3725000,Prakasam | Ongole Town
Telangana,Nirmal,Nirmal,Independent House,4,3,2095,Unfurnished,West,14,3775000,Nirmal | Bhainsa
Andhra Pradesh,Visakhapatnam,Visakhapatnam,Residential Plot,0,0,1998,Not Applicable,South-East,0,10525000,Visakhapatnam | Seethammadhara
Telangana,Mahabubnagar,Mahabubnagar,Apartment,4,4,1835,Unfurnished,East,0,3675000,Mahabubnagar | Koilkonda
Telangana,Karimnagar,Karimnagar,Residential Plot,0,0,1350,Not Applicable,East,0,3375000,Karimnagar | Kashmirgadda
Telangana,Mancherial,Mancherial,Apartment,3,3,1292,Semi-Furnished,East,6,2825000,Mancherial | Mandamarri
Andhra Pradesh,Guntur,Guntur,Apartment,4,3,2011,Furnished,North-East,4,8450000,Guntur | Nallapadu
Andhra Pradesh,Chittoor,Chittoor,Independent House,2,2,1297,Furnished,North,0,5400000,Chittoor | Chittoor Town
Andhra Pradesh,Prakasam,Ongole,Villa,4,4,2607,Unfurnished,North,6,12625000,Prakasam | Ongole Town
Andhra Pradesh,Kurnool,Kurnool,Independent House,5,5,2750,Unfurnished,East,2,14975000,Kurnool | Gayathri Estates
Andhra Pradesh,Kakinada,Kakinada,Independent House,2,3,1054,Unfurnished,South,4,5875000,Kakinada | Santhi Nagar
Telangana,Hyderabad,Hyderabad,Independent House,4,4,1890,Unfurnished,North-East,0,26000000,Hyderabad | Jubilee Hills
Telangana,Nalgonda,Nalgonda,Independent House,3,3,1451,Unfurnished,North,4,3025000,Nalgonda | Devarakonda
Telangana,Rangareddy,Hyderabad,Apartment,2,3,1228,Unfurnished,North,0,14825000,Rangareddy | Gachibowli
Telangana,Mulugu,Mulugu,Residential Plot,0,0,1350,Not Applicable,North-East,0,675000,Mulugu | Tadvai
Telangana,Jogulamba Gadwal,Gadwal,Independent House,4,4,1681,Unfurnished,South,5,3150000,Jogulamba Gadwal | Alampur
Telangana,Hanumakonda,Hanamkonda,Independent House,3,4,1641,Unfurnished,North,8,4625000,Hanumakonda | Elkathurthy
Telangana,Medchal Malkajgiri,Hyderabad,Residential Plot,0,0,900,Not Applicable,South-East,0,5125000,Medchal Malkajgiri | Kukatpally
Andhra Pradesh,Dr. B.R. Ambedkar Konaseema,Amalapuram,Apartment,2,3,1036,Semi-Furnished,East,13,1975000,Dr. B.R. Ambedkar Konaseema | Mummidivaram
Andhra Pradesh,YSR Kadapa,Kadapa,Independent House,4,5,2086,Semi-Furnished,North-East,17,7400000,YSR Kadapa | Ravindra Nagar
Telangana,Nirmal,Nirmal,Residential Plot,0,0,900,Not Applicable,North-East,0,675000,Nirmal | Khanapur
Andhra Pradesh,Chittoor,Chittoor,Villa,5,5,3100,Furnished,East,5,9800000,Chittoor | Gangadhara Nellore
Telangana,Yadadri Bhuvanagiri,Bhongir,Residential Plot,0,0,1620,Not Applicable,East,0,1350000,Yadadri Bhuvanagiri | Rajapet
Andhra Pradesh,NTR,Vijayawada,Residential Plot,0,0,1197,Not Applicable,North-East,0,4375000,NTR | Patamata
Andhra Pradesh,Kakinada,Kakinada,Apartment,2,2,1065,Semi-Furnished,North,13,4000000,Kakinada | Madhavapatnam
Andhra Pradesh,YSR Kadapa,Kadapa,Residential Plot,0,0,4500,Not Applicable,South,0,8150000,YSR Kadapa | Ravindra Nagar
Telangana,Medchal Malkajgiri,Hyderabad,Residential Plot,0,0,2160,Not Applicable,West,0,6100000,Medchal Malkajgiri | Medchal
Andhra Pradesh,Sri Potti Sriramulu Nellore,Nellore,Apartment,2,1,1121,Unfurnished,East,0,3025000,Sri Potti Sriramulu Nellore | Muthukur
Andhra Pradesh,NTR,Vijayawada,Residential Plot,0,0,1998,Not Applicable,North-East,0,9150000,NTR | Labbipet
Andhra Pradesh,NTR,Vijayawada,Apartment,2,2,1104,Furnished,South,2,8225000,NTR | Patamata
Telangana,Kumuram Bheem Asifabad,Asifabad,Independent House,3,2,1629,Semi-Furnished,South-East,0,2350000,Kumuram Bheem Asifabad | Wankidi
Andhra Pradesh,Eluru,Eluru,Apartment,3,3,1355,Unfurnished,North-East,0,3500000,Eluru | Nuzvid
Andhra Pradesh,Nandyal,Nandyal,Independent House,3,3,1892,Unfurnished,North,21,5425000,Nandyal | Nandyal Town
Andhra Pradesh,Sri Potti Sriramulu Nellore,Nellore,Independent House,6,6,3094,Semi-Furnished,West,0,9700000,Sri Potti Sriramulu Nellore | Muthukur
Andhra Pradesh,Sri Sathya Sai,Puttaparthi,Residential Plot,0,0,3600,Not Applicable,North,0,4600000,Sri Sathya Sai | Penukonda
Telangana,Warangal,Warangal,Residential Plot,0,0,1998,Not Applicable,East,0,3350000,Warangal | Rangashaipet
Telangana,Rangareddy,Hyderabad,Apartment,4,5,2061,Furnished,North-East,5,16600000,Rangareddy | Adibatla
Telangana,Rangareddy,Hyderabad,Independent House,3,2,1779,Unfurnished,South-East,0,8225000,Rangareddy | Shadnagar
Andhra Pradesh,Palnadu,Narasaraopet,Independent House,3,3,1611,Unfurnished,North,30,2275000,Palnadu | Gurazala
Telangana,Sangareddy,Sangareddy,Independent House,4,4,2568,Semi-Furnished,West,6,8875000,Sangareddy | Zaheerabad
Andhra Pradesh,Tirupati,Tirupati,Villa,4,4,2892,Furnished,North,4,14075000,Tirupati | Naidupeta
Telangana,Jogulamba Gadwal,Gadwal,Apartment,1,1,530,Unfurnished,East,0,975000,Jogulamba Gadwal | Alampur
Andhra Pradesh,East Godavari,Rajahmundry,Independent Builder Floor,3,3,1621,Semi-Furnished,East,0,5500000,East Godavari | Anaparthi
Andhra Pradesh,Visakhapatnam,Visakhapatnam,Independent House,2,3,1423,Furnished,East,8,12675000,Visakhapatnam | MVP Colony
Andhra Pradesh,Prakasam,Ongole,Residential Plot,0,0,1800,Not Applicable,North,0,2150000,Prakasam | Kothapatnam
Telangana,Rangareddy,Hyderabad,Apartment,2,2,1108,Unfurnished,South-East,12,4225000,Rangareddy | Kothur
Andhra Pradesh,Nandyal,Nandyal,Independent House,3,4,1835,Unfurnished,South,4,6550000,Nandyal | Nandyal Town
Andhra Pradesh,Palnadu,Narasaraopet,Residential Plot,0,0,2700,Not Applicable,South,0,3525000,Palnadu | Sattenapalle
Andhra Pradesh,Prakasam,Ongole,Residential Plot,0,0,1197,Not Applicable,South-East,0,1925000,Prakasam | Ongole Town
Andhra Pradesh,Krishna,Vijayawada,Apartment,2,2,1024,Furnished,North,7,3950000,Krishna | Penamaluru
Andhra Pradesh,Anakapalli,Anakapalle,Residential Plot,0,0,900,Not Applicable,South-East,0,900000,Anakapalli | Payakaraopeta
Telangana,Yadadri Bhuvanagiri,Bhongir,Apartment,2,2,1153,Unfurnished,West,5,2900000,Yadadri Bhuvanagiri | Rajapet
Andhra Pradesh,Visakhapatnam,Visakhapatnam,Independent House,3,3,1600,Semi-Furnished,North,0,13000000,Visakhapatnam | Maddilapalem
Andhra Pradesh,Alluri Sitharama Raju,Paderu,Independent Builder Floor,3,3,1578,Furnished,South,7,2075000,Alluri Sitharama Raju | Dumbriguda
Telangana,Karimnagar,Karimnagar,Apartment,1,2,420,Unfurnished,North,0,1475000,Karimnagar | Jyothinagar
Andhra Pradesh,Chittoor,Chittoor,Villa,3,3,1946,Unfurnished,South,15,3975000,Chittoor | Gangadhara Nellore
Telangana,Sangareddy,Sangareddy,Apartment,3,3,1768,Unfurnished,West,0,5225000,Sangareddy | Sadasivpet
Andhra Pradesh,Anakapalli,Anakapalle,Independent House,2,2,1411,Unfurnished,North-East,10,4275000,Anakapalli | Narsipatnam
Andhra Pradesh,Tirupati,Tirupati,Independent House,2,2,1034,Unfurnished,North,0,6600000,Tirupati | Leela Mahal Circle
Telangana,Warangal,Warangal,Independent House,4,4,2348,Furnished,West,1,6550000,Warangal | Narsampet
Andhra Pradesh,Bapatla,Bapatla,Apartment,3,4,1291,Unfurnished,North,0,3925000,Bapatla | Chirala
Andhra Pradesh,Guntur,Amaravati,Residential Plot,0,0,1800,Not Applicable,South-East,0,4800000,Guntur | Tadepalle
Andhra Pradesh,East Godavari,Rajahmundry,Apartment,2,2,1237,Unfurnished,South,0,3850000,East Godavari | Kovvur
Telangana,Karimnagar,Karimnagar,Apartment,2,1,1026,Unfurnished,North,0,3450000,Karimnagar | Thimmapur
Andhra Pradesh,Tirupati,Tirupati,Independent House,5,5,2554,Unfurnished,East,4,14425000,Tirupati | Renigunta
Telangana,Nirmal,Nirmal,Residential Plot,0,0,1800,Not Applicable,East,0,1925000,Nirmal | Bhainsa
Telangana,Medchal Malkajgiri,Hyderabad,Villa,3,3,1851,Unfurnished,North,13,14700000,Medchal Malkajgiri | Quthbullapur
Andhra Pradesh,Sri Sathya Sai,Puttaparthi,Apartment,3,3,1235,Unfurnished,East,0,4200000,Sri Sathya Sai | Hindupur
Telangana,Hanumakonda,Hanamkonda,Apartment,3,3,1637,Furnished,West,1,8575000,Hanumakonda | Kakaji Colony
Telangana,Hanumakonda,Hanamkonda,Residential Plot,0,0,1197,Not Applicable,South,0,3075000,Hanumakonda | Kakaji Colony
Andhra Pradesh,Chittoor,Chittoor,Apartment,2,2,991,Semi-Furnished,North,1,4050000,Chittoor | Chittoor Town
Telangana,Sangareddy,Hyderabad,Apartment,3,3,1527,Unfurnished,East,0,9875000,Sangareddy | Kollur
Andhra Pradesh,Kakinada,Kakinada,Apartment,3,4,1597,Unfurnished,South,0,7650000,Kakinada | Ramanayapeta
Telangana,Jagtial,Jagtial,Apartment,2,2,1193,Furnished,North-East,1,2300000,Jagtial | Mallial
Telangana,Medchal Malkajgiri,Hyderabad,Independent House,2,2,1263,Semi-Furnished,South,10,9675000,Medchal Malkajgiri | Kompally
Telangana,Hyderabad,Hyderabad,Independent House,5,5,2449,Unfurnished,West,0,33775000,Hyderabad | Banjara Hills
Telangana,Suryapet,Suryapet,Independent House,2,2,1277,Unfurnished,North,10,2725000,Suryapet | Huzurnagar
Andhra Pradesh,East Godavari,Rajahmundry,Independent House,4,4,2047,Furnished,South,5,6150000,East Godavari | Nidadavole
Telangana,Bhadradri Kothagudem,Kothagudem,Residential Plot,0,0,2160,Not Applicable,West,0,2000000,Bhadradri Kothagudem | Yellandu
Andhra Pradesh,East Godavari,Rajahmundry,Independent House,2,3,1122,Unfurnished,North-East,7,4100000,East Godavari | Bommuru
Telangana,Jangaon,Jangaon,Independent House,3,3,1802,Unfurnished,East,1,2900000,Jangaon | Bachannapet
Telangana,Rangareddy,Hyderabad,Residential Plot,0,0,2997,Not Applicable,North,0,8800000,Rangareddy | Shadnagar
Telangana,Warangal,Warangal,Apartment,3,2,1432,Semi-Furnished,West,5,3825000,Warangal | Wardhannapet
Telangana,Yadadri Bhuvanagiri,Bhongir,Independent House,5,5,2688,Unfurnished,North-East,0,12475000,Yadadri Bhuvanagiri | Bhongir Town
Andhra Pradesh,Srikakulam,Srikakulam,Residential Plot,0,0,900,Not Applicable,South,0,1625000,Srikakulam | Arasavalli
Telangana,Hyderabad,Hyderabad,Apartment,3,2,1252,Unfurnished,North,3,13950000,Hyderabad | Begumpet
Andhra Pradesh,Kakinada,Kakinada,Residential Plot,0,0,1503,Not Applicable,North,0,3600000,Kakinada | Sarpavaram
Andhra Pradesh,Bapatla,Bapatla,Independent House,4,4,1879,Unfurnished,North-East,5,3650000,Bapatla | Karamchedu
Andhra Pradesh,Sri Potti Sriramulu Nellore,Nellore,Independent House,3,4,1851,Unfurnished,South-East,2,5800000,Sri Potti Sriramulu Nellore | Kovur
Andhra Pradesh,East Godavari,Rajahmundry,Independent House,2,2,1374,Unfurnished,North,0,4275000,East Godavari | Seethanagaram
Telangana,Nirmal,Nirmal,Residential Plot,0,0,3600,Not Applicable,North-East,0,5700000,Nirmal | Nirmal Town
Telangana,Hanumakonda,Hanamkonda,Apartment,3,3,1242,Unfurnished,West,0,6750000,Hanumakonda | Nakkalagutta
Telangana,Yadadri Bhuvanagiri,Bhongir,Apartment,2,2,1061,Unfurnished,North,4,3000000,Yadadri Bhuvanagiri | Alair
Telangana,Hyderabad,Hyderabad,Independent Builder Floor,2,2,1018,Unfurnished,North-East,5,6875000,Hyderabad | Musheerabad
Telangana,Yadadri Bhuvanagiri,Bhongir,Apartment,2,3,916,Furnished,North-East,2,3625000,Yadadri Bhuvanagiri | Choutuppal
Andhra Pradesh,Srikakulam,Srikakulam,Apartment,1,1,465,Unfurnished,South,0,1250000,Srikakulam | Ichchapuram
Andhra Pradesh,Polavaram,Rampachodavaram,Independent House,3,4,1760,Unfurnished,South,12,2525000,Polavaram | Chintur
Telangana,Rangareddy,Hyderabad,Villa,5,4,3153,Furnished,North,14,31850000,Rangareddy | Narsingi
Andhra Pradesh,Prakasam,Ongole,Apartment,2,1,1144,Unfurnished,East,0,2550000,Prakasam | Chimakurthi
Telangana,Hanumakonda,Hanamkonda,Residential Plot,0,0,1620,Not Applicable,East,0,2225000,Hanumakonda | Dharmasagar
Telangana,Siddipet,Siddipet,Independent House,2,1,1416,Unfurnished,East,30,3650000,Siddipet | Gajwel
Andhra Pradesh,YSR Kadapa,Kadapa,Independent House,4,4,2253,Unfurnished,South,3,3850000,YSR Kadapa | Kamalapuram
Telangana,Suryapet,Suryapet,Residential Plot,0,0,2997,Not Applicable,South,0,1825000,Suryapet | Thungathurthy
Telangana,Hyderabad,Hyderabad,Apartment,2,2,837,Semi-Furnished,East,2,11875000,Hyderabad | Banjara Hills
Andhra Pradesh,NTR,Vijayawada,Apartment,2,2,1075,Furnished,North,19,5150000,NTR | Auto Nagar
Andhra Pradesh,Guntur,Guntur,Apartment,2,2,864,Unfurnished,East,0,3575000,Guntur | Nallapadu
Andhra Pradesh,Guntur,Amaravati,Independent House,5,4,2716,Unfurnished,South,9,11125000,Guntur | Thullur
Andhra Pradesh,Tirupati,Tirupati,Apartment,4,3,1742,Semi-Furnished,North,19,5150000,Tirupati | Naidupeta
Telangana,Hyderabad,Hyderabad,Apartment,3,3,1509,Unfurnished,South,0,16375000,Hyderabad | Somajiguda
Andhra Pradesh,Prakasam,Ongole,Independent House,3,3,2069,Semi-Furnished,North,6,4075000,Prakasam | Maddipadu
Andhra Pradesh,NTR,Vijayawada,Apartment,3,4,1458,Unfurnished,East,1,12050000,NTR | Labbipet
Telangana,Hyderabad,Hyderabad,Independent Builder Floor,2,2,1083,Semi-Furnished,North-East,5,10550000,Hyderabad | Yousufguda
Andhra Pradesh,Parvathipuram Manyam,Parvathipuram,Independent House,3,3,1532,Semi-Furnished,North-East,1,3600000,Parvathipuram Manyam | Palakonda
Telangana,Mahabubabad,Mahabubabad,Residential Plot,0,0,3600,Not Applicable,East,0,3350000,Mahabubabad | Thorrur
Telangana,Yadadri Bhuvanagiri,Bhongir,Apartment,3,3,1281,Furnished,North,5,5075000,Yadadri Bhuvanagiri | Choutuppal
Andhra Pradesh,Visakhapatnam,Visakhapatnam,Villa,3,2,1992,Unfurnished,South,11,14800000,Visakhapatnam | Madhurawada
Andhra Pradesh,Tirupati,Tirupati,Independent Builder Floor,3,3,1407,Furnished,North-East,1,5000000,Tirupati | Venkatagiri
Telangana,Medchal Malkajgiri,Hyderabad,Apartment,4,5,2014,Unfurnished,North-East,23,15450000,Medchal Malkajgiri | KPHB
Telangana,Warangal,Warangal,Residential Plot,0,0,1197,Not Applicable,North,0,975000,Warangal | Sangem
Telangana,Medchal Malkajgiri,Hyderabad,Apartment,3,4,1461,Unfurnished,North-East,1,10750000,Medchal Malkajgiri | Alwal
Andhra Pradesh,West Godavari,Bhimavaram,Independent House,4,5,2149,Furnished,North,1,7075000,West Godavari | Narsapuram
Telangana,Sangareddy,Hyderabad,Apartment,3,3,1759,Semi-Furnished,East,3,13725000,Sangareddy | Tellapur
Telangana,Kumuram Bheem Asifabad,Asifabad,Apartment,2,3,1023,Unfurnished,South-East,21,1275000,Kumuram Bheem Asifabad | Jainoor
Andhra Pradesh,West Godavari,Bhimavaram,Independent House,4,5,2082,Unfurnished,East,7,8050000,West Godavari | Tanuku
Telangana,Hanumakonda,Hanamkonda,Independent House,3,4,1804,Furnished,South-East,1,9900000,Hanumakonda | Balasamudram
Telangana,Hyderabad,Hyderabad,Independent House,2,1,1250,Unfurnished,South,1,13700000,Hyderabad | Secunderabad
Andhra Pradesh,Prakasam,Ongole,Independent Builder Floor,3,3,1170,Unfurnished,North,0,2350000,Prakasam | Santhanuthalapadu
Telangana,Medchal Malkajgiri,Hyderabad,Apartment,3,3,1513,Unfurnished,East,0,12525000,Medchal Malkajgiri | Kukatpally
Andhra Pradesh,NTR,Vijayawada,Apartment,2,2,1083,Furnished,North-East,2,7100000,NTR | Patamata
Andhra Pradesh,Kurnool,Kurnool,Apartment,2,2,1083,Semi-Furnished,North,0,2300000,Kurnool | Kodumur
Telangana,Nalgonda,Nalgonda,Villa,3,4,2312,Semi-Furnished,South-East,2,5825000,Nalgonda | Haliya
Telangana,Nalgonda,Nalgonda,Independent Builder Floor,2,2,921,Unfurnished,South,4,4325000,Nalgonda | Nalgonda Town
Telangana,Karimnagar,Karimnagar,Apartment,4,4,2813,Unfurnished,East,4,14050000,Karimnagar | Mankammathota
Andhra Pradesh,Anantapur,Anantapur,Independent House,3,3,1489,Semi-Furnished,East,6,3550000,Anantapur | Gooty
Telangana,Medchal Malkajgiri,Hyderabad,Independent Builder Floor,3,4,1454,Unfurnished,East,0,7625000,Medchal Malkajgiri | Jeedimetla
Andhra Pradesh,Krishna,Vijayawada,Independent House,2,1,1126,Semi-Furnished,South,6,4650000,Krishna | Poranki
Andhra Pradesh,Bapatla,Bapatla,Independent House,2,2,1344,Semi-Furnished,North-East,2,3050000,Bapatla | Karamchedu
Andhra Pradesh,Krishna,Machilipatnam,Independent House,2,2,1379,Unfurnished,South,10,5600000,Krishna | Machilipatnam Town
Andhra Pradesh,Anakapalli,Anakapalle,Apartment,4,4,2076,Unfurnished,South-East,0,5150000,Anakapalli | Chodavaram
Telangana,Rangareddy,Hyderabad,Apartment,3,4,1447,Semi-Furnished,West,1,19050000,Rangareddy | Financial District
Andhra Pradesh,Anantapur,Anantapur,Independent House,2,2,1002,Unfurnished,West,13,1775000,Anantapur | Gooty
Andhra Pradesh,Dr. B.R. Ambedkar Konaseema,Amalapuram,Residential Plot,0,0,3600,Not Applicable,North,0,3750000,Dr. B.R. Ambedkar Konaseema | Mummidivaram
Andhra Pradesh,Eluru,Eluru,Independent House,4,4,1658,Semi-Furnished,North-East,30,2750000,Eluru | Chintalapudi
Andhra Pradesh,Tirupati,Tirupati,Apartment,2,2,991,Unfurnished,North,0,6325000,Tirupati | Tiruchanur
Andhra Pradesh,NTR,Vijayawada,Villa,3,3,1640,Unfurnished,South-East,2,17400000,NTR | Labbipet
Telangana,Hyderabad,Hyderabad,Apartment,2,2,1088,Unfurnished,East,1,12400000,Hyderabad | Secunderabad
Telangana,Hyderabad,Hyderabad,Independent House,5,5,2269,Semi-Furnished,East,1,27025000,Hyderabad | Ameerpet
Andhra Pradesh,Sri Potti Sriramulu Nellore,Nellore,Independent House,3,4,1537,Unfurnished,East,1,7200000,Sri Potti Sriramulu Nellore | Trunk Road
Telangana,Hyderabad,Hyderabad,Residential Plot,0,0,900,Not Applicable,South,0,13350000,Hyderabad | Jubilee Hills
Andhra Pradesh,Guntur,Amaravati,Independent House,3,4,2200,Semi-Furnished,East,3,17675000,Guntur | Mangalagiri
Andhra Pradesh,NTR,Vijayawada,Residential Plot,0,0,4500,Not Applicable,East,0,16200000,NTR | Currency Nagar
Andhra Pradesh,Sri Potti Sriramulu Nellore,Nellore,Apartment,2,2,1110,Unfurnished,West,1,2825000,Sri Potti Sriramulu Nellore | Allur
Telangana,Hyderabad,Hyderabad,Villa,3,4,1643,Unfurnished,South,4,15075000,Hyderabad | Charminar
Telangana,Medchal Malkajgiri,Hyderabad,Residential Plot,0,0,2997,Not Applicable,North,0,11500000,Medchal Malkajgiri | Nagaram
Andhra Pradesh,Tirupati,Tirupati,Independent House,3,4,1621,Unfurnished,East,8,5300000,Tirupati | Gudur
Andhra Pradesh,Guntur,Guntur,Independent Builder Floor,3,3,1476,Unfurnished,North,1,5900000,Guntur | Auto Nagar
Andhra Pradesh,Vizianagaram,Vizianagaram,Apartment,3,2,1427,Unfurnished,North-East,0,3900000,Vizianagaram | Modavalasa
Andhra Pradesh,Annamayya,Madanapalle,Apartment,2,2,834,Unfurnished,South,1,3075000,Annamayya | Madanapalle Town
Telangana,Hanumakonda,Hanamkonda,Residential Plot,0,0,1800,Not Applicable,East,0,3975000,Hanumakonda | Nakkalagutta
Telangana,Nalgonda,Nalgonda,Apartment,3,3,1708,Unfurnished,East,6,3700000,Nalgonda | Chityal
Andhra Pradesh,Sri Sathya Sai,Puttaparthi,Apartment,2,1,1065,Unfurnished,South,0,2075000,Sri Sathya Sai | Bukkapatnam
Telangana,Nirmal,Nirmal,Residential Plot,0,0,1503,Not Applicable,South,0,1425000,Nirmal | Bhainsa
Andhra Pradesh,Sri Potti Sriramulu Nellore,Nellore,Residential Plot,0,0,1800,Not Applicable,East,0,4425000,Sri Potti Sriramulu Nellore | Magunta Layout
Andhra Pradesh,Nandyal,Nandyal,Independent House,2,2,1004,Semi-Furnished,North,0,3175000,Nandyal | Dhone
Andhra Pradesh,Markapuram,Markapuram,Independent House,3,2,1670,Semi-Furnished,South,27,1975000,Markapuram | Yerragondapalem
Telangana,Peddapalli,Peddapalli,Residential Plot,0,0,1620,Not Applicable,East,0,2375000,Peddapalli | Ramagundam
Telangana,Rajanna Sircilla,Sircilla,Independent House,4,3,1935,Furnished,East,13,3325000,Rajanna Sircilla | Thangallapally
Andhra Pradesh,Sri Potti Sriramulu Nellore,Nellore,Residential Plot,0,0,3600,Not Applicable,North-East,0,8125000,Sri Potti Sriramulu Nellore | Dargamitta
Andhra Pradesh,Markapuram,Markapuram,Independent House,4,4,1750,Furnished,West,8,4600000,Markapuram | Markapuram Town
Andhra Pradesh,Sri Potti Sriramulu Nellore,Nellore,Apartment,3,2,1351,Furnished,East,0,4650000,Sri Potti Sriramulu Nellore | Venkatachalam
Andhra Pradesh,Kurnool,Kurnool,Apartment,2,2,1266,Unfurnished,East,2,4000000,Kurnool | Kallur
Telangana,Medchal Malkajgiri,Hyderabad,Villa,3,3,2419,Furnished,South,12,24050000,Medchal Malkajgiri | Kukatpally
Telangana,Rangareddy,Hyderabad,Apartment,1,1,509,Semi-Furnished,North-East,1,3900000,Rangareddy | Adibatla
Andhra Pradesh,Kakinada,Kakinada,Independent House,5,5,2495,Furnished,East,1,11425000,Kakinada | Turangi
Andhra Pradesh,Chittoor,Chittoor,Residential Plot,0,0,1350,Not Applicable,North,0,2650000,Chittoor | Chittoor Town
Andhra Pradesh,Guntur,Guntur,Villa,4,3,2560,Unfurnished,North,11,18900000,Guntur | Lakshmipuram
Andhra Pradesh,NTR,Vijayawada,Independent House,4,4,2212,Unfurnished,North-East,5,8750000,NTR | Nandigama
Telangana,Siddipet,Siddipet,Residential Plot,0,0,1800,Not Applicable,East,0,3175000,Siddipet | Gajwel
Telangana,Khammam,Khammam,Apartment,3,2,1623,Unfurnished,East,7,5275000,Khammam | Madhira
Andhra Pradesh,YSR Kadapa,Kadapa,Independent Builder Floor,2,2,904,Unfurnished,West,0,1800000,YSR Kadapa | Yerraguntla
Telangana,Medchal Malkajgiri,Hyderabad,Independent House,3,3,1489,Unfurnished,North,1,15325000,Medchal Malkajgiri | Kukatpally
Andhra Pradesh,Kakinada,Kakinada,Apartment,2,2,1022,Unfurnished,North,0,6100000,Kakinada | Bhanugudi Junction
Telangana,Nalgonda,Nalgonda,Independent Builder Floor,3,2,1400,Unfurnished,East,0,3425000,Nalgonda | Nagarjuna Sagar
Andhra Pradesh,Guntur,Guntur,Apartment,1,2,459,Unfurnished,West,0,1925000,Guntur | Tenali
Andhra Pradesh,Bapatla,Bapatla,Apartment,3,2,1295,Unfurnished,East,0,2575000,Bapatla | Addanki
Andhra Pradesh,Visakhapatnam,Visakhapatnam,Apartment,3,3,1295,Semi-Furnished,North-East,2,12850000,Visakhapatnam | MVP Colony
Telangana,Rangareddy,Hyderabad,Independent House,3,4,1723,Unfurnished,West,1,17925000,Rangareddy | Manikonda
Andhra Pradesh,Krishna,Machilipatnam,Apartment,2,2,990,Unfurnished,South,0,4225000,Krishna | Machilipatnam Town
Andhra Pradesh,Krishna,Vijayawada,Villa,4,4,2652,Semi-Furnished,South,5,15150000,Krishna | Kanuru
Telangana,Kamareddy,Kamareddy,Villa,4,4,2525,Unfurnished,North-East,9,6225000,Kamareddy | Banswada
Telangana,Kumuram Bheem Asifabad,Asifabad,Apartment,2,1,1125,Unfurnished,North-East,3,2300000,Kumuram Bheem Asifabad | Kagaznagar
Andhra Pradesh,Sri Potti Sriramulu Nellore,Nellore,Apartment,1,1,415,Unfurnished,West,16,900000,Sri Potti Sriramulu Nellore | Buchireddypalem
Telangana,Medchal Malkajgiri,Hyderabad,Independent House,4,4,1758,Semi-Furnished,North,9,15825000,Medchal Malkajgiri | KPHB
Telangana,Suryapet,Suryapet,Residential Plot,0,0,3600,Not Applicable,North-East,0,3325000,Suryapet | Huzurnagar
Telangana,Hyderabad,Hyderabad,Residential Plot,0,0,1620,Not Applicable,South,0,6700000,Hyderabad | Charminar
Andhra Pradesh,NTR,Vijayawada,Apartment,4,4,2508,Unfurnished,South,3,14325000,NTR | Bhavanipuram
Andhra Pradesh,YSR Kadapa,Kadapa,Apartment,2,2,830,Unfurnished,South,0,1625000,YSR Kadapa | Vempalle
Telangana,Medchal Malkajgiri,Hyderabad,Residential Plot,0,0,2160,Not Applicable,East,0,17525000,Medchal Malkajgiri | KPHB
Andhra Pradesh,Tirupati,Tirupati,Residential Plot,0,0,2403,Not Applicable,West,0,4775000,Tirupati | Renigunta
Andhra Pradesh,Anantapur,Anantapur,Residential Plot,0,0,900,Not Applicable,North,0,1575000,Anantapur | Gandhi Nagar
Andhra Pradesh,Palnadu,Narasaraopet,Independent House,2,3,1093,Semi-Furnished,North,11,3225000,Palnadu | Sattenapalle
Andhra Pradesh,Sri Potti Sriramulu Nellore,Nellore,Independent House,4,3,1979,Unfurnished,East,0,8600000,Sri Potti Sriramulu Nellore | Trunk Road
Andhra Pradesh,Palnadu,Narasaraopet,Residential Plot,0,0,2160,Not Applicable,West,0,2750000,Palnadu | Sattenapalle
Andhra Pradesh,YSR Kadapa,Kadapa,Villa,3,3,2346,Unfurnished,North-East,0,12950000,YSR Kadapa | Ravindra Nagar
Telangana,Rangareddy,Hyderabad,Independent Builder Floor,2,2,1076,Unfurnished,North,0,5950000,Rangareddy | Tukkuguda
Telangana,Jayashankar Bhupalpally,Bhupalpally,Independent House,4,5,1845,Semi-Furnished,East,19,2475000,Jayashankar Bhupalpally | Mahadevpur
Telangana,Medchal Malkajgiri,Hyderabad,Apartment,4,4,2160,Unfurnished,South,11,16550000,Medchal Malkajgiri | KPHB
Andhra Pradesh,Nandyal,Nandyal,Independent House,6,6,3213,Unfurnished,East,5,8350000,Nandyal | Nandyal Town
Andhra Pradesh,Krishna,Machilipatnam,Independent House,3,4,1728,Semi-Furnished,East,11,6725000,Krishna | Machilipatnam Town
Andhra Pradesh,Guntur,Amaravati,Independent House,5,5,2506,Semi-Furnished,North,3,15650000,Guntur | Mangalagiri
Andhra Pradesh,Eluru,Eluru,Independent Builder Floor,3,2,1469,Unfurnished,East,3,4975000,Eluru | Eluru Town
Andhra Pradesh,Krishna,Vijayawada,Apartment,3,3,1451,Furnished,South-East,1,8575000,Krishna | Tadigadapa
Andhra Pradesh,Sri Potti Sriramulu Nellore,Nellore,Independent House,5,6,2350,Unfurnished,East,6,10650000,Sri Potti Sriramulu Nellore | Vedayapalem
Telangana,Hyderabad,Hyderabad,Apartment,3,3,1122,Unfurnished,East,0,12100000,Hyderabad | Tarnaka
Andhra Pradesh,Anantapur,Anantapur,Villa,4,4,2324,Unfurnished,South-East,22,8100000,Anantapur | Rudrampeta
Andhra Pradesh,Annamayya,Madanapalle,Independent House,5,5,2779,Unfurnished,East,10,4350000,Annamayya | Chitvel
Telangana,Nagarkurnool,Nagarkurnool,Residential Plot,0,0,2997,Not Applicable,North,0,3150000,Nagarkurnool | Kalwakurthy
Telangana,Medchal Malkajgiri,Hyderabad,Apartment,2,1,1058,Unfurnished,West,1,7600000,Medchal Malkajgiri | Quthbullapur
Telangana,Medak,Medak,Independent Builder Floor,3,2,1324,Unfurnished,South-East,0,2850000,Medak | Toopran
Telangana,Nalgonda,Nalgonda,Apartment,3,2,1538,Unfurnished,South,0,5500000,Nalgonda | Nalgonda Town
Telangana,Nizamabad,Nizamabad,Apartment,4,5,2378,Unfurnished,West,1,7900000,Nizamabad | Bodhan
Telangana,Kumuram Bheem Asifabad,Asifabad,Residential Plot,0,0,1620,Not Applicable,South,0,1075000,Kumuram Bheem Asifabad | Wankidi
Telangana,Rangareddy,Hyderabad,Apartment,3,3,1642,Unfurnished,East,9,13425000,Rangareddy | LB Nagar
Andhra Pradesh,Guntur,Amaravati,Residential Plot,0,0,1998,Not Applicable,East,0,6800000,Guntur | Mangalagiri
Telangana,Mahabubnagar,Mahabubnagar,Independent Builder Floor,2,2,1129,Semi-Furnished,West,5,2225000,Mahabubnagar | Devarakadra
Andhra Pradesh,Guntur,Guntur,Apartment,3,3,1252,Unfurnished,East,0,5400000,Guntur | Tenali
Andhra Pradesh,Anantapur,Anantapur,Independent House,4,3,2174,Unfurnished,East,11,3000000,Anantapur | Singanamala
Andhra Pradesh,Anakapalli,Anakapalle,Apartment,3,2,1696,Unfurnished,South-East,2,3975000,Anakapalli | Rambilli
Telangana,Rangareddy,Hyderabad,Independent House,3,2,1379,Furnished,North-East,12,20475000,Rangareddy | Gachibowli
Telangana,Peddapalli,Peddapalli,Independent House,5,4,2418,Furnished,East,7,4975000,Peddapalli | Sultanabad
Telangana,Rangareddy,Hyderabad,Residential Plot,0,0,1503,Not Applicable,North,0,6325000,Rangareddy | Adibatla
Andhra Pradesh,Palnadu,Narasaraopet,Independent House,3,3,1555,Furnished,East,0,5075000,Palnadu | Chilakaluripet
Telangana,Yadadri Bhuvanagiri,Bhongir,Independent House,2,2,1008,Unfurnished,North-East,5,2950000,Yadadri Bhuvanagiri | Pochampally
Andhra Pradesh,Polavaram,Rampachodavaram,Independent House,4,5,2230,Unfurnished,North,2,2350000,Polavaram | Kunavaram
Andhra Pradesh,Krishna,Machilipatnam,Apartment,4,3,1926,Unfurnished,West,0,7525000,Krishna | Machilipatnam Town
Telangana,Mulugu,Mulugu,Residential Plot,0,0,1197,Not Applicable,East,0,1575000,Mulugu | Mulugu Town
Andhra Pradesh,Anakapalli,Anakapalle,Independent House,4,5,2202,Unfurnished,North,2,8225000,Anakapalli | Sabbavaram
Telangana,Suryapet,Suryapet,Independent House,3,4,1890,Unfurnished,North,14,4525000,Suryapet | Huzurnagar
Andhra Pradesh,Kakinada,Kakinada,Apartment,2,3,1094,Semi-Furnished,North,1,6875000,Kakinada | Jagannaickpur
Telangana,Hyderabad,Hyderabad,Independent House,2,1,1201,Unfurnished,North,2,18525000,Hyderabad | Banjara Hills
Telangana,Rangareddy,Hyderabad,Residential Plot,0,0,900,Not Applicable,South,0,7075000,Rangareddy | Narsingi
Telangana,Hanumakonda,Hanamkonda,Residential Plot,0,0,4500,Not Applicable,North-East,0,11300000,Hanumakonda | Nakkalagutta
Andhra Pradesh,Parvathipuram Manyam,Parvathipuram,Residential Plot,0,0,2403,Not Applicable,North-East,0,4150000,Parvathipuram Manyam | Parvathipuram Town
Telangana,Hyderabad,Hyderabad,Apartment,2,1,1051,Furnished,East,1,9775000,Hyderabad | Habsiguda
Andhra Pradesh,Tirupati,Tirupati,Apartment,3,3,1865,Unfurnished,North,0,12775000,Tirupati | K.T. Road
Andhra Pradesh,Palnadu,Narasaraopet,Residential Plot,0,0,1197,Not Applicable,West,0,1525000,Palnadu | Chilakaluripet
Andhra Pradesh,Kakinada,Kakinada,Apartment,3,2,1276,Unfurnished,West,0,5200000,Kakinada | Vidyut Nagar
Telangana,Sangareddy,Hyderabad,Independent House,3,3,1891,Unfurnished,North-East,5,14175000,Sangareddy | Beeramguda
Telangana,Mahabubnagar,Mahabubnagar,Villa,4,4,2374,Furnished,South,1,14575000,Mahabubnagar | Mahabubnagar Town
Telangana,Nalgonda,Nalgonda,Apartment,2,3,1082,Unfurnished,South-East,0,4075000,Nalgonda | Nalgonda Town
Andhra Pradesh,Vizianagaram,Vizianagaram,Independent House,4,4,2501,Unfurnished,East,3,8000000,Vizianagaram | Bobbili
Telangana,Siddipet,Siddipet,Apartment,3,2,1787,Semi-Furnished,East,9,7275000,Siddipet | Gajwel
Andhra Pradesh,Vizianagaram,Vizianagaram,Independent Builder Floor,2,1,797,Furnished,East,6,2825000,Vizianagaram | Bhogapuram
Andhra Pradesh,Chittoor,Chittoor,Independent House,4,4,2392,Semi-Furnished,East,4,6450000,Chittoor | Kuppam
Andhra Pradesh,Tirupati,Tirupati,Apartment,3,3,1765,Unfurnished,East,0,7450000,Tirupati | Srikalahasti
Telangana,Jangaon,Jangaon,Independent House,5,4,2449,Unfurnished,South,9,3275000,Jangaon | Zaffergadh
Andhra Pradesh,NTR,Vijayawada,Residential Plot,0,0,1503,Not Applicable,North,0,3450000,NTR | Bhavanipuram
Telangana,Nagarkurnool,Nagarkurnool,Independent House,3,3,1338,Semi-Furnished,East,1,2375000,Nagarkurnool | Lingal
Telangana,Hyderabad,Hyderabad,Apartment,3,3,1277,Semi-Furnished,South-East,4,13825000,Hyderabad | Secunderabad
Telangana,Hyderabad,Hyderabad,Villa,4,4,2944,Furnished,North,23,31600000,Hyderabad | Secunderabad
Andhra Pradesh,Bapatla,Bapatla,Independent House,2,2,1193,Semi-Furnished,North-East,7,2525000,Bapatla | Martur
Telangana,Medchal Malkajgiri,Hyderabad,Independent House,5,6,2408,Unfurnished,North-East,0,11975000,Medchal Malkajgiri | Medchal
Telangana,Yadadri Bhuvanagiri,Bhongir,Independent House,5,5,2405,Semi-Furnished,North,14,8975000,Yadadri Bhuvanagiri | Bhongir Town
Telangana,Jangaon,Jangaon,Independent House,3,3,1818,Unfurnished,North,19,2850000,Jangaon | Station Ghanpur
Telangana,Hyderabad,Hyderabad,Apartment,3,2,1401,Furnished,West,1,18375000,Hyderabad | Banjara Hills
Telangana,Hyderabad,Hyderabad,Apartment,4,5,2188,Unfurnished,North,3,19450000,Hyderabad | Habsiguda
Andhra Pradesh,Sri Potti Sriramulu Nellore,Nellore,Residential Plot,0,0,1503,Not Applicable,East,0,2475000,Sri Potti Sriramulu Nellore | Kavali
Telangana,Hyderabad,Hyderabad,Apartment,2,2,926,Unfurnished,South,0,6925000,Hyderabad | Ameerpet
Andhra Pradesh,Bapatla,Bapatla,Apartment,2,2,1306,Unfurnished,North-East,3,2850000,Bapatla | Addanki
Telangana,Vikarabad,Vikarabad,Independent House,4,3,2111,Semi-Furnished,East,1,8575000,Vikarabad | Tandur
Telangana,Hyderabad,Hyderabad,Independent Builder Floor,2,1,988,Unfurnished,North-East,0,12000000,Hyderabad | Begumpet
Telangana,Wanaparthy,Wanaparthy,Independent House,4,4,2187,Semi-Furnished,East,0,7300000,Wanaparthy | Wanaparthy Town
Andhra Pradesh,Sri Potti Sriramulu Nellore,Nellore,Residential Plot,0,0,1800,Not Applicable,East,0,2975000,Sri Potti Sriramulu Nellore | Kavali
Andhra Pradesh,East Godavari,Rajahmundry,Independent House,4,5,1947,Unfurnished,South,30,7050000,East Godavari | Morampudi
Telangana,Hyderabad,Hyderabad,Apartment,3,4,1789,Semi-Furnished,South,1,13125000,Hyderabad | Musheerabad
Telangana,Mulugu,Mulugu,Apartment,4,4,2413,Unfurnished,South,9,3300000,Mulugu | Wazeedu
Andhra Pradesh,NTR,Vijayawada,Apartment,2,3,919,Unfurnished,North,0,3900000,NTR | Ibrahimpatnam
Andhra Pradesh,Tirupati,Tirupati,Independent House,4,3,2308,Unfurnished,West,1,7850000,Tirupati | Sullurpeta
Andhra Pradesh,Sri Potti Sriramulu Nellore,Nellore,Apartment,3,3,1151,Semi-Furnished,East,5,3350000,Sri Potti Sriramulu Nellore | Atmakur
Andhra Pradesh,Prakasam,Ongole,Residential Plot,0,0,2160,Not Applicable,North,0,1700000,Prakasam | Santhanuthalapadu
Andhra Pradesh,Alluri Sitharama Raju,Paderu,Independent House,2,1,1192,Unfurnished,West,1,3875000,Alluri Sitharama Raju | Araku Valley
Andhra Pradesh,Srikakulam,Srikakulam,Independent House,3,3,1737,Semi-Furnished,North,17,5800000,Srikakulam | Arasavalli
Telangana,Warangal,Warangal,Apartment,2,3,1091,Unfurnished,North-East,0,4350000,Warangal | Mattewada
Andhra Pradesh,Parvathipuram Manyam,Parvathipuram,Residential Plot,0,0,900,Not Applicable,East,0,1275000,Parvathipuram Manyam | Parvathipuram Town
Andhra Pradesh,Guntur,Guntur,Independent House,3,3,1756,Semi-Furnished,North,0,8175000,Guntur | Tenali
Andhra Pradesh,West Godavari,Bhimavaram,Apartment,2,2,1073,Unfurnished,West,0,3100000,West Godavari | Tanuku
Telangana,Khammam,Khammam,Independent House,3,3,1726,Unfurnished,North-East,8,8650000,Khammam | Mamillagudem
Andhra Pradesh,Palnadu,Narasaraopet,Independent House,3,3,1419,Semi-Furnished,North,3,4800000,Palnadu | Narasaraopet Town
Andhra Pradesh,Kurnool,Kurnool,Apartment,2,3,946,Unfurnished,South-East,0,3525000,Kurnool | Balaji Nagar
Andhra Pradesh,Visakhapatnam,Visakhapatnam,Residential Plot,0,0,2700,Not Applicable,North,0,7425000,Visakhapatnam | Kommadi
Telangana,Medchal Malkajgiri,Hyderabad,Apartment,2,1,991,Unfurnished,East,0,9525000,Medchal Malkajgiri | KPHB
Andhra Pradesh,Kakinada,Kakinada,Apartment,2,2,1030,Semi-Furnished,East,7,5925000,Kakinada | Ramanayapeta
Andhra Pradesh,Annamayya,Madanapalle,Independent House,3,3,1677,Unfurnished,South,29,1775000,Annamayya | Kalakada
Andhra Pradesh,Kakinada,Kakinada,Independent House,2,1,1634,Semi-Furnished,East,14,4525000,Kakinada | Samalkot
Telangana,Jangaon,Jangaon,Independent House,3,4,1804,Unfurnished,East,2,2525000,Jangaon | Palakurthi
Telangana,Rangareddy,Hyderabad,Apartment,4,5,1900,Unfurnished,East,0,8275000,Rangareddy | Ibrahimpatnam
Andhra Pradesh,Nandyal,Nandyal,Independent Builder Floor,3,2,942,Semi-Furnished,East,30,1375000,Nandyal | Panyam
Andhra Pradesh,Vizianagaram,Vizianagaram,Apartment,3,3,1788,Unfurnished,North,0,8900000,Vizianagaram | Vizianagaram Town
Andhra Pradesh,Eluru,Eluru,Independent House,3,2,2034,Semi-Furnished,North,8,4650000,Eluru | Chintalapudi
Telangana,Bhadradri Kothagudem,Kothagudem,Apartment,2,1,1182,Semi-Furnished,East,0,2675000,Bhadradri Kothagudem | Manuguru
Andhra Pradesh,YSR Kadapa,Kadapa,Independent House,4,3,2232,Semi-Furnished,North,0,7100000,YSR Kadapa | Proddatur
Andhra Pradesh,Visakhapatnam,Visakhapatnam,Independent Builder Floor,2,2,1037,Unfurnished,North-East,0,7350000,Visakhapatnam | Yendada
Andhra Pradesh,Prakasam,Ongole,Apartment,3,3,1714,Unfurnished,South,0,5700000,Prakasam | Ongole Trunk Road
Telangana,Medchal Malkajgiri,Hyderabad,Independent House,5,5,2508,Furnished,West,17,17075000,Medchal Malkajgiri | Kukatpally
Telangana,Nagarkurnool,Nagarkurnool,Independent House,3,3,1471,Semi-Furnished,North-East,2,2875000,Nagarkurnool | Kalwakurthy
Telangana,Nirmal,Nirmal,Independent House,3,3,1356,Unfurnished,North-East,4,2600000,Nirmal | Mudhole
Telangana,Hyderabad,Hyderabad,Apartment,2,2,1107,Unfurnished,North-East,4,12550000,Hyderabad | Yousufguda
Andhra Pradesh,Bapatla,Bapatla,Apartment,2,2,1147,Unfurnished,North,20,2125000,Bapatla | Martur
Andhra Pradesh,Parvathipuram Manyam,Parvathipuram,Apartment,3,3,1288,Unfurnished,South,25,1300000,Parvathipuram Manyam | Gummalakshmipuram
Telangana,Nalgonda,Nalgonda,Independent House,3,3,1474,Semi-Furnished,South-East,5,2700000,Nalgonda | Haliya
Telangana,Medchal Malkajgiri,Hyderabad,Apartment,3,3,1648,Furnished,South-East,0,12675000,Medchal Malkajgiri | Kukatpally
Telangana,Rangareddy,Hyderabad,Apartment,2,2,890,Unfurnished,East,0,10950000,Rangareddy | Gachibowli
Telangana,Suryapet,Suryapet,Apartment,3,2,1808,Unfurnished,East,0,5175000,Suryapet | Kodad
Telangana,Hyderabad,Hyderabad,Apartment,2,2,1108,Unfurnished,East,0,13025000,Hyderabad | Banjara Hills
Telangana,Yadadri Bhuvanagiri,Bhongir,Apartment,2,1,908,Unfurnished,South,0,3150000,Yadadri Bhuvanagiri | Bibinagar
Andhra Pradesh,Polavaram,Rampachodavaram,Independent Builder Floor,3,3,1498,Unfurnished,North,11,2500000,Polavaram | Chintur
Telangana,Medak,Medak,Residential Plot,0,0,2160,Not Applicable,West,0,1175000,Medak | Papannapet
Telangana,Sangareddy,Sangareddy,Residential Plot,0,0,1620,Not Applicable,North-East,0,5375000,Sangareddy | Sangareddy Town
Andhra Pradesh,Srikakulam,Srikakulam,Residential Plot,0,0,1197,Not Applicable,North,0,1750000,Srikakulam | Amadalavalasa
Andhra Pradesh,Visakhapatnam,Visakhapatnam,Villa,3,3,1854,Semi-Furnished,East,8,22650000,Visakhapatnam | Lawsons Bay Colony
Andhra Pradesh,Tirupati,Tirupati,Apartment,4,3,2423,Unfurnished,West,0,10900000,Tirupati | Srikalahasti
Telangana,Warangal,Warangal,Independent House,4,3,2377,Semi-Furnished,North,13,5800000,Warangal | Narsampet
Andhra Pradesh,Kurnool,Kurnool,Independent House,2,2,1309,Unfurnished,East,10,2775000,Kurnool | Mantralayam
Telangana,Medchal Malkajgiri,Hyderabad,Independent House,3,3,2032,Semi-Furnished,North,2,14325000,Medchal Malkajgiri | Alwal
Telangana,Khammam,Khammam,Independent House,3,4,1673,Unfurnished,East,5,7575000,Khammam | Wyra Road
Telangana,Khammam,Khammam,Independent House,4,4,1627,Unfurnished,North-East,5,6875000,Khammam | Wyra Road
Andhra Pradesh,Visakhapatnam,Visakhapatnam,Independent House,5,4,2394,Semi-Furnished,West,0,8500000,Visakhapatnam | Gopalapatnam
Andhra Pradesh,West Godavari,Bhimavaram,Residential Plot,0,0,1197,Not Applicable,North-East,0,1825000,West Godavari | Tanuku
Andhra Pradesh,Tirupati,Tirupati,Residential Plot,0,0,900,Not Applicable,West,0,925000,Tirupati | Venkatagiri
Telangana,Jangaon,Jangaon,Residential Plot,0,0,900,Not Applicable,South,0,1575000,Jangaon | Jangaon Town
Andhra Pradesh,NTR,Vijayawada,Apartment,2,2,1166,Unfurnished,East,0,5125000,NTR | Mylavaram
Telangana,Khammam,Khammam,Residential Plot,0,0,1800,Not Applicable,South,0,3575000,Khammam | Mamillagudem
Telangana,Khammam,Khammam,Apartment,2,2,1048,Unfurnished,East,0,3250000,Khammam | Madhira
Andhra Pradesh,Tirupati,Tirupati,Villa,3,3,2376,Semi-Furnished,North-East,4,17000000,Tirupati | Tiruchanur
Telangana,Jagtial,Jagtial,Apartment,2,3,926,Unfurnished,North-East,0,1500000,Jagtial | Mallial
Andhra Pradesh,NTR,Vijayawada,Apartment,3,3,1434,Unfurnished,North-East,5,11650000,NTR | Governorpet
Telangana,Medak,Medak,Residential Plot,0,0,4500,Not Applicable,West,0,4650000,Medak | Narsapur
Telangana,Hyderabad,Hyderabad,Apartment,3,3,1187,Unfurnished,West,0,9225000,Hyderabad | Habsiguda
Andhra Pradesh,Eluru,Eluru,Villa,3,2,1936,Semi-Furnished,East,1,10275000,Eluru | Eluru Town
Andhra Pradesh,Guntur,Guntur,Apartment,2,2,1056,Unfurnished,North-East,0,4475000,Guntur | Vidya Nagar
Telangana,Suryapet,Suryapet,Apartment,4,4,1628,Semi-Furnished,North-East,1,4100000,Suryapet | Huzurnagar
Andhra Pradesh,YSR Kadapa,Kadapa,Villa,5,5,3551,Unfurnished,East,13,9175000,YSR Kadapa | Vontimitta
Telangana,Hyderabad,Hyderabad,Independent House,3,4,1613,Furnished,East,2,16700000,Hyderabad | Ameerpet
Andhra Pradesh,Tirupati,Tirupati,Independent House,4,4,2246,Furnished,East,6,8525000,Tirupati | Chandragiri
Telangana,Hanumakonda,Hanamkonda,Independent Builder Floor,3,4,1587,Unfurnished,North-East,0,5150000,Hanumakonda | Parkal
Andhra Pradesh,Annamayya,Madanapalle,Residential Plot,0,0,1998,Not Applicable,East,0,1700000,Annamayya | Pileru
Andhra Pradesh,Srikakulam,Srikakulam,Independent House,2,1,1029,Semi-Furnished,North-East,9,2600000,Srikakulam | Etcherla
Telangana,Karimnagar,Karimnagar,Independent House,2,3,1038,Unfurnished,South,8,4200000,Karimnagar | Jyothinagar
Andhra Pradesh,Guntur,Guntur,Residential Plot,0,0,3600,Not Applicable,South,0,6525000,Guntur | Tenali
Andhra Pradesh,Krishna,Machilipatnam,Independent Builder Floor,2,2,1051,Semi-Furnished,East,0,3650000,Krishna | Unguturu
Andhra Pradesh,Visakhapatnam,Visakhapatnam,Residential Plot,0,0,1620,Not Applicable,South,0,6100000,Visakhapatnam | Yendada
Andhra Pradesh,Prakasam,Ongole,Independent Builder Floor,2,1,1066,Unfurnished,East,0,1775000,Prakasam | Santhanuthalapadu
Telangana,Rajanna Sircilla,Sircilla,Residential Plot,0,0,2997,Not Applicable,South,0,5025000,Rajanna Sircilla | Sircilla Town
Andhra Pradesh,East Godavari,Rajahmundry,Residential Plot,0,0,1998,Not Applicable,North,0,3325000,East Godavari | Anaparthi
Andhra Pradesh,Sri Sathya Sai,Puttaparthi,Apartment,3,3,1277,Semi-Furnished,South,5,2700000,Sri Sathya Sai | Gorantla
Andhra Pradesh,Anakapalli,Anakapalle,Apartment,3,4,1172,Unfurnished,North,0,5325000,Anakapalli | Parawada
Telangana,Mahabubabad,Mahabubabad,Independent House,4,5,2079,Semi-Furnished,North,2,7350000,Mahabubabad | Mahabubabad Town
Telangana,Hyderabad,Hyderabad,Residential Plot,0,0,1800,Not Applicable,South-East,0,12975000,Hyderabad | Ameerpet
Andhra Pradesh,Kakinada,Kakinada,Apartment,2,2,1172,Semi-Furnished,East,1,5575000,Kakinada | Madhavapatnam
Telangana,Karimnagar,Karimnagar,Independent Builder Floor,3,3,1435,Unfurnished,North-East,0,4675000,Karimnagar | Chaitanyapuri
Telangana,Hyderabad,Hyderabad,Apartment,3,2,1244,Unfurnished,East,0,11375000,Hyderabad | Secunderabad
Telangana,Mulugu,Mulugu,Independent House,5,4,2464,Semi-Furnished,South,6,2475000,Mulugu | Wazeedu
Andhra Pradesh,Dr. B.R. Ambedkar Konaseema,Amalapuram,Apartment,2,3,1041,Unfurnished,East,0,1675000,Dr. B.R. Ambedkar Konaseema | Ainavilli
Andhra Pradesh,West Godavari,Bhimavaram,Residential Plot,0,0,1197,Not Applicable,North,0,1300000,West Godavari | Penugonda
Telangana,Rajanna Sircilla,Sircilla,Independent House,3,3,1902,Unfurnished,East,4,7300000,Rajanna Sircilla | Sircilla Town
Andhra Pradesh,Kakinada,Kakinada,Residential Plot,0,0,1998,Not Applicable,East,0,2800000,Kakinada | Peddapuram
Andhra Pradesh,Alluri Sitharama Raju,Paderu,Residential Plot,0,0,1197,Not Applicable,West,0,575000,Alluri Sitharama Raju | G. Madugula
Andhra Pradesh,Anantapur,Anantapur,Villa,3,4,1711,Furnished,South,2,4225000,Anantapur | Kalyandurg
Andhra Pradesh,Markapuram,Markapuram,Apartment,3,3,1478,Unfurnished,East,0,2550000,Markapuram | Yerragondapalem
Andhra Pradesh,Visakhapatnam,Visakhapatnam,Apartment,2,3,1111,Unfurnished,North,0,4800000,Visakhapatnam | Kurmannapalem
Andhra Pradesh,NTR,Vijayawada,Residential Plot,0,0,1620,Not Applicable,North-East,0,4975000,NTR | Currency Nagar
Telangana,Jayashankar Bhupalpally,Bhupalpally,Residential Plot,0,0,2997,Not Applicable,West,0,1375000,Jayashankar Bhupalpally | Palimela
Telangana,Medchal Malkajgiri,Hyderabad,Independent House,3,4,1523,Furnished,East,10,11950000,Medchal Malkajgiri | Nizampet
Andhra Pradesh,Prakasam,Ongole,Apartment,3,3,1537,Unfurnished,East,1,3525000,Prakasam | Santhanuthalapadu
Telangana,Nizamabad,Nizamabad,Independent House,3,3,1611,Unfurnished,East,6,6350000,Nizamabad | Vinayak Nagar
Telangana,Mancherial,Mancherial,Apartment,3,3,980,Unfurnished,West,5,3600000,Mancherial | Mancherial Town
Andhra Pradesh,Nandyal,Nandyal,Independent House,4,5,1860,Unfurnished,North,1,2900000,Nandyal | Atmakur
Andhra Pradesh,Srikakulam,Srikakulam,Villa,4,4,2416,Semi-Furnished,North-East,0,10975000,Srikakulam | Arasavalli
Telangana,Bhadradri Kothagudem,Kothagudem,Independent House,3,3,1836,Semi-Furnished,North-East,0,5025000,Bhadradri Kothagudem | Yellandu
Andhra Pradesh,Guntur,Guntur,Independent House,4,3,1954,Unfurnished,West,14,4800000,Guntur | Prathipadu
Andhra Pradesh,Visakhapatnam,Visakhapatnam,Apartment,3,3,1600,Unfurnished,North,1,6225000,Visakhapatnam | Thagarapuvalasa
Andhra Pradesh,Guntur,Guntur,Apartment,4,4,2260,Unfurnished,East,1,13425000,Guntur | Lakshmipuram
Telangana,Adilabad,Adilabad,Independent House,5,5,2865,Unfurnished,East,5,5225000,Adilabad | Talamadugu
Telangana,Medchal Malkajgiri,Hyderabad,Independent House,4,3,1994,Furnished,South,25,12975000,Medchal Malkajgiri | Pragathi Nagar
Andhra Pradesh,Bapatla,Bapatla,Residential Plot,0,0,2997,Not Applicable,North-East,0,2850000,Bapatla | Addanki
Telangana,Jogulamba Gadwal,Gadwal,Residential Plot,0,0,1350,Not Applicable,East,0,825000,Jogulamba Gadwal | Ieeja
Telangana,Khammam,Khammam,Independent House,3,4,1559,Semi-Furnished,East,3,4400000,Khammam | Yerrupalem
Andhra Pradesh,Kurnool,Kurnool,Residential Plot,0,0,1998,Not Applicable,West,0,3100000,Kurnool | Venkataramana Colony
Andhra Pradesh,Anakapalli,Anakapalle,Residential Plot,0,0,1350,Not Applicable,South,0,1250000,Anakapalli | Payakaraopeta
Andhra Pradesh,Visakhapatnam,Visakhapatnam,Apartment,3,3,1632,Furnished,East,3,10575000,Visakhapatnam | Madhurawada
Andhra Pradesh,Dr. B.R. Ambedkar Konaseema,Amalapuram,Independent House,6,6,2733,Unfurnished,North-East,1,7750000,Dr. B.R. Ambedkar Konaseema | Kothapeta
Telangana,Warangal,Warangal,Independent Builder Floor,2,3,1159,Semi-Furnished,South,0,4925000,Warangal | Mattewada
Telangana,Medchal Malkajgiri,Hyderabad,Apartment,2,2,847,Unfurnished,South-East,0,5125000,Medchal Malkajgiri | Quthbullapur
Andhra Pradesh,Tirupati,Tirupati,Apartment,3,3,1416,Furnished,North,0,9800000,Tirupati | Bairagipatteda
Andhra Pradesh,Guntur,Guntur,Independent House,2,3,1310,Furnished,North-East,19,5800000,Guntur | Kothapet
Telangana,Mahabubabad,Mahabubabad,Residential Plot,0,0,2160,Not Applicable,East,0,1400000,Mahabubabad | Narsimhulapet
Andhra Pradesh,YSR Kadapa,Kadapa,Independent House,4,5,2141,Semi-Furnished,South,2,4050000,YSR Kadapa | Kamalapuram
Andhra Pradesh,Sri Sathya Sai,Puttaparthi,Independent House,5,5,2875,Unfurnished,East,30,3950000,Sri Sathya Sai | Gorantla
Andhra Pradesh,Markapuram,Markapuram,Apartment,2,2,1120,Unfurnished,East,7,2350000,Markapuram | Giddalur
Telangana,Yadadri Bhuvanagiri,Bhongir,Independent House,5,5,2863,Semi-Furnished,East,30,5675000,Yadadri Bhuvanagiri | Pochampally
Telangana,Yadadri Bhuvanagiri,Bhongir,Independent Builder Floor,2,2,961,Unfurnished,East,6,1900000,Yadadri Bhuvanagiri | Valigonda
Telangana,Jayashankar Bhupalpally,Bhupalpally,Independent House,3,2,1883,Unfurnished,North,16,2400000,Jayashankar Bhupalpally | Palimela
Telangana,Hyderabad,Hyderabad,Villa,3,4,1500,Semi-Furnished,West,3,18925000,Hyderabad | Mehdipatnam
Andhra Pradesh,Parvathipuram Manyam,Parvathipuram,Residential Plot,0,0,2403,Not Applicable,North,0,1700000,Parvathipuram Manyam | Veeraghattam
Andhra Pradesh,Anakapalli,Anakapalle,Apartment,3,4,1248,Unfurnished,South,3,4450000,Anakapalli | Parawada
Telangana,Nalgonda,Nalgonda,Apartment,3,4,1505,Semi-Furnished,North-East,1,3225000,Nalgonda | Chityal
Telangana,Mahabubnagar,Mahabubnagar,Residential Plot,0,0,2160,Not Applicable,East,0,1800000,Mahabubnagar | Hanwada
Telangana,Khammam,Khammam,Apartment,2,1,1200,Unfurnished,West,1,2725000,Khammam | Yerrupalem
Telangana,Rangareddy,Hyderabad,Independent House,5,6,3141,Semi-Furnished,North-East,1,34925000,Rangareddy | Narsingi
Telangana,Suryapet,Suryapet,Residential Plot,0,0,1800,Not Applicable,East,0,2925000,Suryapet | Suryapet Town
Andhra Pradesh,Prakasam,Ongole,Residential Plot,0,0,2160,Not Applicable,East,0,1850000,Prakasam | Podili
Telangana,Medchal Malkajgiri,Hyderabad,Villa,3,3,2400,Semi-Furnished,North,1,22800000,Medchal Malkajgiri | Kompally
Telangana,Sangareddy,Hyderabad,Independent Builder Floor,3,3,1280,Unfurnished,North,0,6950000,Sangareddy | Patancheru
Andhra Pradesh,Sri Potti Sriramulu Nellore,Nellore,Residential Plot,0,0,1503,Not Applicable,East,0,4775000,Sri Potti Sriramulu Nellore | Stonehousepeta
Telangana,Hyderabad,Hyderabad,Apartment,2,2,1142,Semi-Furnished,South,1,16000000,Hyderabad | Jubilee Hills
Telangana,Rajanna Sircilla,Sircilla,Apartment,3,3,1485,Semi-Furnished,South,0,5200000,Rajanna Sircilla | Sircilla Town
Andhra Pradesh,Visakhapatnam,Visakhapatnam,Apartment,1,2,585,Unfurnished,West,0,2950000,Visakhapatnam | Simhachalam
Andhra Pradesh,Guntur,Guntur,Independent House,3,2,1373,Semi-Furnished,East,0,4725000,Guntur | Pedakakani
Andhra Pradesh,Anakapalli,Anakapalle,Villa,3,4,2699,Furnished,North-East,1,14475000,Anakapalli | Parawada
Andhra Pradesh,Sri Potti Sriramulu Nellore,Nellore,Apartment,3,3,1500,Unfurnished,South-East,0,5100000,Sri Potti Sriramulu Nellore | Kavali
Andhra Pradesh,Dr. B.R. Ambedkar Konaseema,Amalapuram,Residential Plot,0,0,1620,Not Applicable,North,0,1025000,Dr. B.R. Ambedkar Konaseema | Ainavilli
Andhra Pradesh,Visakhapatnam,Visakhapatnam,Apartment,3,3,1546,Semi-Furnished,North-East,10,15850000,Visakhapatnam | MVP Colony
Andhra Pradesh,Anantapur,Anantapur,Residential Plot,0,0,1620,Not Applicable,North,0,3200000,Anantapur | Saptagiri Circle
Telangana,Rangareddy,Hyderabad,Residential Plot,0,0,2160,Not Applicable,North-East,0,23150000,Rangareddy | Madhapur
Andhra Pradesh,Prakasam,Ongole,Residential Plot,0,0,1998,Not Applicable,South,0,3650000,Prakasam | Ongole Trunk Road
Telangana,Nizamabad,Nizamabad,Apartment,2,3,1003,Unfurnished,North-East,0,2000000,Nizamabad | Balkonda
Telangana,Rangareddy,Hyderabad,Independent House,2,2,1337,Unfurnished,West,1,5550000,Rangareddy | Shadnagar
Telangana,Siddipet,Siddipet,Apartment,2,2,1026,Unfurnished,East,0,2475000,Siddipet | Husnabad
Telangana,Mulugu,Mulugu,Independent House,4,4,1600,Unfurnished,East,5,1875000,Mulugu | Tadvai
Telangana,Nirmal,Nirmal,Independent Builder Floor,3,3,1656,Semi-Furnished,East,1,3025000,Nirmal | Sarangapur
Andhra Pradesh,Palnadu,Narasaraopet,Apartment,3,3,1177,Unfurnished,North-East,0,2325000,Palnadu | Vinukonda
Andhra Pradesh,Sri Potti Sriramulu Nellore,Nellore,Apartment,3,3,1605,Unfurnished,South-East,20,4300000,Sri Potti Sriramulu Nellore | Muthukur
Andhra Pradesh,Guntur,Amaravati,Villa,4,3,2644,Semi-Furnished,East,10,19375000,Guntur | Tadepalle
Telangana,Hyderabad,Hyderabad,Apartment,1,1,480,Semi-Furnished,South-East,7,3875000,Hyderabad | Ameerpet
Andhra Pradesh,East Godavari,Rajahmundry,Apartment,1,1,511,Furnished,North,5,1650000,East Godavari | Kovvur
Telangana,Jogulamba Gadwal,Gadwal,Independent House,3,3,1940,Unfurnished,North-East,3,2725000,Jogulamba Gadwal | Manopad
Telangana,Mancherial,Mancherial,Apartment,3,3,1461,Unfurnished,South,4,4775000,Mancherial | Mancherial Town
Telangana,Hyderabad,Hyderabad,Independent House,2,1,1078,Unfurnished,East,0,13975000,Hyderabad | Somajiguda
Andhra Pradesh,Bapatla,Bapatla,Apartment,3,2,1659,Unfurnished,North,4,5125000,Bapatla | Chirala
Andhra Pradesh,Prakasam,Ongole,Villa,4,5,2376,Unfurnished,East,0,5700000,Prakasam | Naguluppalapadu
Andhra Pradesh,Bapatla,Bapatla,Independent House,3,3,1703,Furnished,East,1,6975000,Bapatla | Bapatla Town
Andhra Pradesh,Palnadu,Narasaraopet,Apartment,3,3,1556,Unfurnished,North-East,0,3225000,Palnadu | Dachepalle
Andhra Pradesh,Tirupati,Tirupati,Residential Plot,0,0,1503,Not Applicable,South-East,0,4000000,Tirupati | Tummalagunta
Andhra Pradesh,Krishna,Vijayawada,Apartment,3,4,1329,Unfurnished,East,1,6425000,Krishna | Poranki
Andhra Pradesh,YSR Kadapa,Kadapa,Apartment,2,2,1058,Semi-Furnished,East,10,2825000,YSR Kadapa | Yerramukkapalli
Andhra Pradesh,Sri Sathya Sai,Puttaparthi,Residential Plot,0,0,1998,Not Applicable,East,0,1575000,Sri Sathya Sai | Bukkapatnam
Telangana,Hyderabad,Hyderabad,Apartment,2,2,1197,Unfurnished,North-East,0,14525000,Hyderabad | Banjara Hills
Andhra Pradesh,Kakinada,Kakinada,Apartment,2,2,793,Unfurnished,North,0,2625000,Kakinada | Pithapuram
Andhra Pradesh,Markapuram,Markapuram,Apartment,1,1,453,Semi-Furnished,East,9,1300000,Markapuram | Markapuram Town
Andhra Pradesh,Visakhapatnam,Visakhapatnam,Independent House,3,3,1742,Semi-Furnished,North,4,8000000,Visakhapatnam | Gajuwaka
Telangana,Medchal Malkajgiri,Hyderabad,Independent House,2,2,955,Unfurnished,South,2,7375000,Medchal Malkajgiri | Malkajgiri
Telangana,Bhadradri Kothagudem,Kothagudem,Residential Plot,0,0,1800,Not Applicable,East,0,1250000,Bhadradri Kothagudem | Manuguru
Andhra Pradesh,Tirupati,Tirupati,Villa,4,4,2514,Unfurnished,South,2,25475000,Tirupati | Air Bypass Road
Andhra Pradesh,YSR Kadapa,Kadapa,Apartment,2,2,1002,Furnished,North,5,2225000,YSR Kadapa | Yerraguntla
Telangana,Nizamabad,Nizamabad,Residential Plot,0,0,3600,Not Applicable,East,0,4250000,Nizamabad | Bodhan
Telangana,Medak,Medak,Independent House,6,6,3392,Semi-Furnished,South,1,6750000,Medak | Ramayampet
Andhra Pradesh,Guntur,Amaravati,Independent House,4,4,1987,Unfurnished,East,0,9700000,Guntur | Tadikonda
Andhra Pradesh,Sri Sathya Sai,Puttaparthi,Independent House,3,3,1801,Unfurnished,North,30,4150000,Sri Sathya Sai | Dharmavaram
Telangana,Rangareddy,Hyderabad,Apartment,2,2,993,Furnished,North,3,11625000,Rangareddy | Manikonda
Andhra Pradesh,East Godavari,Rajahmundry,Independent House,3,2,1703,Semi-Furnished,North,30,5400000,East Godavari | Diwan Cheruvu
Andhra Pradesh,Tirupati,Tirupati,Independent House,2,2,1201,Unfurnished,South,1,7675000,Tirupati | Bairagipatteda
Andhra Pradesh,Dr. B.R. Ambedkar Konaseema,Amalapuram,Apartment,2,3,1027,Unfurnished,North-East,0,2500000,Dr. B.R. Ambedkar Konaseema | Alamuru
Andhra Pradesh,Anakapalli,Anakapalle,Apartment,2,1,1100,Semi-Furnished,North,1,5500000,Anakapalli | Anakapalle Town
Telangana,Kumuram Bheem Asifabad,Asifabad,Residential Plot,0,0,1998,Not Applicable,South-East,0,3075000,Kumuram Bheem Asifabad | Asifabad Town
Telangana,Jogulamba Gadwal,Gadwal,Apartment,2,2,1035,Unfurnished,West,0,2825000,Jogulamba Gadwal | Gadwal Town
Telangana,Bhadradri Kothagudem,Kothagudem,Independent Builder Floor,2,3,1180,Semi-Furnished,West,9,1975000,Bhadradri Kothagudem | Dammapeta
Andhra Pradesh,West Godavari,Bhimavaram,Independent House,3,3,1558,Semi-Furnished,North,5,5825000,West Godavari | Tadepalligudem
Andhra Pradesh,Palnadu,Narasaraopet,Residential Plot,0,0,1800,Not Applicable,South-East,0,1150000,Palnadu | Pedakurapadu
Andhra Pradesh,NTR,Vijayawada,Apartment,3,2,1513,Unfurnished,North,3,7175000,NTR | Jaggayyapeta
Telangana,Medak,Medak,Independent House,4,5,2636,Semi-Furnished,North,12,8875000,Medak | Medak Town
Andhra Pradesh,Bapatla,Bapatla,Residential Plot,0,0,2160,Not Applicable,South,0,1725000,Bapatla | Martur
Telangana,Siddipet,Siddipet,Apartment,4,4,2181,Semi-Furnished,North,1,5525000,Siddipet | Husnabad
Telangana,Rajanna Sircilla,Sircilla,Apartment,1,1,485,Unfurnished,West,0,1250000,Rajanna Sircilla | Vemulawada
Andhra Pradesh,East Godavari,Rajahmundry,Residential Plot,0,0,1350,Not Applicable,North,0,2025000,East Godavari | Anaparthi
Telangana,Adilabad,Adilabad,Independent House,2,1,826,Unfurnished,North-East,0,3150000,Adilabad | Adilabad Town
Andhra Pradesh,Eluru,Eluru,Independent House,2,2,918,Semi-Furnished,South,0,1650000,Eluru | Tadikalapudi
Andhra Pradesh,Visakhapatnam,Visakhapatnam,Apartment,4,4,1821,Unfurnished,North,0,16350000,Visakhapatnam | Dwaraka Nagar
Telangana,Rangareddy,Hyderabad,Villa,4,4,2727,Semi-Furnished,North-East,0,42125000,Rangareddy | Manikonda
Andhra Pradesh,Annamayya,Madanapalle,Apartment,2,2,1041,Unfurnished,East,1,2125000,Annamayya | Kalakada
Andhra Pradesh,Eluru,Eluru,Independent House,3,3,1603,Unfurnished,West,1,3650000,Eluru | Bhimadole
Telangana,Mahabubabad,Mahabubabad,Independent House,2,2,1139,Furnished,North-East,0,4925000,Mahabubabad | Mahabubabad Town
Telangana,Hanumakonda,Hanamkonda,Independent House,4,3,2196,Semi-Furnished,North,11,9325000,Hanumakonda | Balasamudram
Andhra Pradesh,Guntur,Guntur,Independent Builder Floor,3,3,1439,Unfurnished,East,1,6850000,Guntur | Nallapadu
Andhra Pradesh,Polavaram,Rampachodavaram,Apartment,3,3,1425,Unfurnished,West,0,3000000,Polavaram | Rampachodavaram
Telangana,Rangareddy,Hyderabad,Apartment,4,5,2363,Semi-Furnished,West,0,18450000,Rangareddy | Shamshabad
Telangana,Kamareddy,Kamareddy,Independent House,4,4,2348,Unfurnished,East,13,6925000,Kamareddy | Kamareddy Town
Telangana,Vikarabad,Vikarabad,Independent House,5,5,2688,Unfurnished,East,3,11050000,Vikarabad | Vikarabad Town
Telangana,Jogulamba Gadwal,Gadwal,Independent House,3,2,1665,Semi-Furnished,South,6,2375000,Jogulamba Gadwal | Alampur
Telangana,Medchal Malkajgiri,Hyderabad,Residential Plot,0,0,2700,Not Applicable,North,0,8550000,Medchal Malkajgiri | Shamirpet
Andhra Pradesh,Parvathipuram Manyam,Parvathipuram,Residential Plot,0,0,1620,Not Applicable,West,0,1150000,Parvathipuram Manyam | Veeraghattam
Andhra Pradesh,Visakhapatnam,Visakhapatnam,Villa,4,4,2786,Semi-Furnished,East,14,33000000,Visakhapatnam | MVP Colony
Andhra Pradesh,Visakhapatnam,Visakhapatnam,Residential Plot,0,0,4500,Not Applicable,North,0,10250000,Visakhapatnam | Pendurthi
Andhra Pradesh,Sri Potti Sriramulu Nellore,Nellore,Residential Plot,0,0,1197,Not Applicable,East,0,1825000,Sri Potti Sriramulu Nellore | Kovur
Telangana,Jayashankar Bhupalpally,Bhupalpally,Independent House,4,4,2110,Unfurnished,East,1,7350000,Jayashankar Bhupalpally | Bhupalpally Town
Telangana,Warangal,Warangal,Apartment,1,1,456,Unfurnished,South,0,1000000,Warangal | Nekkonda
Andhra Pradesh,Nandyal,Nandyal,Residential Plot,0,0,2997,Not Applicable,South,0,2150000,Nandyal | Nandikotkur
Telangana,Nirmal,Nirmal,Apartment,3,3,1600,Unfurnished,East,0,2375000,Nirmal | Laxmanchanda
Andhra Pradesh,Eluru,Eluru,Villa,3,2,2009,Furnished,East,13,5825000,Eluru | Chintalapudi
Telangana,Bhadradri Kothagudem,Kothagudem,Independent House,3,2,1676,Unfurnished,North-East,8,5050000,Bhadradri Kothagudem | Palvancha
Andhra Pradesh,Markapuram,Markapuram,Independent House,2,3,1115,Semi-Furnished,West,2,3650000,Markapuram | Markapuram Town
Andhra Pradesh,NTR,Vijayawada,Villa,3,2,1759,Furnished,South-East,1,13825000,NTR | Vidyadharapuram
Andhra Pradesh,Sri Sathya Sai,Puttaparthi,Independent House,3,3,1668,Semi-Furnished,North,3,3525000,Sri Sathya Sai | Kadiri
Telangana,Nirmal,Nirmal,Residential Plot,0,0,1503,Not Applicable,East,0,2500000,Nirmal | Nirmal Town
Telangana,Mancherial,Mancherial,Apartment,3,3,1690,Unfurnished,North-East,1,4525000,Mancherial | Bellampalli
Andhra Pradesh,Palnadu,Narasaraopet,Residential Plot,0,0,900,Not Applicable,North-East,0,675000,Palnadu | Dachepalle
Telangana,Medchal Malkajgiri,Hyderabad,Apartment,3,3,1644,Semi-Furnished,North-East,1,12875000,Medchal Malkajgiri | Alwal
Telangana,Warangal,Warangal,Apartment,4,4,2086,Unfurnished,South-East,11,4625000,Warangal | Wardhannapet
Telangana,Nirmal,Nirmal,Apartment,3,3,1387,Semi-Furnished,South,3,4800000,Nirmal | Nirmal Town
Andhra Pradesh,Anakapalli,Anakapalle,Independent House,5,5,2344,Furnished,South,27,6225000,Anakapalli | Narsipatnam
Telangana,Mahabubnagar,Mahabubnagar,Independent House,3,3,1972,Semi-Furnished,North-East,11,7050000,Mahabubnagar | Mahabubnagar Town
Andhra Pradesh,Krishna,Vijayawada,Apartment,3,3,1826,Unfurnished,South,1,7700000,Krishna | Gannavaram
Telangana,Medchal Malkajgiri,Hyderabad,Residential Plot,0,0,900,Not Applicable,West,0,4100000,Medchal Malkajgiri | Alwal
Telangana,Rajanna Sircilla,Sircilla,Independent House,3,3,1530,Unfurnished,South,1,4475000,Rajanna Sircilla | Vemulawada
Telangana,Hyderabad,Hyderabad,Apartment,3,4,1661,Semi-Furnished,North-East,1,24425000,Hyderabad | Somajiguda
Andhra Pradesh,East Godavari,Rajahmundry,Residential Plot,0,0,1197,Not Applicable,East,0,1300000,East Godavari | Seethanagaram
Andhra Pradesh,East Godavari,Rajahmundry,Independent House,3,3,1604,Unfurnished,North,1,5525000,East Godavari | Diwan Cheruvu
Telangana,Medchal Malkajgiri,Hyderabad,Residential Plot,0,0,1503,Not Applicable,South,0,3975000,Medchal Malkajgiri | Ghatkesar
Telangana,Mahabubabad,Mahabubabad,Independent House,3,3,1154,Semi-Furnished,North,0,2650000,Mahabubabad | Dornakal
Telangana,Hyderabad,Hyderabad,Independent House,3,3,1958,Semi-Furnished,North-East,5,17500000,Hyderabad | Mehdipatnam
Telangana,Kumuram Bheem Asifabad,Asifabad,Apartment,3,3,1569,Semi-Furnished,East,8,2500000,Kumuram Bheem Asifabad | Jainoor
Andhra Pradesh,Visakhapatnam,Visakhapatnam,Apartment,1,2,488,Semi-Furnished,North,1,3400000,Visakhapatnam | Kommadi
Telangana,Yadadri Bhuvanagiri,Bhongir,Villa,3,3,1798,Semi-Furnished,South,19,6150000,Yadadri Bhuvanagiri | Choutuppal
Telangana,Bhadradri Kothagudem,Kothagudem,Independent House,3,3,1609,Unfurnished,North-East,9,3425000,Bhadradri Kothagudem | Aswaraopeta
Telangana,Mahabubnagar,Mahabubnagar,Independent House,5,5,2870,Semi-Furnished,South,1,13175000,Mahabubnagar | Mahabubnagar Town
Andhra Pradesh,Parvathipuram Manyam,Parvathipuram,Independent House,5,4,2431,Unfurnished,South,2,3250000,Parvathipuram Manyam | Kurupam
Andhra Pradesh,Kakinada,Kakinada,Apartment,3,4,1593,Semi-Furnished,South-East,6,5200000,Kakinada | Tuni
Telangana,Rangareddy,Hyderabad,Independent House,4,4,2418,Semi-Furnished,North-East,3,39050000,Rangareddy | Madhapur
Andhra Pradesh,East Godavari,Rajahmundry,Apartment,4,5,2283,Unfurnished,East,0,9700000,East Godavari | Diwan Cheruvu
Andhra Pradesh,Sri Sathya Sai,Puttaparthi,Independent House,5,5,2811,Unfurnished,East,1,7950000,Sri Sathya Sai | Dharmavaram
Andhra Pradesh,Kurnool,Kurnool,Apartment,4,5,1837,Semi-Furnished,East,0,8375000,Kurnool | Budhwarpet
Andhra Pradesh,East Godavari,Rajahmundry,Independent House,3,3,1659,Unfurnished,South,1,7850000,East Godavari | Innespeta
Telangana,Nirmal,Nirmal,Residential Plot,0,0,1620,Not Applicable,West,0,2400000,Nirmal | Nirmal Town
Andhra Pradesh,Visakhapatnam,Visakhapatnam,Villa,3,2,2110,Semi-Furnished,East,15,14975000,Visakhapatnam | Muralinagar
Andhra Pradesh,Kakinada,Kakinada,Apartment,2,2,939,Semi-Furnished,North,0,5300000,Kakinada | Ramanayapeta
Andhra Pradesh,Tirupati,Tirupati,Apartment,2,2,1089,Semi-Furnished,South-East,1,6075000,Tirupati | Air Bypass Road
Andhra Pradesh,Anakapalli,Anakapalle,Independent House,2,2,910,Unfurnished,East,1,3250000,Anakapalli | Atchutapuram
Andhra Pradesh,Krishna,Vijayawada,Apartment,2,3,1067,Unfurnished,East,1,5850000,Krishna | Kanuru
Telangana,Suryapet,Suryapet,Villa,4,4,2379,Unfurnished,South-East,2,8225000,Suryapet | Kodad
Andhra Pradesh,Visakhapatnam,Visakhapatnam,Independent House,4,4,1915,Unfurnished,North,3,11850000,Visakhapatnam | Akkayyapalem
Telangana,Peddapalli,Peddapalli,Villa,3,3,2088,Unfurnished,North,4,8475000,Peddapalli | Godavarikhani
Telangana,Hyderabad,Hyderabad,Independent Builder Floor,2,1,1182,Unfurnished,West,4,9400000,Hyderabad | Nampally
Andhra Pradesh,East Godavari,Rajahmundry,Independent House,2,3,987,Unfurnished,North-East,25,3200000,East Godavari | Danavaipeta
Andhra Pradesh,NTR,Vijayawada,Independent Builder Floor,2,3,1017,Unfurnished,North-East,0,6150000,NTR | Ajit Singh Nagar
Andhra Pradesh,Kakinada,Kakinada,Villa,3,2,2802,Unfurnished,East,0,17550000,Kakinada | Vakalapudi
Telangana,Adilabad,Adilabad,Apartment,4,5,2396,Unfurnished,East,1,4825000,Adilabad | Jainad
Andhra Pradesh,Kurnool,Kurnool,Residential Plot,0,0,2160,Not Applicable,East,0,1975000,Kurnool | Pattikonda
Telangana,Narayanpet,Narayanpet,Independent House,2,2,1037,Semi-Furnished,East,1,1525000,Narayanpet | Damaragidda
Andhra Pradesh,Guntur,Amaravati,Independent House,2,2,1105,Unfurnished,South-East,8,4750000,Guntur | Tadepalle
Andhra Pradesh,Bapatla,Bapatla,Apartment,3,3,1718,Semi-Furnished,West,19,4000000,Bapatla | Suryalanka
Telangana,Jangaon,Jangaon,Independent House,2,2,1170,Unfurnished,East,1,2050000,Jangaon | Bachannapet
Telangana,Bhadradri Kothagudem,Kothagudem,Apartment,2,3,1036,Unfurnished,North-East,0,2875000,Bhadradri Kothagudem | Palvancha
Telangana,Mancherial,Mancherial,Independent Builder Floor,2,1,1020,Unfurnished,North,0,3225000,Mancherial | Mancherial Town
Andhra Pradesh,Prakasam,Ongole,Independent House,3,3,1745,Unfurnished,West,0,4425000,Prakasam | Ongole Town
Andhra Pradesh,Vizianagaram,Vizianagaram,Independent House,6,7,2564,Unfurnished,South-East,12,5550000,Vizianagaram | Gajapathinagaram
Andhra Pradesh,Anantapur,Anantapur,Apartment,3,4,1399,Unfurnished,North-East,0,6150000,Anantapur | Kamala Nagar
Andhra Pradesh,Chittoor,Chittoor,Independent House,5,4,2482,Furnished,East,3,5275000,Chittoor | Nagari
Andhra Pradesh,Guntur,Guntur,Independent Builder Floor,3,2,1519,Semi-Furnished,North,21,4100000,Guntur | Prathipadu
Andhra Pradesh,Nandyal,Nandyal,Apartment,4,4,2418,Semi-Furnished,East,4,6275000,Nandyal | Mahanandi
Andhra Pradesh,Guntur,Guntur,Independent House,3,4,1399,Semi-Furnished,North,7,4550000,Guntur | Prathipadu
Telangana,Mahabubnagar,Mahabubnagar,Apartment,2,2,945,Furnished,South,1,3400000,Mahabubnagar | Jadcherla
Telangana,Medchal Malkajgiri,Hyderabad,Apartment,2,2,1242,Unfurnished,East,4,9000000,Medchal Malkajgiri | Malkajgiri
Andhra Pradesh,Kakinada,Kakinada,Independent Builder Floor,2,1,1043,Unfurnished,North-East,7,6650000,Kakinada | Bhanugudi Junction
Andhra Pradesh,Sri Sathya Sai,Puttaparthi,Residential Plot,0,0,1350,Not Applicable,East,0,900000,Sri Sathya Sai | Roddam
Telangana,Suryapet,Suryapet,Apartment,2,3,1022,Unfurnished,East,0,3175000,Suryapet | Suryapet Town
Andhra Pradesh,Kurnool,Kurnool,Residential Plot,0,0,900,Not Applicable,South,0,1000000,Kurnool | Adoni
Andhra Pradesh,Kurnool,Kurnool,Independent House,3,3,1288,Unfurnished,South,1,2500000,Kurnool | Alur
Andhra Pradesh,Kakinada,Kakinada,Independent House,2,1,1502,Semi-Furnished,West,5,4550000,Kakinada | Tuni
Andhra Pradesh,East Godavari,Rajahmundry,Independent House,4,5,2139,Furnished,South,1,7425000,East Godavari | Nidadavole
Telangana,Khammam,Khammam,Apartment,3,4,1486,Unfurnished,East,16,5025000,Khammam | Mamillagudem
Telangana,Suryapet,Suryapet,Independent Builder Floor,3,3,1695,Unfurnished,West,0,5325000,Suryapet | Kodad
Telangana,Siddipet,Siddipet,Independent House,5,6,2672,Unfurnished,South-East,2,5050000,Siddipet | Doultabad
Andhra Pradesh,Sri Sathya Sai,Puttaparthi,Apartment,3,4,1270,Furnished,East,7,4300000,Sri Sathya Sai | Hindupur
Andhra Pradesh,East Godavari,Rajahmundry,Independent House,3,3,1543,Unfurnished,North,5,8125000,East Godavari | Morampudi
Telangana,Nalgonda,Nalgonda,Independent House,3,3,1846,Semi-Furnished,South,6,6425000,Nalgonda | Nalgonda Town
Telangana,Sangareddy,Hyderabad,Independent House,2,3,1142,Furnished,South-East,13,9900000,Sangareddy | Tellapur
Telangana,Medak,Medak,Independent House,4,3,2306,Unfurnished,North,9,3525000,Medak | Papannapet
Andhra Pradesh,Kurnool,Kurnool,Apartment,3,3,1089,Unfurnished,East,0,3875000,Kurnool | Balaji Nagar
Andhra Pradesh,Sri Potti Sriramulu Nellore,Nellore,Apartment,3,3,1615,Unfurnished,South,23,6650000,Sri Potti Sriramulu Nellore | Magunta Layout
Telangana,Sangareddy,Hyderabad,Independent House,2,2,1160,Semi-Furnished,North,9,8325000,Sangareddy | Ameenpur
Andhra Pradesh,Chittoor,Chittoor,Residential Plot,0,0,1620,Not Applicable,South,0,1975000,Chittoor | Kuppam
Andhra Pradesh,Anantapur,Anantapur,Apartment,3,2,1306,Unfurnished,East,0,2100000,Anantapur | Singanamala
Andhra Pradesh,Eluru,Eluru,Apartment,2,1,761,Unfurnished,South,0,1350000,Eluru | Bhimadole
Telangana,Rangareddy,Hyderabad,Apartment,4,3,1970,Semi-Furnished,South,0,13625000,Rangareddy | Shamshabad
Andhra Pradesh,Palnadu,Narasaraopet,Apartment,2,2,959,Unfurnished,North,0,3050000,Palnadu | Chilakaluripet
Andhra Pradesh,Polavaram,Rampachodavaram,Villa,3,2,2185,Unfurnished,South,0,4825000,Polavaram | Chintur
Telangana,Rangareddy,Hyderabad,Apartment,3,3,1631,Semi-Furnished,East,5,20550000,Rangareddy | Kokapet
Andhra Pradesh,Dr. B.R. Ambedkar Konaseema,Amalapuram,Apartment,2,2,1192,Unfurnished,North-East,0,2550000,Dr. B.R. Ambedkar Konaseema | Razole
Andhra Pradesh,West Godavari,Bhimavaram,Independent House,4,3,2397,Unfurnished,East,7,5000000,West Godavari | Attili
Telangana,Yadadri Bhuvanagiri,Bhongir,Apartment,2,2,1188,Unfurnished,East,0,4950000,Yadadri Bhuvanagiri | Bhongir Town
Telangana,Karimnagar,Karimnagar,Apartment,1,1,624,Unfurnished,North,4,3775000,Karimnagar | Jyothinagar
Andhra Pradesh,Guntur,Guntur,Independent Builder Floor,3,3,1496,Unfurnished,East,11,6400000,Guntur | Kothapet
Telangana,Medchal Malkajgiri,Hyderabad,Independent House,2,2,1047,Unfurnished,West,11,7225000,Medchal Malkajgiri | Nizampet
Andhra Pradesh,Eluru,Eluru,Independent House,3,3,1798,Unfurnished,East,3,5150000,Eluru | Nuzvid
Andhra Pradesh,Visakhapatnam,Visakhapatnam,Independent House,4,3,2184,Unfurnished,North,1,16725000,Visakhapatnam | Maddilapalem
Telangana,Karimnagar,Karimnagar,Apartment,3,3,1208,Semi-Furnished,North,11,4725000,Karimnagar | Kashmirgadda
Telangana,Karimnagar,Karimnagar,Independent House,3,3,1878,Semi-Furnished,North-East,0,8575000,Karimnagar | Ramnagar
Andhra Pradesh,Palnadu,Narasaraopet,Residential Plot,0,0,1503,Not Applicable,North-East,0,1550000,Palnadu | Macherla
Telangana,Hyderabad,Hyderabad,Apartment,4,4,2232,Furnished,North,1,24200000,Hyderabad | Ameerpet
Telangana,Hyderabad,Hyderabad,Residential Plot,0,0,3600,Not Applicable,East,0,28425000,Hyderabad | Nampally
Telangana,Khammam,Khammam,Residential Plot,0,0,1800,Not Applicable,West,0,1625000,Khammam | Yerrupalem
Telangana,Medchal Malkajgiri,Hyderabad,Villa,5,5,2705,Semi-Furnished,South-East,2,17875000,Medchal Malkajgiri | Medchal
Andhra Pradesh,NTR,Vijayawada,Independent House,3,3,1882,Unfurnished,North,12,5925000,NTR | Jaggayyapeta
Telangana,Rangareddy,Hyderabad,Apartment,3,4,1623,Furnished,West,3,11550000,Rangareddy | Adibatla
Telangana,Nalgonda,Nalgonda,Residential Plot,0,0,1197,Not Applicable,North,0,1350000,Nalgonda | Nagarjuna Sagar
Telangana,Rangareddy,Hyderabad,Apartment,2,1,1069,Unfurnished,East,4,10700000,Rangareddy | Narsingi
Andhra Pradesh,Anantapur,Anantapur,Independent House,3,4,1325,Semi-Furnished,East,4,3275000,Anantapur | Guntakal
Andhra Pradesh,East Godavari,Rajahmundry,Independent House,4,4,2070,Unfurnished,North,7,10250000,East Godavari | Prakash Nagar
Andhra Pradesh,Tirupati,Tirupati,Apartment,3,2,1326,Semi-Furnished,South-East,5,4375000,Tirupati | Gudur
Andhra Pradesh,Tirupati,Tirupati,Residential Plot,0,0,1800,Not Applicable,West,0,2025000,Tirupati | Puttur
Andhra Pradesh,Dr. B.R. Ambedkar Konaseema,Amalapuram,Apartment,2,2,1104,Unfurnished,North,8,2375000,Dr. B.R. Ambedkar Konaseema | Ravulapalem
Telangana,Hanumakonda,Hanamkonda,Independent House,3,3,1445,Unfurnished,West,0,7475000,Hanumakonda | Naimnagar
Telangana,Vikarabad,Vikarabad,Residential Plot,0,0,2403,Not Applicable,West,0,3575000,Vikarabad | Tandur
Telangana,Hyderabad,Hyderabad,Apartment,2,3,987,Unfurnished,South,0,6875000,Hyderabad | Shaikpet
Telangana,Hyderabad,Hyderabad,Independent Builder Floor,3,4,1318,Unfurnished,East,0,11975000,Hyderabad | Yousufguda
Andhra Pradesh,Kurnool,Kurnool,Independent Builder Floor,3,4,1390,Unfurnished,North-East,0,4275000,Kurnool | Venkataramana Colony
Telangana,Kamareddy,Kamareddy,Residential Plot,0,0,1350,Not Applicable,South,0,825000,Kamareddy | Domakonda
Andhra Pradesh,Dr. B.R. Ambedkar Konaseema,Amalapuram,Residential Plot,0,0,2403,Not Applicable,North-East,0,2775000,Dr. B.R. Ambedkar Konaseema | Ravulapalem
Telangana,Hyderabad,Hyderabad,Residential Plot,0,0,1197,Not Applicable,West,0,10525000,Hyderabad | Himayatnagar
Telangana,Rangareddy,Hyderabad,Apartment,3,4,1725,Unfurnished,South,0,8300000,Rangareddy | Ibrahimpatnam
Andhra Pradesh,Polavaram,Rampachodavaram,Residential Plot,0,0,2403,Not Applicable,East,0,1300000,Polavaram | Kunavaram
Andhra Pradesh,Sri Potti Sriramulu Nellore,Nellore,Apartment,3,2,1547,Unfurnished,South,0,5700000,Sri Potti Sriramulu Nellore | Trunk Road
Andhra Pradesh,Guntur,Guntur,Apartment,2,2,1228,Unfurnished,South-East,0,5825000,Guntur | Kothapet
Telangana,Wanaparthy,Wanaparthy,Apartment,2,2,1022,Semi-Furnished,North-East,12,2500000,Wanaparthy | Wanaparthy Town
Andhra Pradesh,Srikakulam,Srikakulam,Apartment,4,4,2064,Unfurnished,North,0,9175000,Srikakulam | Srikakulam Town
Telangana,Kamareddy,Kamareddy,Residential Plot,0,0,1197,Not Applicable,North-East,0,750000,Kamareddy | Machareddy
Telangana,Mahabubnagar,Mahabubnagar,Apartment,3,4,1487,Unfurnished,East,6,6475000,Mahabubnagar | Mahabubnagar Town
Telangana,Sangareddy,Sangareddy,Independent House,3,4,1926,Furnished,North,8,6975000,Sangareddy | Zaheerabad
Telangana,Jagtial,Jagtial,Apartment,4,5,1473,Unfurnished,East,0,5450000,Jagtial | Jagtial Town
Andhra Pradesh,Visakhapatnam,Visakhapatnam,Residential Plot,0,0,3600,Not Applicable,North,0,21025000,Visakhapatnam | Siripuram
Andhra Pradesh,NTR,Vijayawada,Residential Plot,0,0,1620,Not Applicable,East,0,5500000,NTR | Governorpet
Telangana,Rangareddy,Hyderabad,Apartment,3,3,1378,Unfurnished,North,0,8175000,Rangareddy | Tukkuguda
Telangana,Rangareddy,Hyderabad,Residential Plot,0,0,2700,Not Applicable,North,0,10100000,Rangareddy | Hayathnagar
Telangana,Hyderabad,Hyderabad,Villa,5,5,3209,Furnished,South,0,42875000,Hyderabad | Habsiguda
Andhra Pradesh,Markapuram,Markapuram,Residential Plot,0,0,900,Not Applicable,East,0,600000,Markapuram | Pamur
Andhra Pradesh,Tirupati,Tirupati,Independent House,3,3,1751,Semi-Furnished,West,28,6100000,Tirupati | Tummalagunta
Andhra Pradesh,Vizianagaram,Vizianagaram,Villa,3,3,2954,Semi-Furnished,South-East,6,9800000,Vizianagaram | Pusapatirega
Telangana,Suryapet,Suryapet,Apartment,2,2,927,Unfurnished,East,0,3775000,Suryapet | Suryapet Town
Telangana,Hanumakonda,Hanamkonda,Residential Plot,0,0,2403,Not Applicable,North-East,0,4975000,Hanumakonda | Balasamudram
Andhra Pradesh,Annamayya,Madanapalle,Apartment,2,3,879,Unfurnished,East,0,1425000,Annamayya | Nandalur
Telangana,Wanaparthy,Wanaparthy,Residential Plot,0,0,1620,Not Applicable,East,0,950000,Wanaparthy | Peddamandadi
Andhra Pradesh,YSR Kadapa,Kadapa,Apartment,2,1,976,Unfurnished,West,0,3400000,YSR Kadapa | Marripadu
Andhra Pradesh,Guntur,Guntur,Villa,3,2,1933,Semi-Furnished,South-East,1,15425000,Guntur | Lakshmipuram
Telangana,Narayanpet,Narayanpet,Independent House,3,3,1680,Unfurnished,North,27,1950000,Narayanpet | Narva
Andhra Pradesh,Visakhapatnam,Visakhapatnam,Apartment,2,1,1146,Unfurnished,East,3,10375000,Visakhapatnam | Maddilapalem
Telangana,Jogulamba Gadwal,Gadwal,Independent House,5,5,2327,Furnished,South,2,7125000,Jogulamba Gadwal | Gadwal Town
Telangana,Rangareddy,Hyderabad,Apartment,3,3,1353,Semi-Furnished,West,4,6900000,Rangareddy | Kandukur
Andhra Pradesh,YSR Kadapa,Kadapa,Residential Plot,0,0,2700,Not Applicable,North,0,1775000,YSR Kadapa | Vempalle
Andhra Pradesh,Sri Sathya Sai,Puttaparthi,Residential Plot,0,0,1620,Not Applicable,North-East,0,3200000,Sri Sathya Sai | Puttaparthi Town
Telangana,Hyderabad,Hyderabad,Independent House,3,3,1851,Semi-Furnished,East,30,15450000,Hyderabad | Somajiguda
Andhra Pradesh,Markapuram,Markapuram,Independent House,2,2,944,Unfurnished,South-East,17,2425000,Markapuram | Markapuram Town
Andhra Pradesh,Kakinada,Kakinada,Residential Plot,0,0,2403,Not Applicable,North,0,3525000,Kakinada | Samalkot
Telangana,Sangareddy,Hyderabad,Independent House,2,3,1353,Unfurnished,South,6,6825000,Sangareddy | Kollur
Andhra Pradesh,Palnadu,Narasaraopet,Independent House,2,3,1011,Unfurnished,South-East,2,2875000,Palnadu | Chilakaluripet
Telangana,Jogulamba Gadwal,Gadwal,Residential Plot,0,0,2160,Not Applicable,East,0,1375000,Jogulamba Gadwal | Waddepally
Andhra Pradesh,Markapuram,Markapuram,Independent House,5,5,2653,Semi-Furnished,North,6,3775000,Markapuram | Tarlupadu
Telangana,Jagtial,Jagtial,Apartment,3,3,1367,Unfurnished,North-East,0,2050000,Jagtial | Raikal
Andhra Pradesh,Srikakulam,Srikakulam,Residential Plot,0,0,1503,Not Applicable,East,0,1375000,Srikakulam | Tekkali
Telangana,Bhadradri Kothagudem,Kothagudem,Independent Builder Floor,2,2,1049,Unfurnished,South-East,13,3750000,Bhadradri Kothagudem | Kothagudem Town
Andhra Pradesh,Palnadu,Narasaraopet,Residential Plot,0,0,900,Not Applicable,East,0,1600000,Palnadu | Narasaraopet Town
Andhra Pradesh,Eluru,Eluru,Apartment,3,2,1180,Semi-Furnished,West,4,4175000,Eluru | Eluru Town
Telangana,Rangareddy,Hyderabad,Independent House,3,3,2087,Furnished,West,11,22225000,Rangareddy | Financial District
Andhra Pradesh,East Godavari,Rajahmundry,Residential Plot,0,0,2700,Not Applicable,North,0,5950000,East Godavari | Morampudi
Andhra Pradesh,Bapatla,Bapatla,Residential Plot,0,0,1350,Not Applicable,West,0,1875000,Bapatla | Chirala
Telangana,Wanaparthy,Wanaparthy,Independent House,3,3,1776,Semi-Furnished,East,4,3150000,Wanaparthy | Kothakota
Telangana,Adilabad,Adilabad,Independent House,3,4,1301,Unfurnished,South-East,0,2175000,Adilabad | Jainad
Telangana,Mancherial,Mancherial,Independent House,3,4,1425,Unfurnished,South,0,5050000,Mancherial | Mancherial Town
Telangana,Hanumakonda,Hanamkonda,Independent Builder Floor,3,3,1619,Unfurnished,North,0,7625000,Hanumakonda | Hunter Road
Andhra Pradesh,Vizianagaram,Vizianagaram,Apartment,4,4,2303,Semi-Furnished,North-East,6,9575000,Vizianagaram | Vizianagaram Town
Telangana,Hanumakonda,Hanamkonda,Residential Plot,0,0,1350,Not Applicable,North,0,2050000,Hanumakonda | Parkal
Andhra Pradesh,Visakhapatnam,Visakhapatnam,Apartment,2,2,1282,Semi-Furnished,East,10,6675000,Visakhapatnam | Simhachalam
Telangana,Hyderabad,Hyderabad,Villa,4,5,2402,Unfurnished,North,2,27300000,Hyderabad | Nampally
Telangana,Khammam,Khammam,Apartment,3,3,1109,Unfurnished,East,4,3650000,Khammam | Wyra
Telangana,Karimnagar,Karimnagar,Apartment,2,2,1282,Unfurnished,North-East,0,4150000,Karimnagar | Vavilalapally
Telangana,Nizamabad,Nizamabad,Independent House,5,5,2533,Semi-Furnished,East,8,5025000,Nizamabad | Nandipet
Andhra Pradesh,Visakhapatnam,Visakhapatnam,Residential Plot,0,0,1503,Not Applicable,North-East,0,9875000,Visakhapatnam | Rushikonda
Telangana,Rangareddy,Hyderabad,Independent House,3,3,1662,Unfurnished,East,30,9350000,Rangareddy | Shamshabad
Telangana,Jangaon,Jangaon,Independent House,3,3,1702,Semi-Furnished,North,11,6975000,Jangaon | Jangaon Town
Andhra Pradesh,East Godavari,Rajahmundry,Residential Plot,0,0,1800,Not Applicable,East,0,3100000,East Godavari | Lalacheruvu
Telangana,Mahabubabad,Mahabubabad,Apartment,3,4,1305,Semi-Furnished,East,4,2075000,Mahabubabad | Narsimhulapet
Telangana,Hyderabad,Hyderabad,Apartment,1,1,569,Unfurnished,East,3,4975000,Hyderabad | Mehdipatnam
Andhra Pradesh,Visakhapatnam,Visakhapatnam,Apartment,2,1,999,Furnished,East,30,6100000,Visakhapatnam | Sagar Nagar
Andhra Pradesh,Guntur,Guntur,Villa,3,3,2002,Unfurnished,East,5,8800000,Guntur | Ponnur
Andhra Pradesh,YSR Kadapa,Kadapa,Residential Plot,0,0,1350,Not Applicable,East,0,1650000,YSR Kadapa | Yerramukkapalli
Telangana,Vikarabad,Vikarabad,Residential Plot,0,0,2700,Not Applicable,East,0,6400000,Vikarabad | Vikarabad Town
Andhra Pradesh,Tirupati,Tirupati,Independent House,4,3,1974,Semi-Furnished,East,15,8350000,Tirupati | Srikalahasti
Andhra Pradesh,Polavaram,Rampachodavaram,Independent House,4,4,2082,Unfurnished,East,29,3600000,Polavaram | Rampachodavaram
Telangana,Medchal Malkajgiri,Hyderabad,Independent House,3,3,1566,Semi-Furnished,East,11,15225000,Medchal Malkajgiri | KPHB
Telangana,Hyderabad,Hyderabad,Independent House,2,1,1103,Unfurnished,East,0,10350000,Hyderabad | Yousufguda
Telangana,Sangareddy,Hyderabad,Apartment,4,4,2505,Unfurnished,North,0,21675000,Sangareddy | Tellapur
Andhra Pradesh,Vizianagaram,Vizianagaram,Independent House,3,3,1476,Furnished,West,4,4600000,Vizianagaram | Cheepurupalli
Telangana,Medchal Malkajgiri,Hyderabad,Villa,3,4,2311,Unfurnished,West,11,26100000,Medchal Malkajgiri | KPHB
Telangana,Bhadradri Kothagudem,Kothagudem,Residential Plot,0,0,1800,Not Applicable,South,0,2475000,Bhadradri Kothagudem | Bhadrachalam
Andhra Pradesh,Visakhapatnam,Visakhapatnam,Apartment,4,4,2108,Semi-Furnished,South,4,20750000,Visakhapatnam | Lawsons Bay Colony
Andhra Pradesh,Visakhapatnam,Visakhapatnam,Apartment,3,4,1518,Unfurnished,North,0,10575000,Visakhapatnam | Maddilapalem
Telangana,Sangareddy,Hyderabad,Residential Plot,0,0,1620,Not Applicable,East,0,9450000,Sangareddy | Beeramguda
Telangana,Warangal,Warangal,Independent House,2,2,1635,Furnished,South,12,5275000,Warangal | Mattewada
Andhra Pradesh,Dr. B.R. Ambedkar Konaseema,Amalapuram,Independent House,2,2,1474,Semi-Furnished,West,0,3700000,Dr. B.R. Ambedkar Konaseema | Mummidivaram
Telangana,Hyderabad,Hyderabad,Apartment,3,3,1475,Unfurnished,East,0,11000000,Hyderabad | Musheerabad
Telangana,Hanumakonda,Hanamkonda,Residential Plot,0,0,2160,Not Applicable,North,0,2450000,Hanumakonda | Elkathurthy
Telangana,Kumuram Bheem Asifabad,Asifabad,Apartment,1,2,605,Unfurnished,East,17,1150000,Kumuram Bheem Asifabad | Kagaznagar
Andhra Pradesh,Dr. B.R. Ambedkar Konaseema,Amalapuram,Apartment,1,1,569,Semi-Furnished,North,30,1200000,Dr. B.R. Ambedkar Konaseema | Mandapeta
Telangana,Rajanna Sircilla,Sircilla,Independent House,5,5,2647,Unfurnished,North,9,9900000,Rajanna Sircilla | Sircilla Town
Andhra Pradesh,Guntur,Guntur,Villa,5,6,3633,Unfurnished,East,1,17425000,Guntur | Tenali
Telangana,Khammam,Khammam,Independent Builder Floor,2,2,952,Unfurnished,East,0,2350000,Khammam | Kusumanchi
Telangana,Sangareddy,Hyderabad,Apartment,4,4,2398,Unfurnished,South,1,10800000,Sangareddy | Isnapur
Andhra Pradesh,Srikakulam,Srikakulam,Apartment,2,2,895,Unfurnished,South,5,3325000,Srikakulam | Srikakulam Town
Andhra Pradesh,Srikakulam,Srikakulam,Independent House,3,3,1361,Furnished,North-East,0,5250000,Srikakulam | Arasavalli
Andhra Pradesh,Visakhapatnam,Visakhapatnam,Apartment,4,4,1868,Semi-Furnished,East,7,10725000,Visakhapatnam | Kancharapalem
Telangana,Medchal Malkajgiri,Hyderabad,Residential Plot,0,0,4500,Not Applicable,North,0,16900000,Medchal Malkajgiri | Dundigal
Telangana,Sangareddy,Sangareddy,Apartment,3,3,1496,Semi-Furnished,South-East,4,7775000,Sangareddy | Jinnaram
Telangana,Medchal Malkajgiri,Hyderabad,Independent Builder Floor,2,2,789,Unfurnished,West,0,5525000,Medchal Malkajgiri | Quthbullapur
Telangana,Jogulamba Gadwal,Gadwal,Independent House,2,2,1446,Semi-Furnished,South,15,1575000,Jogulamba Gadwal | Manopad
Andhra Pradesh,Kakinada,Kakinada,Apartment,2,2,866,Semi-Furnished,North-East,6,4200000,Kakinada | Vidyut Nagar
Andhra Pradesh,West Godavari,Bhimavaram,Independent House,4,4,2134,Semi-Furnished,South,14,6125000,West Godavari | Tanuku
Andhra Pradesh,Anantapur,Anantapur,Apartment,1,1,605,Unfurnished,South,1,1200000,Anantapur | Rayadurg
Andhra Pradesh,Srikakulam,Srikakulam,Independent House,3,2,1720,Furnished,East,26,5500000,Srikakulam | Palasa
Andhra Pradesh,YSR Kadapa,Kadapa,Residential Plot,0,0,1503,Not Applicable,North,0,1600000,YSR Kadapa | Pulivendula
Telangana,Suryapet,Suryapet,Independent House,2,3,1213,Semi-Furnished,South,1,4075000,Suryapet | Suryapet Town
Andhra Pradesh,Nandyal,Nandyal,Independent House,3,4,2018,Unfurnished,North-East,1,6850000,Nandyal | Srisailam
Andhra Pradesh,Visakhapatnam,Visakhapatnam,Apartment,3,3,1214,Unfurnished,East,0,10200000,Visakhapatnam | Rushikonda
Telangana,Nalgonda,Nalgonda,Independent Builder Floor,3,3,1392,Furnished,East,1,7175000,Nalgonda | Nalgonda Town
Telangana,Hanumakonda,Hanamkonda,Independent Builder Floor,2,3,999,Unfurnished,North,0,5100000,Hanumakonda | Subedari
Telangana,Hyderabad,Hyderabad,Villa,4,3,3012,Furnished,North,0,63100000,Hyderabad | Banjara Hills
Telangana,Suryapet,Suryapet,Residential Plot,0,0,1800,Not Applicable,North-East,0,2475000,Suryapet | Kodad
Andhra Pradesh,Visakhapatnam,Visakhapatnam,Independent House,6,6,3078,Unfurnished,North,12,25850000,Visakhapatnam | Rushikonda
Telangana,Yadadri Bhuvanagiri,Bhongir,Apartment,4,4,1820,Furnished,East,0,6750000,Yadadri Bhuvanagiri | Bibinagar
Telangana,Nalgonda,Nalgonda,Residential Plot,0,0,1197,Not Applicable,South,0,1550000,Nalgonda | Miryalaguda
Andhra Pradesh,Tirupati,Tirupati,Villa,3,2,2254,Semi-Furnished,West,3,14750000,Tirupati | Bairagipatteda
Telangana,Mulugu,Mulugu,Residential Plot,0,0,1503,Not Applicable,West,0,750000,Mulugu | Venkatapur
Andhra Pradesh,Kakinada,Kakinada,Apartment,3,2,1508,Unfurnished,North,1,9950000,Kakinada | Sasikanth Nagar
Andhra Pradesh,Bapatla,Bapatla,Independent House,4,3,2161,Unfurnished,North-East,0,4000000,Bapatla | Parchur
Andhra Pradesh,NTR,Vijayawada,Apartment,2,2,847,Unfurnished,South,0,3850000,NTR | Auto Nagar
Telangana,Siddipet,Siddipet,Villa,3,2,1898,Unfurnished,South,1,5025000,Siddipet | Doultabad
Andhra Pradesh,Visakhapatnam,Visakhapatnam,Independent House,4,5,1976,Unfurnished,North,12,9550000,Visakhapatnam | Pendurthi
Andhra Pradesh,Eluru,Eluru,Independent House,4,4,1721,Unfurnished,North-East,3,4575000,Eluru | Nuzvid
Telangana,Nalgonda,Nalgonda,Apartment,3,3,1666,Unfurnished,North,1,4800000,Nalgonda | Miryalaguda
Telangana,Suryapet,Suryapet,Residential Plot,0,0,2403,Not Applicable,East,0,3350000,Suryapet | Kodad
Telangana,Rajanna Sircilla,Sircilla,Independent House,4,5,2208,Semi-Furnished,North,4,8225000,Rajanna Sircilla | Sircilla Town
Andhra Pradesh,Eluru,Eluru,Independent House,4,4,2214,Semi-Furnished,West,4,4325000,Eluru | Kaikaluru
Telangana,Kumuram Bheem Asifabad,Asifabad,Independent House,4,3,2015,Unfurnished,East,21,4000000,Kumuram Bheem Asifabad | Asifabad Town
Andhra Pradesh,Krishna,Vijayawada,Villa,3,4,1756,Unfurnished,East,4,11125000,Krishna | Gannavaram
Telangana,Rangareddy,Hyderabad,Apartment,4,4,2007,Semi-Furnished,North-East,11,12625000,Rangareddy | Shamshabad
Andhra Pradesh,Anantapur,Anantapur,Apartment,3,2,1347,Unfurnished,South,0,2200000,Anantapur | Uravakonda
Telangana,Rangareddy,Hyderabad,Villa,5,5,3256,Unfurnished,North-East,3,48675000,Rangareddy | Kondapur
Telangana,Mahabubnagar,Mahabubnagar,Independent House,6,7,3253,Unfurnished,East,0,7600000,Mahabubnagar | Bhoothpur
Andhra Pradesh,Sri Potti Sriramulu Nellore,Nellore,Independent House,5,4,2392,Unfurnished,South-East,3,6200000,Sri Potti Sriramulu Nellore | Venkatachalam
Telangana,Jagtial,Jagtial,Independent House,3,3,1805,Unfurnished,East,13,4175000,Jagtial | Korutla
Telangana,Mulugu,Mulugu,Residential Plot,0,0,1503,Not Applicable,West,0,1875000,Mulugu | Mulugu Town
Telangana,Medchal Malkajgiri,Hyderabad,Apartment,2,2,1111,Semi-Furnished,North-East,4,7900000,Medchal Malkajgiri | AS Rao Nagar
Andhra Pradesh,East Godavari,Rajahmundry,Independent House,4,4,1953,Unfurnished,East,8,8775000,East Godavari | Morampudi
Telangana,Mancherial,Mancherial,Villa,4,4,2891,Furnished,West,1,8025000,Mancherial | Bellampalli
Andhra Pradesh,Visakhapatnam,Visakhapatnam,Independent Builder Floor,2,1,943,Unfurnished,East,9,4525000,Visakhapatnam | Bheemili
Andhra Pradesh,Guntur,Guntur,Independent House,4,4,1725,Unfurnished,North,30,4300000,Guntur | Prathipadu
Telangana,Nizamabad,Nizamabad,Residential Plot,0,0,1197,Not Applicable,North-East,0,2675000,Nizamabad | Vinayak Nagar
Telangana,Bhadradri Kothagudem,Kothagudem,Apartment,4,3,1979,Unfurnished,East,0,5125000,Bhadradri Kothagudem | Sujathanagar
Andhra Pradesh,Sri Potti Sriramulu Nellore,Nellore,Independent Builder Floor,2,2,975,Unfurnished,North,4,4050000,Sri Potti Sriramulu Nellore | Magunta Layout
Telangana,Rangareddy,Hyderabad,Independent Builder Floor,2,2,904,Semi-Furnished,South,1,12700000,Rangareddy | Kokapet
Telangana,Karimnagar,Karimnagar,Residential Plot,0,0,2700,Not Applicable,West,0,6075000,Karimnagar | Kashmirgadda
Andhra Pradesh,Tirupati,Tirupati,Independent House,4,4,2554,Furnished,East,0,11900000,Tirupati | Gudur
Telangana,Karimnagar,Karimnagar,Villa,4,4,2425,Unfurnished,South,1,16250000,Karimnagar | Jyothinagar
Andhra Pradesh,Guntur,Guntur,Independent House,3,3,2064,Furnished,West,17,6825000,Guntur | Nallapadu
Andhra Pradesh,NTR,Vijayawada,Villa,4,5,2753,Semi-Furnished,East,3,16450000,NTR | Gollapudi
Andhra Pradesh,NTR,Vijayawada,Residential Plot,0,0,2700,Not Applicable,North,0,11550000,NTR | MG Road
Andhra Pradesh,West Godavari,Bhimavaram,Independent House,2,1,1237,Unfurnished,North,1,4800000,West Godavari | Tanuku
Telangana,Sangareddy,Sangareddy,Residential Plot,0,0,2403,Not Applicable,North,0,6600000,Sangareddy | Jinnaram
Andhra Pradesh,Tirupati,Tirupati,Independent House,3,3,1653,Furnished,North,9,8825000,Tirupati | Korlagunta
Telangana,Hyderabad,Hyderabad,Apartment,2,2,1051,Furnished,North-East,3,13475000,Hyderabad | Jubilee Hills
Andhra Pradesh,Kakinada,Kakinada,Apartment,3,3,1306,Semi-Furnished,North,3,7625000,Kakinada | Bhanugudi Junction
Telangana,Mahabubnagar,Mahabubnagar,Apartment,2,2,1053,Unfurnished,West,0,5300000,Mahabubnagar | Mahabubnagar Town
Andhra Pradesh,NTR,Vijayawada,Apartment,4,4,2466,Unfurnished,North,5,10250000,NTR | Ambapuram
Telangana,Nirmal,Nirmal,Independent House,4,4,2049,Semi-Furnished,East,0,4750000,Nirmal | Bhainsa
Telangana,Nirmal,Nirmal,Apartment,3,3,1625,Unfurnished,South-East,0,2750000,Nirmal | Khanapur
Andhra Pradesh,Markapuram,Markapuram,Independent House,3,4,1556,Semi-Furnished,North,0,2050000,Markapuram | Tarlupadu
Andhra Pradesh,Eluru,Eluru,Independent House,3,3,1575,Semi-Furnished,North,16,4425000,Eluru | Nuzvid
Telangana,Siddipet,Siddipet,Independent House,3,4,1356,Unfurnished,North,12,2625000,Siddipet | Cherial
Andhra Pradesh,Sri Potti Sriramulu Nellore,Nellore,Apartment,2,2,1018,Furnished,North,4,4875000,Sri Potti Sriramulu Nellore | Pogathota
Telangana,Siddipet,Siddipet,Apartment,2,2,895,Unfurnished,North,7,2125000,Siddipet | Dubbaka
Andhra Pradesh,Krishna,Vijayawada,Independent House,3,3,1511,Unfurnished,South,1,7350000,Krishna | Gannavaram
Telangana,Hyderabad,Hyderabad,Independent House,4,5,1831,Unfurnished,North,4,16925000,Hyderabad | Himayatnagar
Andhra Pradesh,Sri Sathya Sai,Puttaparthi,Independent Builder Floor,3,3,1731,Unfurnished,South-East,0,4000000,Sri Sathya Sai | Dharmavaram
Telangana,Rangareddy,Hyderabad,Independent House,4,3,2226,Unfurnished,South-East,11,12200000,Rangareddy | Nadargul
Andhra Pradesh,Chittoor,Chittoor,Apartment,2,2,1010,Semi-Furnished,South,0,2550000,Chittoor | Gangadhara Nellore
Andhra Pradesh,Krishna,Vijayawada,Apartment,2,3,1181,Unfurnished,South,0,4475000,Krishna | Gannavaram
Telangana,Rangareddy,Hyderabad,Apartment,3,3,1394,Unfurnished,East,0,17150000,Rangareddy | Gachibowli
Andhra Pradesh,Chittoor,Chittoor,Independent Builder Floor,2,1,1167,Unfurnished,South,0,2075000,Chittoor | Somala
Telangana,Mahabubabad,Mahabubabad,Independent House,3,2,1405,Furnished,North-East,1,5075000,Mahabubabad | Mahabubabad Town
Telangana,Mancherial,Mancherial,Independent House,4,5,2118,Unfurnished,West,2,3650000,Mancherial | Naspur
Telangana,Sangareddy,Sangareddy,Villa,3,3,2157,Furnished,West,20,8300000,Sangareddy | Zaheerabad
Telangana,Sangareddy,Hyderabad,Villa,3,4,2012,Unfurnished,North-East,3,17050000,Sangareddy | Beeramguda
Andhra Pradesh,Kurnool,Kurnool,Independent Builder Floor,3,3,1486,Semi-Furnished,East,1,6825000,Kurnool | Venkataramana Colony
Telangana,Mulugu,Mulugu,Independent House,5,5,2693,Unfurnished,North-East,18,2850000,Mulugu | Wazeedu
Andhra Pradesh,Kurnool,Kurnool,Residential Plot,0,0,900,Not Applicable,East,0,725000,Kurnool | Alur
Telangana,Medchal Malkajgiri,Hyderabad,Apartment,2,3,904,Unfurnished,North-East,2,6150000,Medchal Malkajgiri | Nizampet
Andhra Pradesh,Visakhapatnam,Visakhapatnam,Apartment,2,2,1130,Unfurnished,North,2,5675000,Visakhapatnam | Bheemili
Telangana,Hyderabad,Hyderabad,Independent House,2,2,907,Unfurnished,South,12,7525000,Hyderabad | Begumpet
Telangana,Medchal Malkajgiri,Hyderabad,Apartment,4,4,2099,Unfurnished,South,15,9125000,Medchal Malkajgiri | Shamirpet
Andhra Pradesh,Kurnool,Kurnool,Apartment,2,2,878,Semi-Furnished,North-East,10,3350000,Kurnool | Gayathri Estates
Telangana,Warangal,Warangal,Independent House,3,3,1786,Unfurnished,North,0,4050000,Warangal | Nekkonda
Telangana,Hyderabad,Hyderabad,Independent House,4,4,2422,Unfurnished,East,1,36525000,Hyderabad | Jubilee Hills
Telangana,Medchal Malkajgiri,Hyderabad,Independent Builder Floor,3,3,1439,Furnished,North,3,10025000,Medchal Malkajgiri | Uppal
Andhra Pradesh,Markapuram,Markapuram,Apartment,3,2,1693,Unfurnished,East,7,2625000,Markapuram | Tarlupadu
Telangana,Warangal,Warangal,Apartment,2,1,1201,Unfurnished,East,0,4750000,Warangal | Mattewada
Andhra Pradesh,Vizianagaram,Vizianagaram,Apartment,2,1,1108,Unfurnished,East,3,4175000,Vizianagaram | Bobbili
Telangana,Kamareddy,Kamareddy,Apartment,3,2,1565,Unfurnished,North-East,1,3575000,Kamareddy | Bhiknoor
Andhra Pradesh,Polavaram,Rampachodavaram,Independent House,5,5,1966,Furnished,South,3,2900000,Polavaram | Kunavaram
Telangana,Jayashankar Bhupalpally,Bhupalpally,Independent House,2,1,1452,Unfurnished,North-East,2,4300000,Jayashankar Bhupalpally | Bhupalpally Town
Andhra Pradesh,Kurnool,Kurnool,Independent House,3,3,1464,Unfurnished,South-East,2,5925000,Kurnool | Gayathri Estates
Andhra Pradesh,Guntur,Amaravati,Apartment,4,4,2164,Furnished,North,10,14750000,Guntur | Mangalagiri
Andhra Pradesh,Visakhapatnam,Visakhapatnam,Independent House,6,7,3023,Unfurnished,North,10,23525000,Visakhapatnam | Madhurawada
Telangana,Medak,Medak,Residential Plot,0,0,1620,Not Applicable,North-East,0,1175000,Medak | Papannapet
Telangana,Jayashankar Bhupalpally,Bhupalpally,Villa,4,4,2326,Semi-Furnished,West,5,3950000,Jayashankar Bhupalpally | Palimela
Telangana,Hyderabad,Hyderabad,Residential Plot,0,0,2997,Not Applicable,South,0,34650000,Hyderabad | Jubilee Hills
Andhra Pradesh,Visakhapatnam,Visakhapatnam,Apartment,3,3,1154,Semi-Furnished,North-East,1,13375000,Visakhapatnam | MVP Colony
Andhra Pradesh,Anakapalli,Anakapalle,Residential Plot,0,0,1800,Not Applicable,West,0,2375000,Anakapalli | Yelamanchili
Telangana,Hanumakonda,Hanamkonda,Independent House,6,7,3286,Unfurnished,West,2,19000000,Hanumakonda | Nakkalagutta
Andhra Pradesh,Kurnool,Kurnool,Apartment,1,2,630,Furnished,East,0,1425000,Kurnool | Pattikonda
Andhra Pradesh,Parvathipuram Manyam,Parvathipuram,Independent House,6,7,3267,Semi-Furnished,South-East,9,4700000,Parvathipuram Manyam | Kurupam
Telangana,Rangareddy,Hyderabad,Villa,3,4,2407,Unfurnished,South,2,27325000,Rangareddy | Narsingi
Andhra Pradesh,Tirupati,Tirupati,Apartment,4,4,2333,Furnished,North-East,5,14725000,Tirupati | Leela Mahal Circle
Andhra Pradesh,Kurnool,Kurnool,Independent House,5,5,2636,Unfurnished,South,6,4800000,Kurnool | Pattikonda
Andhra Pradesh,Prakasam,Ongole,Residential Plot,0,0,4500,Not Applicable,East,0,2975000,Prakasam | Naguluppalapadu
Telangana,Yadadri Bhuvanagiri,Bhongir,Apartment,3,3,1824,Unfurnished,East,0,4825000,Yadadri Bhuvanagiri | Alair
Andhra Pradesh,Nandyal,Nandyal,Independent House,2,3,1138,Semi-Furnished,West,10,3425000,Nandyal | Nandyal Town
Andhra Pradesh,Krishna,Vijayawada,Independent House,6,7,2987,Unfurnished,North,5,15350000,Krishna | Penamaluru
Telangana,Jangaon,Jangaon,Apartment,2,3,1072,Unfurnished,West,8,2075000,Jangaon | Station Ghanpur
Telangana,Warangal,Warangal,Apartment,3,2,1630,Unfurnished,West,1,4900000,Warangal | Geesugonda
Telangana,Yadadri Bhuvanagiri,Bhongir,Independent House,4,5,2211,Furnished,East,1,9150000,Yadadri Bhuvanagiri | Yadagirigutta
Telangana,Bhadradri Kothagudem,Kothagudem,Independent House,2,2,1240,Unfurnished,West,13,3275000,Bhadradri Kothagudem | Palvancha
Telangana,Mahabubnagar,Mahabubnagar,Apartment,3,3,1399,Unfurnished,North-East,1,5475000,Mahabubnagar | Mahabubnagar Town
Telangana,Suryapet,Suryapet,Independent House,2,3,716,Semi-Furnished,East,26,1300000,Suryapet | Huzurnagar
Andhra Pradesh,East Godavari,Rajahmundry,Residential Plot,0,0,1197,Not Applicable,East,0,2825000,East Godavari | Innespeta
Telangana,Hanumakonda,Hanamkonda,Apartment,3,4,1299,Unfurnished,North,0,6650000,Hanumakonda | Naimnagar
Telangana,Sangareddy,Hyderabad,Apartment,2,2,1102,Unfurnished,North,5,10125000,Sangareddy | Tellapur
Andhra Pradesh,Krishna,Vijayawada,Residential Plot,0,0,2700,Not Applicable,East,0,6025000,Krishna | Penamaluru
Andhra Pradesh,YSR Kadapa,Kadapa,Apartment,2,2,1080,Semi-Furnished,North,2,2350000,YSR Kadapa | Yerraguntla
Telangana,Hyderabad,Hyderabad,Apartment,3,2,1500,Unfurnished,South,5,13725000,Hyderabad | Begumpet
Telangana,Medchal Malkajgiri,Hyderabad,Apartment,2,3,855,Semi-Furnished,South-East,1,9325000,Medchal Malkajgiri | KPHB
Andhra Pradesh,Kakinada,Kakinada,Independent House,3,4,1759,Unfurnished,East,12,8525000,Kakinada | Rama Rao Peta
Andhra Pradesh,Nandyal,Nandyal,Residential Plot,0,0,3600,Not Applicable,North-East,0,5175000,Nandyal | Dhone
Andhra Pradesh,Vizianagaram,Vizianagaram,Apartment,2,1,1155,Unfurnished,West,0,3000000,Vizianagaram | Pusapatirega
Telangana,Rangareddy,Hyderabad,Residential Plot,0,0,1998,Not Applicable,East,0,8725000,Rangareddy | Nadargul
Telangana,Medak,Medak,Apartment,2,2,1030,Unfurnished,East,0,2575000,Medak | Toopran
Telangana,Adilabad,Adilabad,Apartment,3,3,1377,Semi-Furnished,North-East,4,5325000,Adilabad | Adilabad Town
Andhra Pradesh,Visakhapatnam,Visakhapatnam,Independent House,3,3,1589,Semi-Furnished,South,0,15525000,Visakhapatnam | Rushikonda
Telangana,Jayashankar Bhupalpally,Bhupalpally,Residential Plot,0,0,1620,Not Applicable,North-East,0,2625000,Jayashankar Bhupalpally | Bhupalpally Town
Andhra Pradesh,Anakapalli,Anakapalle,Apartment,2,2,723,Unfurnished,North-East,1,2700000,Anakapalli | Sabbavaram
Andhra Pradesh,Visakhapatnam,Visakhapatnam,Independent House,4,5,2305,Unfurnished,East,12,10225000,Visakhapatnam | Marripalem
Telangana,Sangareddy,Hyderabad,Apartment,2,1,1232,Unfurnished,South,0,6850000,Sangareddy | Patancheru
Andhra Pradesh,East Godavari,Rajahmundry,Residential Plot,0,0,1620,Not Applicable,North,0,4275000,East Godavari | Danavaipeta
Telangana,Rangareddy,Hyderabad,Independent House,3,4,1754,Unfurnished,East,0,25225000,Rangareddy | Gachibowli
Andhra Pradesh,YSR Kadapa,Kadapa,Independent House,3,3,1897,Furnished,East,1,3900000,YSR Kadapa | Jammalamadugu
Andhra Pradesh,Guntur,Amaravati,Independent Builder Floor,3,4,1638,Unfurnished,West,1,10850000,Guntur | Tadepalle
Telangana,Nagarkurnool,Nagarkurnool,Independent House,3,2,1677,Unfurnished,North,5,5600000,Nagarkurnool | Nagarkurnool Town
Andhra Pradesh,Krishna,Machilipatnam,Independent House,4,4,2245,Furnished,North,8,6600000,Krishna | Pamarru
Telangana,Mahabubnagar,Mahabubnagar,Villa,4,3,2629,Furnished,South,1,16600000,Mahabubnagar | Mahabubnagar Town
Telangana,Kamareddy,Kamareddy,Independent House,2,2,918,Semi-Furnished,East,19,1350000,Kamareddy | Domakonda
Telangana,Peddapalli,Peddapalli,Residential Plot,0,0,1503,Not Applicable,East,0,2225000,Peddapalli | Godavarikhani
Andhra Pradesh,Visakhapatnam,Visakhapatnam,Apartment,2,1,1077,Furnished,South-East,3,7725000,Visakhapatnam | Madhurawada
Telangana,Khammam,Khammam,Independent House,3,2,1454,Furnished,North,7,7200000,Khammam | Gandhi Chowk
Telangana,Rangareddy,Hyderabad,Apartment,2,1,1191,Unfurnished,North,3,5650000,Rangareddy | Shankarpally
Telangana,Khammam,Khammam,Residential Plot,0,0,3600,Not Applicable,North-East,0,2850000,Khammam | Kusumanchi
Telangana,Suryapet,Suryapet,Apartment,3,4,1583,Unfurnished,North,4,5175000,Suryapet | Suryapet Town
Andhra Pradesh,Nandyal,Nandyal,Independent House,3,3,2018,Furnished,North,4,4300000,Nandyal | Banaganapalle
Telangana,Karimnagar,Karimnagar,Villa,4,4,2272,Semi-Furnished,South,1,17150000,Karimnagar | Mankammathota
Andhra Pradesh,East Godavari,Rajahmundry,Apartment,2,3,955,Unfurnished,South,0,4425000,East Godavari | Prakash Nagar
Andhra Pradesh,Kakinada,Kakinada,Villa,4,4,2844,Unfurnished,West,0,10525000,Kakinada | Kovvada
Andhra Pradesh,Annamayya,Madanapalle,Apartment,1,1,563,Unfurnished,South,0,750000,Annamayya | Kalakada
Andhra Pradesh,East Godavari,Rajahmundry,Independent House,3,4,1671,Unfurnished,East,30,7200000,East Godavari | Innespeta
Telangana,Hyderabad,Hyderabad,Independent House,2,2,1131,Unfurnished,North-East,2,8200000,Hyderabad | Musheerabad
Telangana,Karimnagar,Karimnagar,Apartment,2,2,881,Unfurnished,East,16,3375000,Karimnagar | Jyothinagar
Telangana,Hyderabad,Hyderabad,Independent Builder Floor,3,2,1197,Semi-Furnished,South,1,9025000,Hyderabad | Tarnaka
Telangana,Warangal,Warangal,Independent House,3,2,2022,Furnished,West,30,3375000,Warangal | Sangem
Telangana,Hanumakonda,Hanamkonda,Independent House,3,3,1570,Unfurnished,North-East,7,8050000,Hanumakonda | Balasamudram
Andhra Pradesh,Srikakulam,Srikakulam,Apartment,2,2,884,Furnished,West,5,3650000,Srikakulam | Srikakulam Town
Andhra Pradesh,Chittoor,Chittoor,Apartment,3,3,1349,Semi-Furnished,North,1,5375000,Chittoor | Chittoor Town
Telangana,Kamareddy,Kamareddy,Independent House,4,4,2332,Unfurnished,West,1,5050000,Kamareddy | Banswada
Telangana,Rangareddy,Hyderabad,Independent House,4,5,2180,Semi-Furnished,East,8,9825000,Rangareddy | Kandukur
Andhra Pradesh,Guntur,Guntur,Residential Plot,0,0,2160,Not Applicable,East,0,4875000,Guntur | Vidya Nagar
Andhra Pradesh,Guntur,Amaravati,Independent House,4,4,2133,Unfurnished,East,17,12200000,Guntur | Mangalagiri
Telangana,Sangareddy,Hyderabad,Apartment,3,3,1757,Unfurnished,North,0,11825000,Sangareddy | Beeramguda
Telangana,Warangal,Warangal,Independent Builder Floor,3,3,1413,Semi-Furnished,North,13,3675000,Warangal | Wardhannapet
Andhra Pradesh,Vizianagaram,Vizianagaram,Independent House,4,5,2263,Furnished,North-East,6,6700000,Vizianagaram | Gajapathinagaram
Telangana,Wanaparthy,Wanaparthy,Apartment,3,4,1369,Unfurnished,West,1,3975000,Wanaparthy | Wanaparthy Town
Andhra Pradesh,Anakapalli,Anakapalle,Apartment,3,3,1684,Furnished,West,0,6450000,Anakapalli | Sabbavaram
Telangana,Hanumakonda,Hanamkonda,Apartment,3,3,1576,Unfurnished,North,0,5425000,Hanumakonda | Parkal
Telangana,Hyderabad,Hyderabad,Apartment,2,2,970,Unfurnished,North,4,6275000,Hyderabad | Malakpet
Andhra Pradesh,Vizianagaram,Vizianagaram,Apartment,3,2,1657,Unfurnished,North,0,6025000,Vizianagaram | Bhogapuram
Andhra Pradesh,Tirupati,Tirupati,Independent House,5,6,2525,Semi-Furnished,North,1,16075000,Tirupati | Korlagunta
Telangana,Jogulamba Gadwal,Gadwal,Apartment,2,2,1169,Unfurnished,South,0,1800000,Jogulamba Gadwal | Ieeja
Telangana,Nalgonda,Nalgonda,Apartment,2,2,815,Unfurnished,South,0,3200000,Nalgonda | Nalgonda Town
Andhra Pradesh,Guntur,Amaravati,Apartment,2,2,982,Furnished,South-East,9,4700000,Guntur | Undavalli
Telangana,Rangareddy,Hyderabad,Independent House,5,4,2419,Unfurnished,South,18,11575000,Rangareddy | Hayathnagar
Andhra Pradesh,East Godavari,Rajahmundry,Residential Plot,0,0,1800,Not Applicable,East,0,3225000,East Godavari | Bommuru
Telangana,Suryapet,Suryapet,Apartment,2,3,1062,Unfurnished,North,0,4275000,Suryapet | Suryapet Town
Andhra Pradesh,Krishna,Machilipatnam,Villa,4,4,2770,Unfurnished,South,13,10125000,Krishna | Pamarru
Telangana,Mahabubnagar,Mahabubnagar,Apartment,3,3,1341,Unfurnished,South,0,4575000,Mahabubnagar | Jadcherla
Telangana,Medak,Medak,Independent House,3,3,1744,Unfurnished,West,4,3000000,Medak | Chegunta
Telangana,Siddipet,Siddipet,Residential Plot,0,0,1350,Not Applicable,South-East,0,1350000,Siddipet | Husnabad
Andhra Pradesh,Parvathipuram Manyam,Parvathipuram,Independent House,3,4,1813,Semi-Furnished,East,4,5450000,Parvathipuram Manyam | Parvathipuram Town
Telangana,Nizamabad,Nizamabad,Apartment,3,2,1254,Unfurnished,North,14,2600000,Nizamabad | Bodhan
Telangana,Jangaon,Jangaon,Independent House,3,2,1524,Unfurnished,North,18,2725000,Jangaon | Station Ghanpur
Telangana,Jagtial,Jagtial,Apartment,3,3,1377,Unfurnished,West,6,2225000,Jagtial | Raikal
Andhra Pradesh,Vizianagaram,Vizianagaram,Residential Plot,0,0,1503,Not Applicable,North,0,2325000,Vizianagaram | Bobbili
Telangana,Yadadri Bhuvanagiri,Bhongir,Independent House,3,3,1551,Unfurnished,South-East,15,2475000,Yadadri Bhuvanagiri | Rajapet
Andhra Pradesh,Vizianagaram,Vizianagaram,Independent House,3,2,1748,Unfurnished,South-East,3,7325000,Vizianagaram | Vizianagaram Town
Telangana,Karimnagar,Karimnagar,Residential Plot,0,0,1350,Not Applicable,West,0,1375000,Karimnagar | Thimmapur
Andhra Pradesh,Guntur,Amaravati,Villa,5,5,2474,Unfurnished,South,0,13000000,Guntur | Tadikonda
Telangana,Rangareddy,Hyderabad,Residential Plot,0,0,1197,Not Applicable,North,0,8700000,Rangareddy | Narsingi
Telangana,Bhadradri Kothagudem,Kothagudem,Independent House,3,4,1821,Unfurnished,East,17,4775000,Bhadradri Kothagudem | Bhadrachalam
Telangana,Nagarkurnool,Nagarkurnool,Apartment,2,2,1112,Unfurnished,South-East,0,2200000,Nagarkurnool | Kalwakurthy
Telangana,Medchal Malkajgiri,Hyderabad,Independent House,3,2,1458,Semi-Furnished,East,0,14950000,Medchal Malkajgiri | KPHB
Andhra Pradesh,Chittoor,Chittoor,Apartment,3,4,1420,Unfurnished,North,1,2650000,Chittoor | Puthalapattu
Andhra Pradesh,Sri Sathya Sai,Puttaparthi,Residential Plot,0,0,1350,Not Applicable,East,0,1350000,Sri Sathya Sai | Lepakshi
Andhra Pradesh,Visakhapatnam,Visakhapatnam,Apartment,2,2,1020,Unfurnished,East,6,8850000,Visakhapatnam | Dwaraka Nagar
Telangana,Yadadri Bhuvanagiri,Bhongir,Independent House,4,3,2011,Unfurnished,West,12,6025000,Yadadri Bhuvanagiri | Bibinagar
Telangana,Hanumakonda,Hanamkonda,Apartment,3,4,1367,Unfurnished,South,0,7775000,Hanumakonda | Hunter Road
Andhra Pradesh,Kakinada,Kakinada,Independent House,5,5,2246,Unfurnished,North-East,4,12800000,Kakinada | Jagannaickpur
Telangana,Karimnagar,Karimnagar,Independent House,4,5,2386,Unfurnished,South,6,9700000,Karimnagar | Ramnagar
Telangana,Rangareddy,Hyderabad,Residential Plot,0,0,1620,Not Applicable,North,0,7200000,Rangareddy | Shamshabad
Andhra Pradesh,Anakapalli,Anakapalle,Residential Plot,0,0,1998,Not Applicable,North,0,3725000,Anakapalli | Yelamanchili
Andhra Pradesh,West Godavari,Bhimavaram,Apartment,2,3,1072,Unfurnished,North-East,1,5650000,West Godavari | Bhimavaram Town
Telangana,Rangareddy,Hyderabad,Apartment,2,3,1102,Furnished,North,3,8250000,Rangareddy | Rajendranagar
Telangana,Nalgonda,Nalgonda,Apartment,2,1,983,Unfurnished,West,0,2050000,Nalgonda | Nakrekal
Telangana,Kamareddy,Kamareddy,Villa,4,4,2792,Unfurnished,West,4,6300000,Kamareddy | Yellareddy
Andhra Pradesh,Srikakulam,Srikakulam,Apartment,3,2,1885,Unfurnished,East,1,7225000,Srikakulam | Srikakulam Town
Andhra Pradesh,Sri Potti Sriramulu Nellore,Nellore,Independent House,4,3,2120,Semi-Furnished,North-East,23,8950000,Sri Potti Sriramulu Nellore | Dargamitta
Andhra Pradesh,Tirupati,Tirupati,Apartment,3,3,1545,Unfurnished,North-East,0,10725000,Tirupati | K.T. Road
Telangana,Suryapet,Suryapet,Independent House,4,5,2129,Semi-Furnished,South,4,7300000,Suryapet | Suryapet Town
Telangana,Karimnagar,Karimnagar,Independent House,5,5,2505,Unfurnished,East,8,8975000,Karimnagar | Vavilalapally
Telangana,Medchal Malkajgiri,Hyderabad,Apartment,2,2,1189,Unfurnished,East,8,10625000,Medchal Malkajgiri | Bachupally
Andhra Pradesh,Anantapur,Anantapur,Residential Plot,0,0,1503,Not Applicable,North-East,0,2775000,Anantapur | Saptagiri Circle
Telangana,Nizamabad,Nizamabad,Residential Plot,0,0,1350,Not Applicable,North-East,0,1700000,Nizamabad | Bodhan
Telangana,Mulugu,Mulugu,Residential Plot,0,0,2160,Not Applicable,East,0,2475000,Mulugu | Mulugu Town
Andhra Pradesh,Kakinada,Kakinada,Independent House,2,2,1247,Semi-Furnished,North,6,5525000,Kakinada | Vakalapudi
Andhra Pradesh,Vizianagaram,Vizianagaram,Residential Plot,0,0,2700,Not Applicable,East,0,3775000,Vizianagaram | Bhogapuram
Andhra Pradesh,Tirupati,Tirupati,Apartment,3,4,1181,Furnished,West,0,5975000,Tirupati | Vikruthamala
Telangana,Hyderabad,Hyderabad,Apartment,3,3,1681,Furnished,West,0,15750000,Hyderabad | Shaikpet
Andhra Pradesh,Tirupati,Tirupati,Residential Plot,0,0,1800,Not Applicable,North-East,0,5750000,Tirupati | Korlagunta
Telangana,Peddapalli,Peddapalli,Independent House,3,3,1752,Semi-Furnished,East,30,4800000,Peddapalli | Peddapalli Town
Telangana,Kamareddy,Kamareddy,Residential Plot,0,0,900,Not Applicable,East,0,800000,Kamareddy | Banswada
Telangana,Medchal Malkajgiri,Hyderabad,Apartment,3,3,1437,Unfurnished,North-East,4,11225000,Medchal Malkajgiri | Kukatpally
Andhra Pradesh,Tirupati,Tirupati,Independent House,3,3,1615,Semi-Furnished,East,2,5025000,Tirupati | Gudur
Telangana,Mahabubabad,Mahabubabad,Apartment,3,3,1520,Furnished,East,4,2825000,Mahabubabad | Maripeda
Telangana,Hyderabad,Hyderabad,Residential Plot,0,0,2160,Not Applicable,East,0,32875000,Hyderabad | Banjara Hills
Andhra Pradesh,Alluri Sitharama Raju,Paderu,Villa,5,6,3126,Semi-Furnished,East,10,12500000,Alluri Sitharama Raju | Araku Valley
Telangana,Mancherial,Mancherial,Residential Plot,0,0,1800,Not Applicable,East,0,1325000,Mancherial | Jaipur
Telangana,Hanumakonda,Hanamkonda,Apartment,2,2,1121,Semi-Furnished,North,10,3925000,Hanumakonda | Elkathurthy
Telangana,Wanaparthy,Wanaparthy,Villa,3,2,2090,Unfurnished,North-East,2,4325000,Wanaparthy | Atmakur
Telangana,Mahabubabad,Mahabubabad,Residential Plot,0,0,1998,Not Applicable,East,0,4025000,Mahabubabad | Mahabubabad Town
Telangana,Wanaparthy,Wanaparthy,Independent House,4,4,1959,Unfurnished,South,2,3375000,Wanaparthy | Pebbair
Andhra Pradesh,Bapatla,Bapatla,Apartment,4,3,1603,Semi-Furnished,North,6,6050000,Bapatla | Bapatla Town
Telangana,Sangareddy,Hyderabad,Apartment,2,2,1024,Furnished,West,2,6875000,Sangareddy | Ameenpur
Telangana,Khammam,Khammam,Apartment,2,3,916,Semi-Furnished,North,11,3075000,Khammam | Madhira
Andhra Pradesh,East Godavari,Rajahmundry,Independent House,4,4,2113,Unfurnished,North,10,9475000,East Godavari | Prakash Nagar
Telangana,Warangal,Warangal,Independent House,4,4,1726,Unfurnished,South,22,4800000,Warangal | Khila Warangal
Andhra Pradesh,Eluru,Eluru,Independent House,2,2,1381,Unfurnished,South-East,4,2775000,Eluru | Pedavegi
Telangana,Khammam,Khammam,Apartment,3,3,1586,Semi-Furnished,West,1,6600000,Khammam | Mamillagudem
Telangana,Hyderabad,Hyderabad,Apartment,2,2,975,Unfurnished,North-East,0,10425000,Hyderabad | Begumpet
Telangana,Medchal Malkajgiri,Hyderabad,Villa,4,5,2840,Semi-Furnished,South,29,19325000,Medchal Malkajgiri | Quthbullapur
Telangana,Narayanpet,Narayanpet,Independent House,2,3,891,Semi-Furnished,North,7,1325000,Narayanpet | Utkoor
Telangana,Hyderabad,Hyderabad,Apartment,2,2,1119,Unfurnished,East,5,10150000,Hyderabad | Yousufguda
Telangana,Adilabad,Adilabad,Independent House,3,3,1632,Unfurnished,South-East,0,6375000,Adilabad | Adilabad Town
Telangana,Hyderabad,Hyderabad,Residential Plot,0,0,1998,Not Applicable,North-East,0,9050000,Hyderabad | Charminar
Andhra Pradesh,Tirupati,Tirupati,Independent House,3,3,1743,Unfurnished,West,0,11250000,Tirupati | Air Bypass Road
Andhra Pradesh,Sri Sathya Sai,Puttaparthi,Independent House,5,5,2589,Semi-Furnished,South,9,9225000,Sri Sathya Sai | Hindupur
Andhra Pradesh,Vizianagaram,Vizianagaram,Apartment,3,4,1050,Unfurnished,East,7,4600000,Vizianagaram | Vizianagaram Town
Telangana,Rajanna Sircilla,Sircilla,Residential Plot,0,0,900,Not Applicable,North,0,625000,Rajanna Sircilla | Thangallapally
Telangana,Sangareddy,Hyderabad,Independent House,5,4,2539,Semi-Furnished,South,12,19075000,Sangareddy | Ameenpur
Telangana,Wanaparthy,Wanaparthy,Residential Plot,0,0,1197,Not Applicable,North,0,1625000,Wanaparthy | Wanaparthy Town
Andhra Pradesh,Guntur,Guntur,Independent House,5,6,2420,Unfurnished,North,1,10175000,Guntur | Nallapadu
Andhra Pradesh,NTR,Vijayawada,Apartment,3,2,1845,Furnished,North,0,10075000,NTR | Kondapalli
Andhra Pradesh,Prakasam,Ongole,Independent House,2,1,1273,Semi-Furnished,East,4,4100000,Prakasam | Ongole Town
Telangana,Rangareddy,Hyderabad,Residential Plot,0,0,1503,Not Applicable,South-East,0,8675000,Rangareddy | Attapur
Telangana,Peddapalli,Peddapalli,Independent House,4,4,2367,Unfurnished,South,5,6225000,Peddapalli | Ramagundam
Telangana,Medak,Medak,Residential Plot,0,0,1998,Not Applicable,East,0,2350000,Medak | Narsapur
Telangana,Hanumakonda,Hanamkonda,Apartment,3,3,1917,Unfurnished,South,0,9175000,Hanumakonda | Naimnagar
Andhra Pradesh,Eluru,Eluru,Residential Plot,0,0,1998,Not Applicable,West,0,1850000,Eluru | Bhimadole
Telangana,Hyderabad,Hyderabad,Independent House,4,4,2020,Semi-Furnished,North-East,18,11925000,Hyderabad | Kachiguda
Andhra Pradesh,Prakasam,Ongole,Residential Plot,0,0,1503,Not Applicable,West,0,2075000,Prakasam | Ongole Town
Telangana,Medak,Medak,Independent House,4,4,2081,Furnished,East,4,5400000,Medak | Toopran
Telangana,Rajanna Sircilla,Sircilla,Independent House,3,3,1788,Semi-Furnished,North,1,3450000,Rajanna Sircilla | Boinpalli
Andhra Pradesh,Guntur,Guntur,Residential Plot,0,0,1800,Not Applicable,South-East,0,3550000,Guntur | Kothapet
Andhra Pradesh,Kakinada,Kakinada,Apartment,4,4,2096,Unfurnished,East,0,9550000,Kakinada | Rama Rao Peta
Andhra Pradesh,Kakinada,Kakinada,Apartment,2,2,1028,Unfurnished,North,5,5700000,Kakinada | Jagannaickpur
Andhra Pradesh,Eluru,Eluru,Independent House,2,1,1087,Unfurnished,North,19,2775000,Eluru | Eluru Town
Andhra Pradesh,Tirupati,Tirupati,Residential Plot,0,0,900,Not Applicable,North-East,0,2000000,Tirupati | Tiruchanur
Telangana,Khammam,Khammam,Independent House,2,2,1152,Semi-Furnished,North-East,30,2750000,Khammam | Madhira
Telangana,Narayanpet,Narayanpet,Apartment,3,2,1532,Unfurnished,North-East,4,1975000,Narayanpet | Damaragidda
Andhra Pradesh,Annamayya,Madanapalle,Independent House,2,3,1163,Unfurnished,West,3,2200000,Annamayya | Pileru
Andhra Pradesh,Sri Potti Sriramulu Nellore,Nellore,Apartment,2,3,1088,Unfurnished,North,9,5800000,Sri Potti Sriramulu Nellore | Mini Bypass Road
Andhra Pradesh,NTR,Vijayawada,Apartment,3,4,1369,Unfurnished,North-East,4,10000000,NTR | Governorpet
Telangana,Sangareddy,Sangareddy,Apartment,2,1,1177,Unfurnished,South-East,0,4600000,Sangareddy | Jinnaram
Telangana,Hanumakonda,Hanamkonda,Apartment,3,3,1555,Unfurnished,North-East,11,7825000,Hanumakonda | Kazipet
Telangana,Medchal Malkajgiri,Hyderabad,Apartment,3,3,1508,Unfurnished,South,1,11975000,Medchal Malkajgiri | Kukatpally
Telangana,Rangareddy,Hyderabad,Residential Plot,0,0,2160,Not Applicable,North,0,21750000,Rangareddy | Kokapet
Telangana,Wanaparthy,Wanaparthy,Independent House,3,3,1458,Unfurnished,North-East,1,4850000,Wanaparthy | Wanaparthy Town
Telangana,Siddipet,Siddipet,Residential Plot,0,0,1620,Not Applicable,South,0,1725000,Siddipet | Husnabad
Telangana,Hyderabad,Hyderabad,Apartment,1,1,474,Furnished,East,1,5000000,Hyderabad | Tolichowki
Telangana,Yadadri Bhuvanagiri,Bhongir,Residential Plot,0,0,900,Not Applicable,North,0,1425000,Yadadri Bhuvanagiri | Choutuppal
Andhra Pradesh,Annamayya,Madanapalle,Independent House,3,3,1794,Unfurnished,South,6,2625000,Annamayya | Mulakalacheruvu
Andhra Pradesh,Anakapalli,Anakapalle,Villa,5,5,3236,Unfurnished,South,21,9675000,Anakapalli | Yelamanchili
Telangana,Jangaon,Jangaon,Apartment,3,4,1710,Unfurnished,North-East,0,2725000,Jangaon | Bachannapet
Andhra Pradesh,Kurnool,Kurnool,Apartment,3,3,1586,Unfurnished,East,0,4800000,Kurnool | Sunkesula Road
Andhra Pradesh,NTR,Vijayawada,Independent House,4,5,1929,Semi-Furnished,South-East,8,7625000,NTR | Bhavanipuram
Andhra Pradesh,Guntur,Guntur,Apartment,3,4,1487,Semi-Furnished,North-East,3,6500000,Guntur | Ponnur
Telangana,Rangareddy,Hyderabad,Apartment,4,5,2187,Furnished,West,12,22700000,Rangareddy | Gachibowli
Andhra Pradesh,Krishna,Machilipatnam,Apartment,2,1,1047,Unfurnished,East,2,3125000,Krishna | Unguturu
Telangana,Hyderabad,Hyderabad,Apartment,2,2,1119,Unfurnished,East,0,11300000,Hyderabad | Ameerpet
Telangana,Narayanpet,Narayanpet,Apartment,1,1,548,Furnished,North,0,850000,Narayanpet | Damaragidda
Telangana,Kamareddy,Kamareddy,Independent House,4,5,2060,Unfurnished,South-East,1,8250000,Kamareddy | Kamareddy Town
Telangana,Medchal Malkajgiri,Hyderabad,Apartment,2,2,968,Semi-Furnished,West,6,4675000,Medchal Malkajgiri | Medchal
Andhra Pradesh,Krishna,Machilipatnam,Independent House,4,5,2136,Unfurnished,East,2,7150000,Krishna | Pamarru
Andhra Pradesh,Nandyal,Nandyal,Apartment,1,1,548,Furnished,West,1,1950000,Nandyal | Nandyal Town
Andhra Pradesh,Visakhapatnam,Visakhapatnam,Apartment,2,3,855,Unfurnished,South,0,4925000,Visakhapatnam | Madhurawada
Andhra Pradesh,Visakhapatnam,Visakhapatnam,Independent House,2,2,921,Semi-Furnished,North-East,1,10050000,Visakhapatnam | Rushikonda
Andhra Pradesh,Guntur,Guntur,Residential Plot,0,0,1998,Not Applicable,North-East,0,5650000,Guntur | Arundelpet
Telangana,Karimnagar,Karimnagar,Independent House,3,3,1636,Unfurnished,East,9,5250000,Karimnagar | Huzurabad
Telangana,Yadadri Bhuvanagiri,Bhongir,Apartment,1,2,505,Unfurnished,North,17,1800000,Yadadri Bhuvanagiri | Yadagirigutta
Andhra Pradesh,Sri Sathya Sai,Puttaparthi,Residential Plot,0,0,1998,Not Applicable,East,0,2025000,Sri Sathya Sai | Penukonda
Telangana,Sangareddy,Hyderabad,Villa,3,2,2430,Semi-Furnished,North-East,6,27350000,Sangareddy | Tellapur
Andhra Pradesh,YSR Kadapa,Kadapa,Villa,3,3,2156,Unfurnished,South-East,1,8275000,YSR Kadapa | Marripadu
Andhra Pradesh,Guntur,Guntur,Independent House,2,2,1105,Semi-Furnished,North,30,3975000,Guntur | Auto Nagar
Telangana,Rangareddy,Hyderabad,Independent House,2,3,1194,Unfurnished,West,18,11575000,Rangareddy | Kondapur
Andhra Pradesh,Tirupati,Tirupati,Independent House,2,2,1331,Furnished,East,30,5925000,Tirupati | Tiruchanur
Andhra Pradesh,Sri Sathya Sai,Puttaparthi,Apartment,3,3,1741,Unfurnished,North,0,5100000,Sri Sathya Sai | Dharmavaram
Telangana,Nagarkurnool,Nagarkurnool,Residential Plot,0,0,1197,Not Applicable,East,0,1975000,Nagarkurnool | Nagarkurnool Town
Telangana,Vikarabad,Vikarabad,Independent House,5,5,2493,Semi-Furnished,North-East,12,8625000,Vikarabad | Tandur
Andhra Pradesh,Chittoor,Chittoor,Apartment,2,1,777,Unfurnished,North,1,1650000,Chittoor | Gangadhara Nellore
Telangana,Peddapalli,Peddapalli,Residential Plot,0,0,2997,Not Applicable,South,0,4250000,Peddapalli | Godavarikhani
Andhra Pradesh,Tirupati,Tirupati,Villa,5,5,2806,Semi-Furnished,West,5,14550000,Tirupati | Srikalahasti
Andhra Pradesh,Kakinada,Kakinada,Independent House,4,4,1939,Semi-Furnished,North,1,7225000,Kakinada | Peddapuram
Telangana,Hyderabad,Hyderabad,Apartment,4,4,2079,Unfurnished,North,0,18750000,Hyderabad | Begumpet
Andhra Pradesh,YSR Kadapa,Kadapa,Independent Builder Floor,2,2,966,Unfurnished,East,0,2400000,YSR Kadapa | Proddatur
Telangana,Hyderabad,Hyderabad,Residential Plot,0,0,1620,Not Applicable,South,0,7925000,Hyderabad | Mehdipatnam
Andhra Pradesh,Dr. B.R. Ambedkar Konaseema,Amalapuram,Apartment,2,2,959,Unfurnished,West,1,1775000,Dr. B.R. Ambedkar Konaseema | Alamuru
Telangana,Jogulamba Gadwal,Gadwal,Independent House,4,4,1959,Unfurnished,North-East,3,2425000,Jogulamba Gadwal | Maldakal
Telangana,Warangal,Warangal,Apartment,2,2,880,Unfurnished,North,0,3600000,Warangal | Mattewada
Telangana,Khammam,Khammam,Independent House,4,4,1964,Unfurnished,South-East,19,4225000,Khammam | Thirumalayapalem
Andhra Pradesh,Kurnool,Kurnool,Independent House,5,5,2642,Unfurnished,East,2,8725000,Kurnool | Venkataramana Colony
Andhra Pradesh,East Godavari,Rajahmundry,Independent House,3,4,1912,Furnished,North,2,8775000,East Godavari | Kambala Cheruvu
Andhra Pradesh,Kakinada,Kakinada,Independent House,5,5,2715,Semi-Furnished,South,30,8325000,Kakinada | Pithapuram
Andhra Pradesh,Visakhapatnam,Visakhapatnam,Residential Plot,0,0,1197,Not Applicable,North,0,6075000,Visakhapatnam | Lawsons Bay Colony
Telangana,Siddipet,Siddipet,Residential Plot,0,0,2160,Not Applicable,South,0,3225000,Siddipet | Gajwel
Andhra Pradesh,Bapatla,Bapatla,Villa,3,3,1690,Semi-Furnished,West,0,4525000,Bapatla | Addanki
Andhra Pradesh,Sri Potti Sriramulu Nellore,Nellore,Apartment,2,3,937,Semi-Furnished,South-East,6,4400000,Sri Potti Sriramulu Nellore | Stonehousepeta
Telangana,Yadadri Bhuvanagiri,Bhongir,Villa,5,5,3066,Unfurnished,West,6,15400000,Yadadri Bhuvanagiri | Bhongir Town
Telangana,Hanumakonda,Hanamkonda,Residential Plot,0,0,2700,Not Applicable,North-East,0,3125000,Hanumakonda | Dharmasagar
Andhra Pradesh,Prakasam,Ongole,Independent House,3,2,1578,Unfurnished,North-East,0,4650000,Prakasam | Kothapatnam
Telangana,Yadadri Bhuvanagiri,Bhongir,Apartment,2,2,970,Unfurnished,West,0,3900000,Yadadri Bhuvanagiri | Yadagirigutta
Telangana,Rangareddy,Hyderabad,Villa,4,4,2969,Semi-Furnished,East,3,23125000,Rangareddy | Tukkuguda
Andhra Pradesh,NTR,Vijayawada,Residential Plot,0,0,1800,Not Applicable,South,0,4075000,NTR | Bhavanipuram
Andhra Pradesh,Anantapur,Anantapur,Apartment,3,4,1786,Unfurnished,South,2,2975000,Anantapur | Gooty
Andhra Pradesh,Visakhapatnam,Visakhapatnam,Apartment,2,1,1233,Unfurnished,North-East,0,13400000,Visakhapatnam | Siripuram
Andhra Pradesh,Chittoor,Chittoor,Independent Builder Floor,3,3,1201,Unfurnished,South,0,2000000,Chittoor | Somala
Andhra Pradesh,East Godavari,Rajahmundry,Apartment,2,2,934,Unfurnished,West,1,3675000,East Godavari | Danavaipeta
Andhra Pradesh,NTR,Vijayawada,Independent House,4,4,1976,Unfurnished,North-East,0,8050000,NTR | Ambapuram
Andhra Pradesh,Guntur,Guntur,Independent House,3,2,1276,Unfurnished,South,30,2850000,Guntur | Ponnur
Andhra Pradesh,Kakinada,Kakinada,Independent House,3,2,1608,Semi-Furnished,East,0,10900000,Kakinada | Suryaraopeta
Andhra Pradesh,Annamayya,Madanapalle,Residential Plot,0,0,1350,Not Applicable,East,0,1100000,Annamayya | Nandalur
Andhra Pradesh,Nandyal,Nandyal,Independent House,4,5,2308,Unfurnished,North-East,30,6150000,Nandyal | Nandyal Town
Telangana,Nagarkurnool,Nagarkurnool,Apartment,3,3,1303,Unfurnished,North,0,4000000,Nagarkurnool | Nagarkurnool Town
Andhra Pradesh,East Godavari,Rajahmundry,Apartment,2,2,1086,Unfurnished,South,12,5125000,East Godavari | Morampudi
Andhra Pradesh,Kakinada,Kakinada,Residential Plot,0,0,4500,Not Applicable,East,0,11725000,Kakinada | Ramanayapeta
Telangana,Vikarabad,Vikarabad,Independent House,4,4,2048,Unfurnished,West,0,5525000,Vikarabad | Parigi
Andhra Pradesh,Bapatla,Bapatla,Residential Plot,0,0,2997,Not Applicable,East,0,2300000,Bapatla | Martur
Andhra Pradesh,Anantapur,Anantapur,Apartment,1,1,411,Unfurnished,North,7,1500000,Anantapur | Tapovanam
Telangana,Rangareddy,Hyderabad,Independent House,2,2,991,Unfurnished,North,14,10875000,Rangareddy | Financial District
Telangana,Mahabubabad,Mahabubabad,Independent House,3,4,1451,Unfurnished,South,8,4025000,Mahabubabad | Mahabubabad Town
Andhra Pradesh,Chittoor,Chittoor,Apartment,1,1,513,Unfurnished,South-East,1,1225000,Chittoor | Nagari
Telangana,Nalgonda,Nalgonda,Villa,4,4,2801,Unfurnished,North-East,5,6950000,Nalgonda | Haliya
Andhra Pradesh,Vizianagaram,Vizianagaram,Apartment,3,2,1466,Unfurnished,North,0,3925000,Vizianagaram | Modavalasa
Telangana,Wanaparthy,Wanaparthy,Residential Plot,0,0,1197,Not Applicable,West,0,1550000,Wanaparthy | Wanaparthy Town
Andhra Pradesh,Krishna,Vijayawada,Independent House,5,5,2361,Unfurnished,South,4,9875000,Krishna | Gannavaram
Andhra Pradesh,NTR,Vijayawada,Apartment,4,4,2534,Unfurnished,South-East,0,13950000,NTR | Sri Ramachandra Nagar
Telangana,Rangareddy,Hyderabad,Villa,5,6,3188,Semi-Furnished,East,7,50800000,Rangareddy | Gachibowli
Andhra Pradesh,Anantapur,Anantapur,Apartment,2,2,1010,Furnished,North-East,1,2975000,Anantapur | Guntakal
Telangana,Peddapalli,Peddapalli,Apartment,2,2,1276,Unfurnished,West,0,4350000,Peddapalli | Godavarikhani
Telangana,Hyderabad,Hyderabad,Villa,4,5,3182,Unfurnished,South-East,5,40675000,Hyderabad | Yousufguda
Telangana,Siddipet,Siddipet,Independent House,4,5,1860,Furnished,North,1,11200000,Siddipet | Siddipet Town
Telangana,Hanumakonda,Hanamkonda,Independent House,3,4,1468,Unfurnished,East,4,7975000,Hanumakonda | Balasamudram
Telangana,Wanaparthy,Wanaparthy,Independent Builder Floor,2,2,1229,Unfurnished,South,1,2025000,Wanaparthy | Atmakur
Andhra Pradesh,Alluri Sitharama Raju,Paderu,Residential Plot,0,0,1503,Not Applicable,South-East,0,2275000,Alluri Sitharama Raju | Araku Valley
Andhra Pradesh,East Godavari,Rajahmundry,Apartment,2,2,1219,Unfurnished,North-East,0,6600000,East Godavari | Prakash Nagar
Telangana,Jagtial,Jagtial,Independent House,4,3,2069,Semi-Furnished,North,25,2800000,Jagtial | Dharmapuri
Telangana,Vikarabad,Vikarabad,Residential Plot,0,0,1998,Not Applicable,East,0,1400000,Vikarabad | Dharur
Andhra Pradesh,Kurnool,Kurnool,Apartment,4,5,2545,Semi-Furnished,South-East,4,6725000,Kurnool | Adoni
Andhra Pradesh,Sri Potti Sriramulu Nellore,Nellore,Residential Plot,0,0,900,Not Applicable,East,0,1075000,Sri Potti Sriramulu Nellore | Kovur
Andhra Pradesh,Guntur,Guntur,Residential Plot,0,0,1620,Not Applicable,East,0,3250000,Guntur | Nallapadu
Andhra Pradesh,Visakhapatnam,Visakhapatnam,Apartment,3,4,1537,Unfurnished,East,1,12750000,Visakhapatnam | Maddilapalem
Andhra Pradesh,Nandyal,Nandyal,Independent House,5,4,2648,Furnished,North-East,1,7900000,Nandyal | Dhone
Telangana,Rangareddy,Hyderabad,Residential Plot,0,0,2997,Not Applicable,West,0,24300000,Rangareddy | Narsingi
Andhra Pradesh,Vizianagaram,Vizianagaram,Villa,3,2,2255,Semi-Furnished,East,9,9575000,Vizianagaram | Modavalasa
Andhra Pradesh,Srikakulam,Srikakulam,Apartment,2,2,822,Unfurnished,North,1,2150000,Srikakulam | Ichchapuram
Telangana,Jayashankar Bhupalpally,Bhupalpally,Residential Plot,0,0,2403,Not Applicable,East,0,1575000,Jayashankar Bhupalpally | Mahadevpur
Telangana,Yadadri Bhuvanagiri,Bhongir,Apartment,2,1,1047,Unfurnished,North-East,0,2825000,Yadadri Bhuvanagiri | Pochampally
Telangana,Rangareddy,Hyderabad,Villa,4,4,3178,Unfurnished,North-East,0,58725000,Rangareddy | Gachibowli
Andhra Pradesh,Krishna,Machilipatnam,Independent House,6,6,2889,Unfurnished,East,9,10650000,Krishna | Machilipatnam Town
Andhra Pradesh,Sri Potti Sriramulu Nellore,Nellore,Residential Plot,0,0,1998,Not Applicable,South,0,3725000,Sri Potti Sriramulu Nellore | Pogathota
Andhra Pradesh,Tirupati,Tirupati,Villa,5,5,3850,Semi-Furnished,North,1,23975000,Tirupati | Tummalagunta
Telangana,Nizamabad,Nizamabad,Independent Builder Floor,3,4,1397,Semi-Furnished,West,5,4050000,Nizamabad | Bodhan
Telangana,Rangareddy,Hyderabad,Villa,4,5,2346,Furnished,East,9,35475000,Rangareddy | Financial District
Telangana,Medchal Malkajgiri,Hyderabad,Independent House,4,4,2358,Unfurnished,West,3,19425000,Medchal Malkajgiri | Kukatpally
Telangana,Medchal Malkajgiri,Hyderabad,Residential Plot,0,0,1503,Not Applicable,North-East,0,7100000,Medchal Malkajgiri | Boduppal
Telangana,Hyderabad,Hyderabad,Independent House,3,2,1541,Semi-Furnished,North,9,14300000,Hyderabad | Begumpet
Andhra Pradesh,NTR,Vijayawada,Residential Plot,0,0,3600,Not Applicable,West,0,6800000,NTR | Gollapudi
Telangana,Bhadradri Kothagudem,Kothagudem,Independent House,2,1,1249,Unfurnished,North-East,1,5275000,Bhadradri Kothagudem | Bhadrachalam
Andhra Pradesh,Guntur,Amaravati,Apartment,4,5,2349,Unfurnished,North,1,12875000,Guntur | Tadepalle
Andhra Pradesh,Bapatla,Bapatla,Apartment,4,4,2006,Semi-Furnished,West,1,7375000,Bapatla | Chirala
Telangana,Nizamabad,Nizamabad,Apartment,4,4,2349,Unfurnished,West,0,4550000,Nizamabad | Yedapally
Telangana,Mancherial,Mancherial,Apartment,2,2,1098,Unfurnished,East,0,2150000,Mancherial | Chennur
Telangana,Rangareddy,Hyderabad,Apartment,3,3,1812,Furnished,West,0,18625000,Rangareddy | Narsingi
Andhra Pradesh,Alluri Sitharama Raju,Paderu,Apartment,2,1,1179,Unfurnished,South-East,0,3625000,Alluri Sitharama Raju | Araku Valley
Andhra Pradesh,NTR,Vijayawada,Apartment,3,4,1155,Semi-Furnished,West,8,5675000,NTR | Ajit Singh Nagar
Telangana,Rangareddy,Hyderabad,Apartment,1,1,530,Semi-Furnished,North,1,6075000,Rangareddy | Madhapur
Telangana,Rangareddy,Hyderabad,Apartment,3,4,1357,Furnished,North-East,9,16150000,Rangareddy | Gachibowli
Andhra Pradesh,Kurnool,Kurnool,Apartment,3,4,1417,Semi-Furnished,West,0,2675000,Kurnool | Alur
Telangana,Khammam,Khammam,Independent House,2,2,1182,Semi-Furnished,East,0,4700000,Khammam | Gandhi Chowk
Telangana,Hyderabad,Hyderabad,Residential Plot,0,0,1998,Not Applicable,North-East,0,15075000,Hyderabad | Yousufguda
Telangana,Yadadri Bhuvanagiri,Bhongir,Independent House,3,3,1849,Furnished,South,1,4000000,Yadadri Bhuvanagiri | Rajapet
Telangana,Nalgonda,Nalgonda,Independent House,4,4,2534,Unfurnished,South-East,6,4450000,Nalgonda | Chityal
Telangana,Rangareddy,Hyderabad,Apartment,3,3,1623,Unfurnished,North,0,22800000,Rangareddy | Madhapur
Andhra Pradesh,NTR,Vijayawada,Residential Plot,0,0,2700,Not Applicable,South,0,6550000,NTR | Bhavanipuram
Telangana,Rangareddy,Hyderabad,Apartment,2,2,1114,Semi-Furnished,East,6,7675000,Rangareddy | Hayathnagar
Telangana,Jagtial,Jagtial,Independent House,3,3,1299,Furnished,East,9,1925000,Jagtial | Dharmapuri
Telangana,Medchal Malkajgiri,Hyderabad,Independent House,4,4,1888,Unfurnished,North,29,8900000,Medchal Malkajgiri | ECIL
Telangana,Kamareddy,Kamareddy,Independent House,2,2,917,Furnished,East,5,3150000,Kamareddy | Kamareddy Town
Telangana,Jangaon,Jangaon,Independent House,2,2,1468,Unfurnished,South-East,8,4450000,Jangaon | Jangaon Town
Andhra Pradesh,Eluru,Eluru,Independent House,5,4,2563,Furnished,East,14,7250000,Eluru | Eluru Town
Telangana,Adilabad,Adilabad,Independent House,4,4,2234,Unfurnished,North,0,7175000,Adilabad | Adilabad Town
Telangana,Kumuram Bheem Asifabad,Asifabad,Residential Plot,0,0,900,Not Applicable,North-East,0,500000,Kumuram Bheem Asifabad | Rebbena
Andhra Pradesh,Guntur,Amaravati,Villa,5,6,3503,Unfurnished,East,8,22000000,Guntur | Tadikonda
Andhra Pradesh,Anantapur,Anantapur,Apartment,3,3,1807,Unfurnished,North-East,1,4375000,Anantapur | Tadipatri
Andhra Pradesh,NTR,Vijayawada,Apartment,3,2,1471,Semi-Furnished,East,1,10300000,NTR | Vidyadharapuram
Telangana,Medchal Malkajgiri,Hyderabad,Apartment,4,4,2155,Unfurnished,South-East,3,14875000,Medchal Malkajgiri | Kompally
Andhra Pradesh,Chittoor,Chittoor,Residential Plot,0,0,1503,Not Applicable,North-East,0,1075000,Chittoor | Somala
Andhra Pradesh,Markapuram,Markapuram,Residential Plot,0,0,1800,Not Applicable,East,0,1250000,Markapuram | Pamur
Telangana,Vikarabad,Vikarabad,Independent House,2,2,1291,Unfurnished,West,17,4025000,Vikarabad | Vikarabad Town
Andhra Pradesh,Parvathipuram Manyam,Parvathipuram,Independent House,4,4,2045,Furnished,South,0,3600000,Parvathipuram Manyam | Seethampeta
Andhra Pradesh,Bapatla,Bapatla,Residential Plot,0,0,4500,Not Applicable,South,0,3025000,Bapatla | Martur
Telangana,Warangal,Warangal,Independent House,6,6,2974,Furnished,East,0,13050000,Warangal | Khila Warangal
Telangana,Khammam,Khammam,Independent House,4,5,2107,Semi-Furnished,North,16,6925000,Khammam | Madhira
Andhra Pradesh,Nandyal,Nandyal,Independent House,5,5,2437,Semi-Furnished,West,1,4900000,Nandyal | Koilkuntla
Andhra Pradesh,Vizianagaram,Vizianagaram,Independent House,6,6,2936,Semi-Furnished,West,1,7775000,Vizianagaram | Nellimarla
Telangana,Sangareddy,Sangareddy,Apartment,3,3,1713,Semi-Furnished,South,3,4975000,Sangareddy | Narayankhed
Telangana,Wanaparthy,Wanaparthy,Independent House,2,2,1289,Unfurnished,South,1,3950000,Wanaparthy | Wanaparthy Town
Andhra Pradesh,NTR,Vijayawada,Independent House,2,2,966,Semi-Furnished,West,1,6175000,NTR | Vidyadharapuram
Telangana,Nizamabad,Nizamabad,Independent House,4,4,2075,Semi-Furnished,North,0,4150000,Nizamabad | Nandipet
Telangana,Hyderabad,Hyderabad,Apartment,4,4,2298,Unfurnished,North-East,0,22250000,Hyderabad | Nampally
Andhra Pradesh,Visakhapatnam,Visakhapatnam,Independent House,3,3,1482,Unfurnished,West,17,11550000,Visakhapatnam | MVP Colony
Andhra Pradesh,Sri Sathya Sai,Puttaparthi,Apartment,3,3,1361,Unfurnished,North,1,2525000,Sri Sathya Sai | Lepakshi
Andhra Pradesh,East Godavari,Rajahmundry,Apartment,3,4,1107,Unfurnished,South,2,3900000,East Godavari | Lalacheruvu
Telangana,Jogulamba Gadwal,Gadwal,Independent House,3,3,1588,Semi-Furnished,South-East,2,2325000,Jogulamba Gadwal | Manopad
Telangana,Mahabubnagar,Mahabubnagar,Independent House,3,3,1879,Unfurnished,North-East,4,5975000,Mahabubnagar | Jadcherla
Telangana,Nagarkurnool,Nagarkurnool,Independent House,3,2,2228,Unfurnished,South,4,6925000,Nagarkurnool | Nagarkurnool Town
Telangana,Hanumakonda,Hanamkonda,Apartment,1,1,485,Unfurnished,East,0,2775000,Hanumakonda | Naimnagar
Andhra Pradesh,NTR,Vijayawada,Independent House,3,4,1901,Unfurnished,South-East,1,17325000,NTR | MG Road
Telangana,Mulugu,Mulugu,Independent House,2,2,1071,Unfurnished,South-East,8,2475000,Mulugu | Mulugu Town
Andhra Pradesh,Tirupati,Tirupati,Apartment,3,3,1582,Unfurnished,North,0,7475000,Tirupati | Korlagunta
Andhra Pradesh,Guntur,Guntur,Apartment,3,3,1410,Unfurnished,East,6,5550000,Guntur | Pedakakani
Andhra Pradesh,YSR Kadapa,Kadapa,Apartment,2,2,977,Semi-Furnished,South,0,2050000,YSR Kadapa | Vempalle
Andhra Pradesh,Sri Potti Sriramulu Nellore,Nellore,Apartment,2,1,1193,Semi-Furnished,North,11,4275000,Sri Potti Sriramulu Nellore | Kavali
Andhra Pradesh,Tirupati,Tirupati,Residential Plot,0,0,3600,Not Applicable,East,0,8900000,Tirupati | Korlagunta
Telangana,Rangareddy,Hyderabad,Apartment,3,3,1262,Unfurnished,North-East,2,13000000,Rangareddy | Manikonda
Telangana,Warangal,Warangal,Independent House,4,3,1964,Semi-Furnished,North,0,5050000,Warangal | Sangem
Andhra Pradesh,East Godavari,Rajahmundry,Independent House,4,4,2081,Semi-Furnished,South-East,22,6375000,East Godavari | Kambala Cheruvu
Telangana,Hyderabad,Hyderabad,Residential Plot,0,0,1197,Not Applicable,South,0,7400000,Hyderabad | Yousufguda
Andhra Pradesh,Anakapalli,Anakapalle,Residential Plot,0,0,4500,Not Applicable,East,0,6925000,Anakapalli | Narsipatnam
Andhra Pradesh,East Godavari,Rajahmundry,Independent House,3,3,1555,Semi-Furnished,North,6,7425000,East Godavari | Danavaipeta
Andhra Pradesh,Kurnool,Kurnool,Independent House,2,1,987,Unfurnished,North-East,9,1725000,Kurnool | Pattikonda
Andhra Pradesh,East Godavari,Rajahmundry,Independent House,6,6,2873,Unfurnished,East,0,15275000,East Godavari | Prakash Nagar
Telangana,Rangareddy,Hyderabad,Apartment,2,2,957,Unfurnished,North-East,0,6825000,Rangareddy | Shamshabad
Telangana,Hyderabad,Hyderabad,Residential Plot,0,0,2403,Not Applicable,North-East,0,17175000,Hyderabad | Secunderabad
Andhra Pradesh,Vizianagaram,Vizianagaram,Independent House,4,4,2120,Unfurnished,South-East,8,6750000,Vizianagaram | Bhogapuram
Telangana,Rangareddy,Hyderabad,Independent House,3,2,1658,Furnished,North-East,1,13900000,Rangareddy | Shamshabad
Telangana,Suryapet,Suryapet,Residential Plot,0,0,1620,Not Applicable,East,0,1025000,Suryapet | Mothey
Andhra Pradesh,NTR,Vijayawada,Residential Plot,0,0,900,Not Applicable,West,0,1575000,NTR | Nunna
Telangana,Sangareddy,Hyderabad,Apartment,2,3,977,Semi-Furnished,East,7,5975000,Sangareddy | Ameenpur
Andhra Pradesh,Alluri Sitharama Raju,Paderu,Apartment,2,2,979,Semi-Furnished,North,4,2225000,Alluri Sitharama Raju | Ananthagiri
Telangana,Nizamabad,Nizamabad,Apartment,3,4,1386,Semi-Furnished,North,4,2975000,Nizamabad | Nandipet
Andhra Pradesh,Prakasam,Ongole,Apartment,3,3,1455,Unfurnished,South,0,2350000,Prakasam | Santhanuthalapadu
Andhra Pradesh,Visakhapatnam,Visakhapatnam,Residential Plot,0,0,2997,Not Applicable,North-East,0,7300000,Visakhapatnam | Pendurthi
Andhra Pradesh,Prakasam,Ongole,Apartment,3,3,1463,Semi-Furnished,North-East,1,3325000,Prakasam | Maddipadu
Andhra Pradesh,Prakasam,Ongole,Residential Plot,0,0,1998,Not Applicable,North-East,0,2300000,Prakasam | Kothapatnam
Telangana,Medchal Malkajgiri,Hyderabad,Apartment,2,2,952,Unfurnished,East,0,5650000,Medchal Malkajgiri | Bowrampet
Telangana,Kamareddy,Kamareddy,Independent House,5,5,2639,Unfurnished,East,1,10175000,Kamareddy | Kamareddy Town
Andhra Pradesh,Visakhapatnam,Visakhapatnam,Independent House,3,4,1874,Semi-Furnished,East,0,13400000,Visakhapatnam | Kommadi
Telangana,Medchal Malkajgiri,Hyderabad,Apartment,2,2,1125,Semi-Furnished,West,1,8400000,Medchal Malkajgiri | Bachupally
Andhra Pradesh,NTR,Vijayawada,Independent House,5,5,2563,Semi-Furnished,South-East,9,10750000,NTR | Gollapudi
Telangana,Rangareddy,Hyderabad,Independent House,3,3,1547,Unfurnished,East,6,16600000,Rangareddy | Kondapur
Andhra Pradesh,Visakhapatnam,Visakhapatnam,Apartment,1,1,508,Unfurnished,South,0,3600000,Visakhapatnam | Maddilapalem
Andhra Pradesh,Anantapur,Anantapur,Independent House,3,3,1556,Unfurnished,East,1,6125000,Anantapur | Gandhi Nagar
Telangana,Mancherial,Mancherial,Independent House,6,6,2959,Semi-Furnished,North-East,2,9025000,Mancherial | Bellampalli
Andhra Pradesh,Srikakulam,Srikakulam,Independent House,3,4,1756,Unfurnished,East,0,5300000,Srikakulam | Etcherla
Andhra Pradesh,Anakapalli,Anakapalle,Apartment,2,2,1312,Unfurnished,West,0,5275000,Anakapalli | Parawada
Telangana,Kamareddy,Kamareddy,Residential Plot,0,0,1800,Not Applicable,South-East,0,3325000,Kamareddy | Kamareddy Town
Andhra Pradesh,East Godavari,Rajahmundry,Residential Plot,0,0,2700,Not Applicable,South,0,4875000,East Godavari | Kambala Cheruvu
Andhra Pradesh,Anakapalli,Anakapalle,Independent House,2,1,1106,Furnished,South,0,4550000,Anakapalli | Sabbavaram
Andhra Pradesh,NTR,Vijayawada,Apartment,4,4,1972,Unfurnished,North-East,0,12000000,NTR | Gunadala
Telangana,Rangareddy,Hyderabad,Residential Plot,0,0,1503,Not Applicable,East,0,10525000,Rangareddy | Manikonda
Andhra Pradesh,Visakhapatnam,Visakhapatnam,Apartment,2,1,1056,Unfurnished,West,0,5100000,Visakhapatnam | Bheemili
Andhra Pradesh,Prakasam,Ongole,Residential Plot,0,0,1800,Not Applicable,North-East,0,1700000,Prakasam | Darsi
Telangana,Adilabad,Adilabad,Apartment,2,2,838,Unfurnished,North,0,1250000,Adilabad | Bhoraj
Telangana,Sangareddy,Hyderabad,Independent House,2,2,1476,Unfurnished,West,3,13825000,Sangareddy | Tellapur
Andhra Pradesh,Nandyal,Nandyal,Independent House,3,3,1607,Unfurnished,East,1,3125000,Nandyal | Nandikotkur
Telangana,Medchal Malkajgiri,Hyderabad,Apartment,3,3,1349,Unfurnished,East,0,9700000,Medchal Malkajgiri | Uppal
Telangana,Vikarabad,Vikarabad,Residential Plot,0,0,1197,Not Applicable,North,0,750000,Vikarabad | Kodangal
Telangana,Sangareddy,Sangareddy,Apartment,2,2,995,Semi-Furnished,South,1,2875000,Sangareddy | Zaheerabad
Andhra Pradesh,Annamayya,Madanapalle,Villa,3,2,2102,Unfurnished,South,16,4000000,Annamayya | Mulakalacheruvu
Andhra Pradesh,Parvathipuram Manyam,Parvathipuram,Residential Plot,0,0,1197,Not Applicable,East,0,2175000,Parvathipuram Manyam | Parvathipuram Town
Andhra Pradesh,Anantapur,Anantapur,Residential Plot,0,0,2160,Not Applicable,East,0,2375000,Anantapur | Guntakal
Andhra Pradesh,Guntur,Guntur,Residential Plot,0,0,1503,Not Applicable,East,0,2375000,Guntur | Tenali
Andhra Pradesh,Kurnool,Kurnool,Apartment,3,3,1593,Unfurnished,North,0,4925000,Kurnool | Venkataramana Colony
Andhra Pradesh,Chittoor,Chittoor,Villa,3,3,2339,Semi-Furnished,East,1,6150000,Chittoor | Gangadhara Nellore
Telangana,Medchal Malkajgiri,Hyderabad,Independent House,5,5,2522,Semi-Furnished,East,8,19675000,Medchal Malkajgiri | AS Rao Nagar
Telangana,Medchal Malkajgiri,Hyderabad,Independent House,3,4,1590,Unfurnished,West,0,12825000,Medchal Malkajgiri | Kukatpally
Telangana,Wanaparthy,Wanaparthy,Apartment,2,3,1209,Unfurnished,North-East,0,3500000,Wanaparthy | Wanaparthy Town
Andhra Pradesh,Bapatla,Bapatla,Independent Builder Floor,3,3,1407,Unfurnished,West,2,2775000,Bapatla | Addanki
Andhra Pradesh,Tirupati,Tirupati,Residential Plot,0,0,900,Not Applicable,East,0,2000000,Tirupati | Vikruthamala
Andhra Pradesh,Visakhapatnam,Visakhapatnam,Apartment,2,2,1111,Unfurnished,East,8,8975000,Visakhapatnam | Rushikonda
Andhra Pradesh,Guntur,Guntur,Residential Plot,0,0,1800,Not Applicable,North-East,0,2300000,Guntur | Ponnur
Andhra Pradesh,Anakapalli,Anakapalle,Residential Plot,0,0,1503,Not Applicable,East,0,3225000,Anakapalli | Sabbavaram
Telangana,Rangareddy,Hyderabad,Residential Plot,0,0,3600,Not Applicable,North-East,0,41550000,Rangareddy | Kokapet
Andhra Pradesh,Vizianagaram,Vizianagaram,Independent House,4,4,2350,Unfurnished,North,1,8125000,Vizianagaram | Bobbili
Andhra Pradesh,Anakapalli,Anakapalle,Residential Plot,0,0,3600,Not Applicable,East,0,8300000,Anakapalli | Sabbavaram
Andhra Pradesh,West Godavari,Bhimavaram,Independent House,3,4,1675,Unfurnished,South,5,6025000,West Godavari | Bhimavaram Town
Andhra Pradesh,Prakasam,Ongole,Independent House,4,5,1762,Unfurnished,South-East,1,4275000,Prakasam | Podili
Telangana,Peddapalli,Peddapalli,Independent House,2,2,700,Unfurnished,East,3,2050000,Peddapalli | Ramagundam
Andhra Pradesh,East Godavari,Rajahmundry,Independent House,3,3,1897,Semi-Furnished,West,8,6550000,East Godavari | Kambala Cheruvu
Andhra Pradesh,Srikakulam,Srikakulam,Apartment,1,1,448,Semi-Furnished,North-East,4,1250000,Srikakulam | Ichchapuram
Telangana,Suryapet,Suryapet,Independent House,5,5,2366,Unfurnished,West,8,3825000,Suryapet | Nereducherla
Andhra Pradesh,Tirupati,Tirupati,Residential Plot,0,0,1620,Not Applicable,West,0,3225000,Tirupati | Chandragiri
Andhra Pradesh,NTR,Vijayawada,Apartment,2,2,762,Unfurnished,West,2,5500000,NTR | Labbipet
Andhra Pradesh,Bapatla,Bapatla,Independent House,3,3,1957,Furnished,East,2,4675000,Bapatla | Addanki
Telangana,Mancherial,Mancherial,Apartment,1,2,566,Semi-Furnished,North-East,1,1175000,Mancherial | Naspur
Andhra Pradesh,Prakasam,Ongole,Residential Plot,0,0,4500,Not Applicable,North-East,0,8425000,Prakasam | Ongole Trunk Road
Telangana,Medchal Malkajgiri,Hyderabad,Apartment,3,4,1609,Unfurnished,North,13,9425000,Medchal Malkajgiri | Kompally
Telangana,Narayanpet,Narayanpet,Independent House,4,4,2097,Semi-Furnished,North,0,5750000,Narayanpet | Narayanpet Town
Telangana,Mahabubabad,Mahabubabad,Independent Builder Floor,2,1,1050,Unfurnished,North-East,3,2800000,Mahabubabad | Mahabubabad Town
Telangana,Karimnagar,Karimnagar,Independent House,4,4,2361,Unfurnished,North,9,7050000,Karimnagar | Kothapally
Telangana,Nagarkurnool,Nagarkurnool,Independent House,3,4,1710,Semi-Furnished,North-East,12,2750000,Nagarkurnool | Kalwakurthy
Telangana,Sangareddy,Hyderabad,Apartment,2,2,1151,Furnished,North,1,9000000,Sangareddy | Beeramguda
Andhra Pradesh,Guntur,Guntur,Villa,5,5,3234,Semi-Furnished,South,0,13875000,Guntur | Prathipadu
Telangana,Hyderabad,Hyderabad,Apartment,3,4,1337,Semi-Furnished,East,6,15575000,Hyderabad | Secunderabad
Andhra Pradesh,Eluru,Eluru,Independent House,5,5,2450,Semi-Furnished,East,1,4575000,Eluru | Tadikalapudi
Telangana,Rangareddy,Hyderabad,Independent House,2,3,1404,Unfurnished,North-East,3,10175000,Rangareddy | Adibatla
Telangana,Sangareddy,Hyderabad,Independent House,3,4,1701,Unfurnished,South,2,15300000,Sangareddy | Tellapur
Telangana,Medchal Malkajgiri,Hyderabad,Independent House,3,3,1766,Semi-Furnished,West,0,8700000,Medchal Malkajgiri | Shamirpet
Telangana,Nalgonda,Nalgonda,Apartment,3,3,1434,Unfurnished,East,0,5775000,Nalgonda | Nalgonda Town
Telangana,Medchal Malkajgiri,Hyderabad,Apartment,3,4,1657,Unfurnished,North,0,12550000,Medchal Malkajgiri | KPHB
Telangana,Warangal,Warangal,Independent Builder Floor,2,3,986,Semi-Furnished,East,3,2725000,Warangal | Narsampet
Andhra Pradesh,YSR Kadapa,Kadapa,Independent House,3,2,1791,Unfurnished,North-East,11,6225000,YSR Kadapa | Balaji Nagar
Telangana,Hyderabad,Hyderabad,Apartment,4,4,2161,Semi-Furnished,North-East,7,12475000,Hyderabad | Sanathnagar
Andhra Pradesh,Parvathipuram Manyam,Parvathipuram,Residential Plot,0,0,2700,Not Applicable,East,0,3700000,Parvathipuram Manyam | Salur
Telangana,Khammam,Khammam,Apartment,4,5,1924,Unfurnished,North,0,5250000,Khammam | Sathupalli
Telangana,Adilabad,Adilabad,Residential Plot,0,0,1998,Not Applicable,North-East,0,3425000,Adilabad | Adilabad Town
Telangana,Siddipet,Siddipet,Apartment,3,3,1360,Semi-Furnished,South-East,0,3025000,Siddipet | Doultabad
Andhra Pradesh,Tirupati,Tirupati,Independent House,3,2,1510,Semi-Furnished,East,11,6250000,Tirupati | Srikalahasti
Andhra Pradesh,Bapatla,Bapatla,Villa,4,4,2217,Semi-Furnished,West,16,6325000,Bapatla | Chirala
Andhra Pradesh,Guntur,Guntur,Apartment,2,2,802,Unfurnished,North,8,2525000,Guntur | Ponnur
Andhra Pradesh,Guntur,Amaravati,Independent House,3,2,1494,Unfurnished,North-East,2,8975000,Guntur | Mangalagiri
Telangana,Rangareddy,Hyderabad,Apartment,3,2,1559,Unfurnished,East,0,13150000,Rangareddy | Manikonda
Andhra Pradesh,Polavaram,Rampachodavaram,Independent House,5,5,2577,Unfurnished,East,7,5050000,Polavaram | Rampachodavaram
Telangana,Rajanna Sircilla,Sircilla,Independent House,3,3,1478,Unfurnished,West,21,4025000,Rajanna Sircilla | Sircilla Town
Telangana,Sangareddy,Sangareddy,Apartment,2,1,1064,Unfurnished,South-East,0,3150000,Sangareddy | Narayankhed
Telangana,Hyderabad,Hyderabad,Independent House,3,3,1606,Semi-Furnished,North-East,28,11200000,Hyderabad | Begumpet
Telangana,Wanaparthy,Wanaparthy,Apartment,3,4,1772,Unfurnished,South-East,6,2700000,Wanaparthy | Amarchinta
Telangana,Medchal Malkajgiri,Hyderabad,Apartment,3,3,1428,Unfurnished,South,15,11250000,Medchal Malkajgiri | KPHB
Andhra Pradesh,Anantapur,Anantapur,Independent House,3,3,1459,Unfurnished,North,11,3450000,Anantapur | Guntakal
Andhra Pradesh,Srikakulam,Srikakulam,Residential Plot,0,0,2403,Not Applicable,South,0,2975000,Srikakulam | Ichchapuram
Telangana,Mahabubnagar,Mahabubnagar,Villa,3,3,1939,Furnished,West,14,7325000,Mahabubnagar | Jadcherla
Andhra Pradesh,Alluri Sitharama Raju,Paderu,Independent House,3,3,1793,Furnished,North,9,2525000,Alluri Sitharama Raju | G. Madugula
Telangana,Rangareddy,Hyderabad,Residential Plot,0,0,2403,Not Applicable,North,0,27250000,Rangareddy | Kokapet
Telangana,Narayanpet,Narayanpet,Apartment,1,1,588,Semi-Furnished,South-East,3,925000,Narayanpet | Damaragidda
Telangana,Sangareddy,Sangareddy,Independent House,4,4,1929,Semi-Furnished,South-East,12,4600000,Sangareddy | Narayankhed
Andhra Pradesh,Sri Sathya Sai,Puttaparthi,Apartment,3,2,1454,Unfurnished,North,0,5250000,Sri Sathya Sai | Puttaparthi Town
Telangana,Khammam,Khammam,Apartment,3,3,1556,Unfurnished,North-East,15,4450000,Khammam | Madhira
Andhra Pradesh,Tirupati,Tirupati,Apartment,2,1,1065,Unfurnished,East,0,2800000,Tirupati | Sullurpeta
Andhra Pradesh,NTR,Vijayawada,Independent Builder Floor,2,2,1025,Unfurnished,East,4,8300000,NTR | Benz Circle
Telangana,Nalgonda,Nalgonda,Residential Plot,0,0,2403,Not Applicable,East,0,4675000,Nalgonda | Nalgonda Town
Andhra Pradesh,Visakhapatnam,Visakhapatnam,Residential Plot,0,0,1503,Not Applicable,South,0,7350000,Visakhapatnam | Rushikonda
Andhra Pradesh,Palnadu,Narasaraopet,Independent House,3,3,1667,Furnished,South,1,5625000,Palnadu | Chilakaluripet
Telangana,Rangareddy,Hyderabad,Apartment,3,3,1274,Semi-Furnished,West,0,13150000,Rangareddy | Narsingi
Telangana,Hyderabad,Hyderabad,Independent House,3,4,1829,Semi-Furnished,East,7,16625000,Hyderabad | Secunderabad
Andhra Pradesh,Guntur,Guntur,Apartment,2,2,1046,Semi-Furnished,East,8,5800000,Guntur | Lakshmipuram
Andhra Pradesh,Prakasam,Ongole,Apartment,2,2,937,Furnished,East,8,2100000,Prakasam | Santhanuthalapadu
Telangana,Rangareddy,Hyderabad,Apartment,4,5,1771,Unfurnished,North,0,13675000,Rangareddy | Mokila
Andhra Pradesh,East Godavari,Rajahmundry,Independent House,2,3,1154,Semi-Furnished,South-East,8,3100000,East Godavari | Rajanagaram
Andhra Pradesh,NTR,Vijayawada,Villa,5,5,3286,Semi-Furnished,East,6,34150000,NTR | Labbipet
Telangana,Siddipet,Siddipet,Independent House,3,2,1571,Unfurnished,West,30,2675000,Siddipet | Doultabad
Telangana,Nizamabad,Nizamabad,Residential Plot,0,0,1350,Not Applicable,North-East,0,1250000,Nizamabad | Nandipet
Telangana,Sangareddy,Sangareddy,Residential Plot,0,0,1800,Not Applicable,North,0,5375000,Sangareddy | Sangareddy Town
Telangana,Kamareddy,Kamareddy,Independent House,5,6,2852,Unfurnished,South-East,9,4600000,Kamareddy | Yellareddy
Andhra Pradesh,Dr. B.R. Ambedkar Konaseema,Amalapuram,Residential Plot,0,0,1800,Not Applicable,North,0,2075000,Dr. B.R. Ambedkar Konaseema | Ramachandrapuram
Andhra Pradesh,Sri Sathya Sai,Puttaparthi,Residential Plot,0,0,3600,Not Applicable,North,0,5300000,Sri Sathya Sai | Hindupur
Telangana,Hyderabad,Hyderabad,Independent House,4,4,2379,Furnished,South,0,24750000,Hyderabad | Ameerpet
Telangana,Medak,Medak,Apartment,2,2,1119,Semi-Furnished,West,1,3300000,Medak | Narsapur
Telangana,Nirmal,Nirmal,Independent House,3,2,1548,Semi-Furnished,South,2,2550000,Nirmal | Mudhole
Telangana,Yadadri Bhuvanagiri,Bhongir,Residential Plot,0,0,900,Not Applicable,South-East,0,850000,Yadadri Bhuvanagiri | Pochampally
Andhra Pradesh,West Godavari,Bhimavaram,Villa,4,4,2414,Unfurnished,North-East,0,17000000,West Godavari | Bhimavaram Town
Telangana,Hyderabad,Hyderabad,Independent House,3,2,1801,Unfurnished,South-East,5,19625000,Hyderabad | Begumpet
Telangana,Medchal Malkajgiri,Hyderabad,Apartment,1,1,458,Unfurnished,North,1,3125000,Medchal Malkajgiri | Bowrampet
Telangana,Rajanna Sircilla,Sircilla,Apartment,3,3,1538,Unfurnished,North,1,4875000,Rajanna Sircilla | Vemulawada
Telangana,Mahabubnagar,Mahabubnagar,Apartment,3,3,1435,Unfurnished,South-East,0,5600000,Mahabubnagar | Mahabubnagar Town
Andhra Pradesh,Anantapur,Anantapur,Apartment,3,3,1200,Furnished,West,9,3975000,Anantapur | Rudrampeta
Andhra Pradesh,Srikakulam,Srikakulam,Independent House,2,1,1023,Unfurnished,South,9,2275000,Srikakulam | Tekkali
Andhra Pradesh,Anantapur,Anantapur,Residential Plot,0,0,1503,Not Applicable,North,0,2775000,Anantapur | Tapovanam
Telangana,Jagtial,Jagtial,Residential Plot,0,0,1998,Not Applicable,North,0,1350000,Jagtial | Dharmapuri
Andhra Pradesh,East Godavari,Rajahmundry,Independent House,3,3,1732,Semi-Furnished,East,4,4450000,East Godavari | Korukonda
Telangana,Nalgonda,Nalgonda,Apartment,2,3,1061,Unfurnished,North,1,3075000,Nalgonda | Miryalaguda
Telangana,Nizamabad,Nizamabad,Residential Plot,0,0,2160,Not Applicable,East,0,4225000,Nizamabad | Vinayak Nagar
Andhra Pradesh,Sri Potti Sriramulu Nellore,Nellore,Residential Plot,0,0,2160,Not Applicable,East,0,4550000,Sri Potti Sriramulu Nellore | Mini Bypass Road
Telangana,Khammam,Khammam,Apartment,2,2,1054,Unfurnished,North-East,0,3375000,Khammam | Wyra
Andhra Pradesh,Kurnool,Kurnool,Independent House,3,4,1383,Unfurnished,West,6,4725000,Kurnool | Gayathri Estates
Andhra Pradesh,Kakinada,Kakinada,Apartment,2,3,1111,Unfurnished,North-East,1,4675000,Kakinada | Kovvada
Andhra Pradesh,Nandyal,Nandyal,Independent House,4,5,2026,Semi-Furnished,North,2,6525000,Nandyal | Nandyal Town
Telangana,Hyderabad,Hyderabad,Apartment,2,2,1339,Unfurnished,East,0,8700000,Hyderabad | Malakpet
Andhra Pradesh,Guntur,Amaravati,Apartment,3,3,1409,Unfurnished,East,0,9850000,Guntur | Mangalagiri
Andhra Pradesh,Polavaram,Rampachodavaram,Independent House,6,5,3122,Semi-Furnished,North,12,4175000,Polavaram | Addateegala
Telangana,Hyderabad,Hyderabad,Apartment,3,3,1446,Unfurnished,North,0,19975000,Hyderabad | Jubilee Hills
Andhra Pradesh,Chittoor,Chittoor,Independent House,3,3,1451,Unfurnished,North,0,4175000,Chittoor | Kuppam
Telangana,Rangareddy,Hyderabad,Apartment,4,4,1605,Unfurnished,East,0,18950000,Rangareddy | Gachibowli
Telangana,Rangareddy,Hyderabad,Apartment,3,2,1453,Unfurnished,East,0,12475000,Rangareddy | Attapur
Telangana,Sangareddy,Hyderabad,Residential Plot,0,0,1350,Not Applicable,North-East,0,4800000,Sangareddy | Patancheru
Telangana,Hyderabad,Hyderabad,Apartment,2,2,934,Unfurnished,East,0,10475000,Hyderabad | Jubilee Hills
Andhra Pradesh,Visakhapatnam,Visakhapatnam,Residential Plot,0,0,2997,Not Applicable,West,0,3875000,Visakhapatnam | Thagarapuvalasa
Andhra Pradesh,Kurnool,Kurnool,Apartment,3,4,1580,Semi-Furnished,West,9,5725000,Kurnool | Budhwarpet
Telangana,Nagarkurnool,Nagarkurnool,Residential Plot,0,0,1800,Not Applicable,South,0,875000,Nagarkurnool | Amrabad
Telangana,Mahabubnagar,Mahabubnagar,Residential Plot,0,0,1197,Not Applicable,South,0,1125000,Mahabubnagar | Balanagar
Andhra Pradesh,Alluri Sitharama Raju,Paderu,Independent House,4,3,1903,Furnished,North-East,0,7350000,Alluri Sitharama Raju | Araku Valley
Andhra Pradesh,Kakinada,Kakinada,Residential Plot,0,0,3600,Not Applicable,South-East,0,5125000,Kakinada | Kovvada
Telangana,Hyderabad,Hyderabad,Apartment,3,3,1764,Semi-Furnished,West,3,19850000,Hyderabad | Somajiguda
Andhra Pradesh,Guntur,Amaravati,Residential Plot,0,0,1503,Not Applicable,North-East,0,3700000,Guntur | Undavalli
Andhra Pradesh,Visakhapatnam,Visakhapatnam,Independent Builder Floor,3,3,1256,Unfurnished,South-East,0,7150000,Visakhapatnam | Muralinagar
Andhra Pradesh,Visakhapatnam,Visakhapatnam,Independent House,5,4,2718,Furnished,North,10,10650000,Visakhapatnam | Kurmannapalem
Telangana,Hanumakonda,Hanamkonda,Residential Plot,0,0,2160,Not Applicable,East,0,2600000,Hanumakonda | Kamalapur
Telangana,Mahabubnagar,Mahabubnagar,Apartment,2,2,985,Semi-Furnished,West,3,4750000,Mahabubnagar | Mahabubnagar Town
Andhra Pradesh,NTR,Vijayawada,Apartment,2,2,1264,Unfurnished,East,0,4400000,NTR | Mylavaram
Telangana,Adilabad,Adilabad,Independent House,4,5,2346,Unfurnished,North-East,0,3875000,Adilabad | Bhoraj
Andhra Pradesh,Visakhapatnam,Visakhapatnam,Apartment,3,3,1428,Unfurnished,South,2,12475000,Visakhapatnam | Yendada
Telangana,Rangareddy,Hyderabad,Apartment,2,3,874,Furnished,South,0,5475000,Rangareddy | Hayathnagar
Telangana,Jagtial,Jagtial,Independent House,3,3,1380,Semi-Furnished,South-East,7,3600000,Jagtial | Korutla
Telangana,Mahabubnagar,Mahabubnagar,Independent House,3,3,1665,Unfurnished,South,1,3300000,Mahabubnagar | Hanwada
Telangana,Karimnagar,Karimnagar,Apartment,3,2,1446,Unfurnished,South,1,7400000,Karimnagar | Kashmirgadda
Andhra Pradesh,Dr. B.R. Ambedkar Konaseema,Amalapuram,Apartment,3,3,1637,Semi-Furnished,North-East,8,4400000,Dr. B.R. Ambedkar Konaseema | Kothapeta
Andhra Pradesh,Alluri Sitharama Raju,Paderu,Villa,4,4,2554,Unfurnished,East,4,8775000,Alluri Sitharama Raju | Paderu
Telangana,Mahabubnagar,Mahabubnagar,Villa,5,5,3109,Unfurnished,West,8,6900000,Mahabubnagar | Bhoothpur
Andhra Pradesh,Kurnool,Kurnool,Apartment,2,2,1034,Furnished,East,1,6125000,Kurnool | Gayathri Estates
Telangana,Mahabubabad,Mahabubabad,Residential Plot,0,0,1800,Not Applicable,South-East,0,1250000,Mahabubabad | Dornakal
Andhra Pradesh,Guntur,Guntur,Independent House,3,2,1583,Semi-Furnished,North,10,9725000,Guntur | Lakshmipuram
Andhra Pradesh,Annamayya,Madanapalle,Residential Plot,0,0,900,Not Applicable,West,0,600000,Annamayya | Pileru
Telangana,Jagtial,Jagtial,Apartment,3,3,1628,Furnished,East,1,7100000,Jagtial | Jagtial Town
Andhra Pradesh,Prakasam,Ongole,Apartment,2,2,1181,Semi-Furnished,East,6,3975000,Prakasam | Ongole Town
Andhra Pradesh,Annamayya,Madanapalle,Independent House,2,2,1291,Furnished,South,9,2700000,Annamayya | Pileru
Telangana,Khammam,Khammam,Apartment,2,1,1158,Unfurnished,South,1,3450000,Khammam | Madhira
Andhra Pradesh,Annamayya,Madanapalle,Apartment,3,3,1233,Furnished,West,1,3350000,Annamayya | Rajampet
Andhra Pradesh,Visakhapatnam,Visakhapatnam,Independent Builder Floor,3,2,1288,Unfurnished,North,2,9275000,Visakhapatnam | Dwaraka Nagar
Telangana,Sangareddy,Hyderabad,Residential Plot,0,0,4500,Not Applicable,West,0,22900000,Sangareddy | Ameenpur
Andhra Pradesh,Visakhapatnam,Visakhapatnam,Apartment,1,2,551,Semi-Furnished,North,7,4225000,Visakhapatnam | Kommadi
Telangana,Siddipet,Siddipet,Independent House,4,4,2352,Semi-Furnished,South-East,27,8550000,Siddipet | Siddipet Town
Telangana,Jogulamba Gadwal,Gadwal,Residential Plot,0,0,1350,Not Applicable,North,0,1575000,Jogulamba Gadwal | Gadwal Town
Andhra Pradesh,Sri Sathya Sai,Puttaparthi,Apartment,1,1,538,Unfurnished,South,7,1300000,Sri Sathya Sai | Dharmavaram
Telangana,Sangareddy,Hyderabad,Apartment,2,2,1123,Unfurnished,East,0,8450000,Sangareddy | Tellapur
Telangana,Yadadri Bhuvanagiri,Bhongir,Residential Plot,0,0,2160,Not Applicable,South,0,3925000,Yadadri Bhuvanagiri | Choutuppal
Andhra Pradesh,West Godavari,Bhimavaram,Independent Builder Floor,3,2,1233,Unfurnished,North-East,0,4425000,West Godavari | Tadepalligudem
Telangana,Nagarkurnool,Nagarkurnool,Independent House,4,5,2093,Unfurnished,South,30,4125000,Nagarkurnool | Nagarkurnool Town
Telangana,Vikarabad,Vikarabad,Independent House,4,4,2363,Semi-Furnished,North,0,4475000,Vikarabad | Mominpet
Telangana,Khammam,Khammam,Independent House,3,3,2039,Unfurnished,East,29,8700000,Khammam | Wyra Road
Telangana,Vikarabad,Vikarabad,Independent House,3,2,1712,Semi-Furnished,North,7,2825000,Vikarabad | Dharur
Andhra Pradesh,Chittoor,Chittoor,Residential Plot,0,0,900,Not Applicable,West,0,1550000,Chittoor | Gandhi Road
Telangana,Medak,Medak,Independent House,2,2,1032,Furnished,East,10,1675000,Medak | Chegunta
Andhra Pradesh,Anantapur,Anantapur,Apartment,2,1,1123,Unfurnished,South-East,0,4375000,Anantapur | Subhash Road
Andhra Pradesh,Kurnool,Kurnool,Apartment,2,2,1166,Semi-Furnished,North-East,4,2750000,Kurnool | Alur
Telangana,Khammam,Khammam,Apartment,3,4,1292,Unfurnished,West,0,2675000,Khammam | Yerrupalem
Andhra Pradesh,Markapuram,Markapuram,Apartment,1,2,478,Unfurnished,South,1,1150000,Markapuram | Kanigiri
Andhra Pradesh,Vizianagaram,Vizianagaram,Independent Builder Floor,3,2,1187,Unfurnished,East,9,3225000,Vizianagaram | Pusapatirega
Telangana,Khammam,Khammam,Independent Builder Floor,3,4,1157,Semi-Furnished,North,1,4775000,Khammam | Mamillagudem
Andhra Pradesh,NTR,Vijayawada,Residential Plot,0,0,2700,Not Applicable,East,0,7975000,NTR | Gunadala
Telangana,Medchal Malkajgiri,Hyderabad,Independent House,4,4,2154,Unfurnished,South,13,13750000,Medchal Malkajgiri | Nizampet
Andhra Pradesh,Krishna,Machilipatnam,Residential Plot,0,0,1800,Not Applicable,East,0,2325000,Krishna | Vuyyuru
Telangana,Suryapet,Suryapet,Residential Plot,0,0,1800,Not Applicable,West,0,3100000,Suryapet | Suryapet Town
Andhra Pradesh,Prakasam,Ongole,Independent Builder Floor,3,3,1570,Unfurnished,West,0,3175000,Prakasam | Darsi
Andhra Pradesh,Anakapalli,Anakapalle,Residential Plot,0,0,1503,Not Applicable,North-East,0,1375000,Anakapalli | Payakaraopeta
Telangana,Medak,Medak,Residential Plot,0,0,1800,Not Applicable,East,0,1875000,Medak | Ramayampet
Andhra Pradesh,West Godavari,Bhimavaram,Residential Plot,0,0,1350,Not Applicable,South,0,2000000,West Godavari | Tadepalligudem
Telangana,Suryapet,Suryapet,Apartment,3,2,1767,Semi-Furnished,East,4,5300000,Suryapet | Kodad
Andhra Pradesh,Visakhapatnam,Visakhapatnam,Independent House,3,4,1498,Semi-Furnished,East,9,14450000,Visakhapatnam | Dwaraka Nagar
Andhra Pradesh,Nandyal,Nandyal,Residential Plot,0,0,1800,Not Applicable,North-East,0,1375000,Nandyal | Banaganapalle
Andhra Pradesh,Visakhapatnam,Visakhapatnam,Apartment,2,2,998,Unfurnished,South,0,4500000,Visakhapatnam | Kurmannapalem
Telangana,Peddapalli,Peddapalli,Independent House,4,4,2119,Semi-Furnished,East,0,4750000,Peddapalli | Manthani
Telangana,Vikarabad,Vikarabad,Residential Plot,0,0,1998,Not Applicable,East,0,1275000,Vikarabad | Mominpet
Andhra Pradesh,Annamayya,Madanapalle,Apartment,1,1,473,Semi-Furnished,North,1,775000,Annamayya | Kalakada
Andhra Pradesh,Sri Potti Sriramulu Nellore,Nellore,Apartment,1,1,571,Unfurnished,North,0,2575000,Sri Potti Sriramulu Nellore | Magunta Layout
Telangana,Rangareddy,Hyderabad,Apartment,3,2,1567,Semi-Furnished,West,1,12100000,Rangareddy | Attapur
Telangana,Medak,Medak,Apartment,2,3,799,Unfurnished,South-East,0,1875000,Medak | Narsapur
Andhra Pradesh,Visakhapatnam,Visakhapatnam,Independent House,4,4,1900,Unfurnished,East,15,11300000,Visakhapatnam | Madhurawada
Andhra Pradesh,Visakhapatnam,Visakhapatnam,Independent House,4,3,2256,Unfurnished,East,3,18250000,Visakhapatnam | Sagar Nagar
Andhra Pradesh,Guntur,Guntur,Apartment,3,3,1285,Unfurnished,North,1,4700000,Guntur | Prathipadu
Andhra Pradesh,Sri Sathya Sai,Puttaparthi,Apartment,3,2,1557,Unfurnished,East,5,5625000,Sri Sathya Sai | Hindupur
Telangana,Yadadri Bhuvanagiri,Bhongir,Apartment,1,1,550,Semi-Furnished,East,3,2075000,Yadadri Bhuvanagiri | Bibinagar
Andhra Pradesh,Sri Sathya Sai,Puttaparthi,Independent House,5,5,2807,Furnished,East,2,4900000,Sri Sathya Sai | Madakasira
Telangana,Karimnagar,Karimnagar,Residential Plot,0,0,3600,Not Applicable,East,0,3825000,Karimnagar | Thimmapur
Andhra Pradesh,Nandyal,Nandyal,Apartment,4,4,2018,Semi-Furnished,North-East,8,4500000,Nandyal | Atmakur
Telangana,Mulugu,Mulugu,Residential Plot,0,0,1800,Not Applicable,West,0,875000,Mulugu | Venkatapur
Andhra Pradesh,Guntur,Guntur,Apartment,3,3,1639,Unfurnished,North-East,12,6350000,Guntur | Auto Nagar
Andhra Pradesh,Guntur,Guntur,Apartment,3,4,1399,Furnished,North,3,6250000,Guntur | Tenali
Telangana,Mancherial,Mancherial,Residential Plot,0,0,1197,Not Applicable,South,0,800000,Mancherial | Jaipur
Telangana,Hyderabad,Hyderabad,Villa,3,2,2086,Semi-Furnished,North,0,30525000,Hyderabad | Begumpet
Andhra Pradesh,Krishna,Machilipatnam,Apartment,2,2,1252,Unfurnished,South,0,4450000,Krishna | Machilipatnam Town
Andhra Pradesh,West Godavari,Bhimavaram,Villa,4,5,2123,Furnished,North-East,7,9100000,West Godavari | Tadepalligudem
Telangana,Nizamabad,Nizamabad,Residential Plot,0,0,1197,Not Applicable,East,0,1350000,Nizamabad | Bodhan
Andhra Pradesh,Palnadu,Narasaraopet,Residential Plot,0,0,900,Not Applicable,North,0,825000,Palnadu | Piduguralla
Telangana,Rangareddy,Hyderabad,Villa,5,5,3404,Semi-Furnished,North,12,17650000,Rangareddy | Shadnagar
Andhra Pradesh,Kurnool,Kurnool,Residential Plot,0,0,2403,Not Applicable,East,0,5800000,Kurnool | Gayathri Estates
Andhra Pradesh,Sri Sathya Sai,Puttaparthi,Residential Plot,0,0,1620,Not Applicable,East,0,1725000,Sri Sathya Sai | Dharmavaram
Telangana,Hyderabad,Hyderabad,Apartment,2,2,1054,Semi-Furnished,North-East,9,10975000,Hyderabad | Narayanguda
Andhra Pradesh,Chittoor,Chittoor,Residential Plot,0,0,2160,Not Applicable,North-East,0,3000000,Chittoor | Kuppam
Telangana,Karimnagar,Karimnagar,Apartment,1,1,384,Unfurnished,East,0,1750000,Karimnagar | Jyothinagar
Telangana,Sangareddy,Sangareddy,Villa,4,4,2055,Furnished,South,15,8500000,Sangareddy | Zaheerabad
Andhra Pradesh,Kakinada,Kakinada,Independent House,3,4,1557,Unfurnished,North,0,8600000,Kakinada | Ramanayapeta
Telangana,Medchal Malkajgiri,Hyderabad,Independent House,3,2,1488,Unfurnished,North,0,9325000,Medchal Malkajgiri | Nizampet
Telangana,Khammam,Khammam,Independent House,4,5,2338,Unfurnished,West,12,9625000,Khammam | Wyra Road
Andhra Pradesh,Nandyal,Nandyal,Independent House,2,2,1339,Unfurnished,West,8,3950000,Nandyal | Nandyal Town
Telangana,Peddapalli,Peddapalli,Apartment,4,4,1932,Unfurnished,South-East,0,6075000,Peddapalli | Godavarikhani
Andhra Pradesh,Tirupati,Tirupati,Apartment,3,2,1341,Unfurnished,North,1,10825000,Tirupati | Leela Mahal Circle
Andhra Pradesh,Tirupati,Tirupati,Apartment,3,2,1678,Unfurnished,East,1,6550000,Tirupati | Naidupeta
Andhra Pradesh,Krishna,Vijayawada,Apartment,3,3,1538,Unfurnished,West,0,4475000,Krishna | Kankipadu
Andhra Pradesh,NTR,Vijayawada,Apartment,3,2,1628,Unfurnished,North-East,0,9450000,NTR | Patamata
Telangana,Rangareddy,Hyderabad,Independent House,2,1,1093,Semi-Furnished,North,0,8450000,Rangareddy | Shamshabad
Andhra Pradesh,Parvathipuram Manyam,Parvathipuram,Independent House,5,5,2539,Unfurnished,North-East,30,3225000,Parvathipuram Manyam | Kurupam
Andhra Pradesh,Prakasam,Ongole,Independent House,3,4,1685,Semi-Furnished,South-East,1,2925000,Prakasam | Kondepi
Andhra Pradesh,YSR Kadapa,Kadapa,Residential Plot,0,0,1620,Not Applicable,West,0,1275000,YSR Kadapa | Kamalapuram
Telangana,Adilabad,Adilabad,Apartment,3,3,1376,Unfurnished,North,0,2400000,Adilabad | Talamadugu
Telangana,Nagarkurnool,Nagarkurnool,Independent House,3,3,1920,Unfurnished,East,13,4800000,Nagarkurnool | Nagarkurnool Town
Telangana,Nalgonda,Nalgonda,Residential Plot,0,0,1998,Not Applicable,East,0,1325000,Nalgonda | Nakrekal
Telangana,Bhadradri Kothagudem,Kothagudem,Independent Builder Floor,3,3,1533,Unfurnished,North,0,4300000,Bhadradri Kothagudem | Palvancha
Andhra Pradesh,Tirupati,Tirupati,Independent House,2,2,998,Unfurnished,North,25,3825000,Tirupati | Korlagunta
Andhra Pradesh,Sri Potti Sriramulu Nellore,Nellore,Residential Plot,0,0,1197,Not Applicable,North,0,2850000,Sri Potti Sriramulu Nellore | Trunk Road
Andhra Pradesh,East Godavari,Rajahmundry,Apartment,2,2,1241,Semi-Furnished,South,0,7650000,East Godavari | Prakash Nagar
Andhra Pradesh,Sri Potti Sriramulu Nellore,Nellore,Independent Builder Floor,2,3,1055,Semi-Furnished,North,0,5825000,Sri Potti Sriramulu Nellore | Magunta Layout
Telangana,Warangal,Warangal,Apartment,3,3,1306,Unfurnished,West,0,4350000,Warangal | Rangashaipet
Andhra Pradesh,Guntur,Guntur,Apartment,3,3,1387,Unfurnished,North,0,6025000,Guntur | Tenali
Telangana,Karimnagar,Karimnagar,Apartment,2,1,1274,Unfurnished,East,0,4900000,Karimnagar | Kashmirgadda
Telangana,Peddapalli,Peddapalli,Residential Plot,0,0,3600,Not Applicable,West,0,6975000,Peddapalli | Peddapalli Town
Andhra Pradesh,West Godavari,Bhimavaram,Apartment,3,3,1531,Unfurnished,North-East,26,2575000,West Godavari | Undi
Andhra Pradesh,Guntur,Guntur,Apartment,3,3,1465,Unfurnished,East,0,9450000,Guntur | Lakshmipuram
Andhra Pradesh,Anantapur,Anantapur,Apartment,2,2,931,Unfurnished,West,4,3150000,Anantapur | Rudrampeta
Telangana,Hyderabad,Hyderabad,Apartment,3,2,1488,Furnished,South,5,16650000,Hyderabad | Himayatnagar
Andhra Pradesh,Kakinada,Kakinada,Villa,5,5,3795,Unfurnished,East,5,17750000,Kakinada | Thimmapuram
Telangana,Rangareddy,Hyderabad,Independent House,3,3,1795,Furnished,East,0,22200000,Rangareddy | Kokapet
Andhra Pradesh,YSR Kadapa,Kadapa,Independent House,3,3,1760,Semi-Furnished,North,6,2900000,YSR Kadapa | Vempalle
Telangana,Suryapet,Suryapet,Residential Plot,0,0,1503,Not Applicable,East,0,925000,Suryapet | Thungathurthy
Telangana,Sangareddy,Hyderabad,Independent House,6,6,2808,Unfurnished,North,0,23475000,Sangareddy | Tellapur
Andhra Pradesh,Prakasam,Ongole,Residential Plot,0,0,1620,Not Applicable,North,0,2025000,Prakasam | Kothapatnam
Telangana,Rangareddy,Hyderabad,Residential Plot,0,0,1350,Not Applicable,West,0,13350000,Rangareddy | Kondapur
Telangana,Medchal Malkajgiri,Hyderabad,Apartment,2,1,1252,Unfurnished,North-East,0,8250000,Medchal Malkajgiri | Bachupally
Andhra Pradesh,Prakasam,Ongole,Apartment,3,3,1314,Unfurnished,North-East,13,2250000,Prakasam | Naguluppalapadu
Telangana,Yadadri Bhuvanagiri,Bhongir,Independent House,4,4,1975,Unfurnished,North,7,7400000,Yadadri Bhuvanagiri | Bhongir Town
Andhra Pradesh,East Godavari,Rajahmundry,Apartment,3,4,1583,Unfurnished,South,5,5050000,East Godavari | Rajanagaram
Andhra Pradesh,West Godavari,Bhimavaram,Independent House,3,4,1473,Furnished,East,4,6725000,West Godavari | Tadepalligudem
Andhra Pradesh,Chittoor,Chittoor,Residential Plot,0,0,2997,Not Applicable,North,0,3000000,Chittoor | Kuppam
Andhra Pradesh,Guntur,Guntur,Residential Plot,0,0,1800,Not Applicable,West,0,2600000,Guntur | Tenali
Telangana,Bhadradri Kothagudem,Kothagudem,Apartment,3,3,1254,Unfurnished,East,0,4875000,Bhadradri Kothagudem | Kothagudem Town
Andhra Pradesh,West Godavari,Bhimavaram,Independent House,4,4,2233,Unfurnished,North,0,7325000,West Godavari | Palakollu
Andhra Pradesh,Chittoor,Chittoor,Residential Plot,0,0,1998,Not Applicable,North,0,1275000,Chittoor | Vijayapuram
Telangana,Jagtial,Jagtial,Residential Plot,0,0,2700,Not Applicable,North,0,1700000,Jagtial | Raikal
Andhra Pradesh,Visakhapatnam,Visakhapatnam,Apartment,3,3,1561,Semi-Furnished,South-East,1,11075000,Visakhapatnam | Kommadi
Telangana,Suryapet,Suryapet,Residential Plot,0,0,900,Not Applicable,South,0,500000,Suryapet | Mothey
Telangana,Sangareddy,Hyderabad,Apartment,2,3,1227,Unfurnished,East,12,7975000,Sangareddy | Beeramguda
Telangana,Rangareddy,Hyderabad,Independent Builder Floor,2,2,968,Unfurnished,East,1,12075000,Rangareddy | Financial District
Telangana,Jagtial,Jagtial,Residential Plot,0,0,900,Not Applicable,West,0,1425000,Jagtial | Jagtial Town
Telangana,Bhadradri Kothagudem,Kothagudem,Residential Plot,0,0,1197,Not Applicable,East,0,825000,Bhadradri Kothagudem | Dammapeta
Andhra Pradesh,Kakinada,Kakinada,Villa,5,5,3281,Unfurnished,East,6,32100000,Kakinada | Bhanugudi Junction
Andhra Pradesh,Tirupati,Tirupati,Apartment,3,4,1383,Semi-Furnished,North-East,3,6050000,Tirupati | Tiruchanur
Telangana,Khammam,Khammam,Independent House,3,3,1865,Semi-Furnished,North,3,8475000,Khammam | Mamillagudem
Telangana,Rangareddy,Hyderabad,Independent House,3,3,1315,Unfurnished,East,1,11900000,Rangareddy | Manikonda
Telangana,Rangareddy,Hyderabad,Apartment,3,3,1610,Furnished,East,3,13875000,Rangareddy | LB Nagar
Telangana,Adilabad,Adilabad,Apartment,3,3,1543,Unfurnished,South-East,7,4875000,Adilabad | Adilabad Town
Telangana,Sangareddy,Hyderabad,Residential Plot,0,0,2700,Not Applicable,East,0,11275000,Sangareddy | Patancheru
Andhra Pradesh,Sri Potti Sriramulu Nellore,Nellore,Apartment,2,3,914,Unfurnished,East,0,3625000,Sri Potti Sriramulu Nellore | Balaji Nagar
Telangana,Kamareddy,Kamareddy,Residential Plot,0,0,2160,Not Applicable,East,0,3850000,Kamareddy | Kamareddy Town
Andhra Pradesh,Visakhapatnam,Visakhapatnam,Residential Plot,0,0,1503,Not Applicable,East,0,2375000,Visakhapatnam | Anandapuram
Andhra Pradesh,Eluru,Eluru,Residential Plot,0,0,1503,Not Applicable,North-East,0,1875000,Eluru | Jangareddygudem
Andhra Pradesh,Tirupati,Tirupati,Residential Plot,0,0,1800,Not Applicable,South,0,3700000,Tirupati | Tummalagunta
Andhra Pradesh,Parvathipuram Manyam,Parvathipuram,Independent House,2,3,1174,Unfurnished,East,3,3425000,Parvathipuram Manyam | Parvathipuram Town
Telangana,Mancherial,Mancherial,Apartment,3,3,1299,Unfurnished,East,15,3950000,Mancherial | Mancherial Town
Telangana,Medchal Malkajgiri,Hyderabad,Apartment,3,3,1127,Unfurnished,East,0,8100000,Medchal Malkajgiri | Bachupally
Andhra Pradesh,Prakasam,Ongole,Independent House,2,1,1745,Unfurnished,North-East,0,3725000,Prakasam | Maddipadu
Andhra Pradesh,Visakhapatnam,Visakhapatnam,Independent Builder Floor,2,2,800,Unfurnished,North-East,0,7175000,Visakhapatnam | Rushikonda
Telangana,Khammam,Khammam,Apartment,2,3,1229,Furnished,West,5,5700000,Khammam | Gandhi Chowk
Andhra Pradesh,Guntur,Guntur,Villa,3,4,1763,Unfurnished,North,1,7425000,Guntur | Ponnur
Andhra Pradesh,Chittoor,Chittoor,Independent House,4,4,1790,Unfurnished,South,3,3550000,Chittoor | Vijayapuram
Andhra Pradesh,Kakinada,Kakinada,Villa,5,5,3334,Semi-Furnished,East,2,20900000,Kakinada | Vidyut Nagar
Telangana,Mahabubnagar,Mahabubnagar,Residential Plot,0,0,2160,Not Applicable,East,0,3300000,Mahabubnagar | Jadcherla
Andhra Pradesh,Alluri Sitharama Raju,Paderu,Apartment,2,1,1197,Unfurnished,North,4,3325000,Alluri Sitharama Raju | Araku Valley
Andhra Pradesh,Parvathipuram Manyam,Parvathipuram,Independent House,4,3,2190,Unfurnished,South,0,3200000,Parvathipuram Manyam | Veeraghattam
Andhra Pradesh,Sri Sathya Sai,Puttaparthi,Apartment,2,2,1230,Unfurnished,West,0,3925000,Sri Sathya Sai | Puttaparthi Town
Telangana,Hyderabad,Hyderabad,Independent House,3,4,1746,Semi-Furnished,East,1,16075000,Hyderabad | Nampally
Andhra Pradesh,Sri Potti Sriramulu Nellore,Nellore,Residential Plot,0,0,2403,Not Applicable,East,0,5125000,Sri Potti Sriramulu Nellore | Kavali
Telangana,Khammam,Khammam,Apartment,2,1,1008,Furnished,South,29,1650000,Khammam | Thirumalayapalem
Telangana,Medchal Malkajgiri,Hyderabad,Apartment,2,3,1116,Semi-Furnished,North,4,8050000,Medchal Malkajgiri | Malkajgiri
Andhra Pradesh,Chittoor,Chittoor,Apartment,3,2,1397,Semi-Furnished,North,3,3200000,Chittoor | Nagari
Andhra Pradesh,Eluru,Eluru,Independent House,2,2,1157,Semi-Furnished,East,2,2650000,Eluru | Pedapadu
Telangana,Jayashankar Bhupalpally,Bhupalpally,Residential Plot,0,0,2160,Not Applicable,North,0,1150000,Jayashankar Bhupalpally | Malharrao
Telangana,Hanumakonda,Hanamkonda,Villa,4,4,2823,Semi-Furnished,East,0,12750000,Hanumakonda | Kamalapur
Telangana,Jangaon,Jangaon,Independent House,4,4,2007,Unfurnished,South-East,0,4225000,Jangaon | Station Ghanpur
Andhra Pradesh,Guntur,Guntur,Apartment,1,2,475,Unfurnished,East,0,2700000,Guntur | Lakshmipuram
Andhra Pradesh,NTR,Vijayawada,Independent House,4,4,2193,Furnished,South-East,1,10650000,NTR | Gollapudi
Telangana,Rangareddy,Hyderabad,Residential Plot,0,0,1998,Not Applicable,North,0,18350000,Rangareddy | Narsingi
Telangana,Mulugu,Mulugu,Apartment,2,1,1040,Unfurnished,North,0,1275000,Mulugu | Govindaraopet
Telangana,Khammam,Khammam,Residential Plot,0,0,2403,Not Applicable,East,0,4725000,Khammam | Mamillagudem
Telangana,Kamareddy,Kamareddy,Residential Plot,0,0,1350,Not Applicable,East,0,775000,Kamareddy | Domakonda
Telangana,Rangareddy,Hyderabad,Apartment,2,3,1010,Semi-Furnished,West,8,8775000,Rangareddy | Narsingi
Andhra Pradesh,Anantapur,Anantapur,Independent House,5,5,2732,Semi-Furnished,South,8,8800000,Anantapur | Kamala Nagar
Telangana,Khammam,Khammam,Residential Plot,0,0,3600,Not Applicable,East,0,7300000,Khammam | Mamillagudem
Telangana,Bhadradri Kothagudem,Kothagudem,Independent House,6,5,3042,Unfurnished,South,8,8400000,Bhadradri Kothagudem | Bhadrachalam
Telangana,Nizamabad,Nizamabad,Independent House,4,4,2056,Semi-Furnished,North,12,3875000,Nizamabad | Balkonda
Telangana,Sangareddy,Sangareddy,Apartment,1,2,474,Unfurnished,North,10,2375000,Sangareddy | Jinnaram
Andhra Pradesh,Prakasam,Ongole,Residential Plot,0,0,1800,Not Applicable,East,0,1525000,Prakasam | Santhanuthalapadu
Telangana,Medak,Medak,Independent House,3,2,1340,Unfurnished,East,18,3025000,Medak | Narsapur
Andhra Pradesh,YSR Kadapa,Kadapa,Residential Plot,0,0,1503,Not Applicable,South,0,2350000,YSR Kadapa | Chinna Chowk
Andhra Pradesh,Sri Potti Sriramulu Nellore,Nellore,Apartment,3,3,1555,Unfurnished,West,0,7925000,Sri Potti Sriramulu Nellore | Stonehousepeta
Andhra Pradesh,Krishna,Machilipatnam,Apartment,1,1,459,Unfurnished,East,4,2000000,Krishna | Machilipatnam Town
Telangana,Jayashankar Bhupalpally,Bhupalpally,Independent House,4,4,2019,Unfurnished,West,1,3200000,Jayashankar Bhupalpally | Kataram
Telangana,Rangareddy,Hyderabad,Apartment,2,3,916,Unfurnished,West,1,6125000,Rangareddy | Mokila
Telangana,Khammam,Khammam,Apartment,3,2,1452,Unfurnished,East,0,7150000,Khammam | Gandhi Chowk
Telangana,Rangareddy,Hyderabad,Independent House,5,5,2754,Semi-Furnished,North,5,30800000,Rangareddy | Nallagandla
Telangana,Bhadradri Kothagudem,Kothagudem,Residential Plot,0,0,1998,Not Applicable,North-East,0,2700000,Bhadradri Kothagudem | Palvancha
Telangana,Khammam,Khammam,Residential Plot,0,0,1503,Not Applicable,North,0,1475000,Khammam | Thirumalayapalem
Andhra Pradesh,YSR Kadapa,Kadapa,Independent House,4,3,1975,Semi-Furnished,West,1,3600000,YSR Kadapa | Mydukur
Andhra Pradesh,NTR,Vijayawada,Apartment,2,2,989,Unfurnished,South,0,6800000,NTR | Benz Circle
Telangana,Siddipet,Siddipet,Independent House,2,2,1267,Unfurnished,North-East,7,6675000,Siddipet | Siddipet Town
Andhra Pradesh,Dr. B.R. Ambedkar Konaseema,Amalapuram,Apartment,3,4,1489,Furnished,South-East,3,5000000,Dr. B.R. Ambedkar Konaseema | Amalapuram Town
Telangana,Kumuram Bheem Asifabad,Asifabad,Independent House,4,4,1906,Unfurnished,South,0,4575000,Kumuram Bheem Asifabad | Kagaznagar
Andhra Pradesh,Sri Potti Sriramulu Nellore,Nellore,Residential Plot,0,0,900,Not Applicable,North-East,0,1475000,Sri Potti Sriramulu Nellore | Nawabpet
Telangana,Yadadri Bhuvanagiri,Bhongir,Independent House,3,3,1425,Unfurnished,West,3,4875000,Yadadri Bhuvanagiri | Yadagirigutta
Andhra Pradesh,Visakhapatnam,Visakhapatnam,Villa,4,4,2297,Semi-Furnished,South-East,0,27525000,Visakhapatnam | Sagar Nagar
Andhra Pradesh,Tirupati,Tirupati,Apartment,2,2,1082,Semi-Furnished,North,1,3850000,Tirupati | Gudur
Telangana,Rangareddy,Hyderabad,Apartment,3,3,1508,Furnished,West,1,14475000,Rangareddy | Manikonda
Andhra Pradesh,Vizianagaram,Vizianagaram,Residential Plot,0,0,2160,Not Applicable,West,0,3225000,Vizianagaram | Bobbili
Andhra Pradesh,Visakhapatnam,Visakhapatnam,Apartment,2,2,1022,Unfurnished,North,7,8525000,Visakhapatnam | Seethammadhara
Telangana,Adilabad,Adilabad,Residential Plot,0,0,1503,Not Applicable,North-East,0,850000,Adilabad | Jainad
Telangana,Jangaon,Jangaon,Apartment,2,1,1095,Furnished,East,1,1700000,Jangaon | Bachannapet
Andhra Pradesh,West Godavari,Bhimavaram,Villa,4,4,2058,Unfurnished,South,1,11575000,West Godavari | Bhimavaram Town
Andhra Pradesh,NTR,Vijayawada,Villa,3,3,1863,Unfurnished,East,0,22550000,NTR | MG Road
Telangana,Kamareddy,Kamareddy,Villa,3,3,1905,Unfurnished,West,22,4125000,Kamareddy | Banswada
Telangana,Sangareddy,Hyderabad,Residential Plot,0,0,1800,Not Applicable,North-East,0,7600000,Sangareddy | Beeramguda
Telangana,Karimnagar,Karimnagar,Independent House,5,5,2383,Unfurnished,East,6,6700000,Karimnagar | Manakondur
Andhra Pradesh,Kakinada,Kakinada,Apartment,3,3,1233,Furnished,West,9,4575000,Kakinada | Tuni
Telangana,Mancherial,Mancherial,Apartment,3,2,1657,Unfurnished,North-East,4,3950000,Mancherial | Bellampalli
Telangana,Wanaparthy,Wanaparthy,Apartment,2,3,1116,Semi-Furnished,North-East,2,4025000,Wanaparthy | Wanaparthy Town
Telangana,Warangal,Warangal,Independent House,4,4,1958,Semi-Furnished,North-East,12,4875000,Warangal | Narsampet
Telangana,Bhadradri Kothagudem,Kothagudem,Apartment,4,4,2156,Furnished,North,3,8200000,Bhadradri Kothagudem | Bhadrachalam
Andhra Pradesh,Visakhapatnam,Visakhapatnam,Apartment,3,3,1382,Unfurnished,South,3,7950000,Visakhapatnam | Muralinagar
Andhra Pradesh,Vizianagaram,Vizianagaram,Apartment,3,3,1574,Unfurnished,West,0,4475000,Vizianagaram | Cheepurupalli
Telangana,Nalgonda,Nalgonda,Apartment,1,1,519,Unfurnished,South,1,975000,Nalgonda | Munugode
Andhra Pradesh,Kurnool,Kurnool,Independent House,3,2,1858,Unfurnished,North,3,6650000,Kurnool | Balaji Nagar
Andhra Pradesh,Guntur,Guntur,Apartment,1,1,452,Unfurnished,North,0,1400000,Guntur | Prathipadu
Telangana,Siddipet,Siddipet,Residential Plot,0,0,1998,Not Applicable,North-East,0,2900000,Siddipet | Gajwel
Telangana,Medchal Malkajgiri,Hyderabad,Independent House,3,3,1750,Semi-Furnished,South-East,1,12300000,Medchal Malkajgiri | Malkajgiri
Telangana,Rangareddy,Hyderabad,Residential Plot,0,0,1503,Not Applicable,South,0,7125000,Rangareddy | Shamshabad
Telangana,Medchal Malkajgiri,Hyderabad,Apartment,3,4,1703,Semi-Furnished,East,4,10575000,Medchal Malkajgiri | Dundigal
Telangana,Medchal Malkajgiri,Hyderabad,Independent House,3,2,1202,Unfurnished,East,7,5600000,Medchal Malkajgiri | Ghatkesar
Telangana,Sangareddy,Sangareddy,Apartment,2,2,1220,Unfurnished,North,0,6550000,Sangareddy | Sangareddy Town
Andhra Pradesh,YSR Kadapa,Kadapa,Apartment,1,1,545,Semi-Furnished,North,3,1150000,YSR Kadapa | Vempalle
Andhra Pradesh,Bapatla,Bapatla,Independent House,3,4,1649,Unfurnished,North,19,2675000,Bapatla | Karamchedu
Telangana,Siddipet,Siddipet,Residential Plot,0,0,1503,Not Applicable,South,0,3025000,Siddipet | Siddipet Town
Andhra Pradesh,Nandyal,Nandyal,Apartment,3,3,1268,Unfurnished,West,7,2025000,Nandyal | Banaganapalle
Telangana,Jangaon,Jangaon,Apartment,3,4,1634,Unfurnished,North,0,4725000,Jangaon | Jangaon Town
Telangana,Hyderabad,Hyderabad,Independent House,5,5,2805,Unfurnished,North,0,30100000,Hyderabad | Secunderabad
Telangana,Hanumakonda,Hanamkonda,Residential Plot,0,0,900,Not Applicable,South-East,0,2725000,Hanumakonda | Subedari
Andhra Pradesh,Kakinada,Kakinada,Villa,4,4,2847,Semi-Furnished,North,30,17600000,Kakinada | Ramanayapeta
Telangana,Rangareddy,Hyderabad,Apartment,3,3,1347,Furnished,South-East,1,17275000,Rangareddy | Kokapet
Andhra Pradesh,Srikakulam,Srikakulam,Independent House,3,3,1509,Semi-Furnished,South,2,4150000,Srikakulam | Arasavalli
Telangana,Nizamabad,Nizamabad,Independent House,5,6,2271,Unfurnished,South,4,8200000,Nizamabad | Khaleelwadi
Andhra Pradesh,Vizianagaram,Vizianagaram,Independent Builder Floor,2,2,857,Furnished,North-East,2,3775000,Vizianagaram | Bobbili
Andhra Pradesh,Palnadu,Narasaraopet,Apartment,3,3,1623,Semi-Furnished,East,1,5725000,Palnadu | Chilakaluripet
Telangana,Medchal Malkajgiri,Hyderabad,Apartment,3,4,1775,Unfurnished,West,0,12600000,Medchal Malkajgiri | Nizampet
Telangana,Mulugu,Mulugu,Independent House,2,3,1093,Semi-Furnished,East,0,3000000,Mulugu | Mulugu Town
Telangana,Suryapet,Suryapet,Residential Plot,0,0,1800,Not Applicable,East,0,2025000,Suryapet | Huzurnagar
Telangana,Jayashankar Bhupalpally,Bhupalpally,Residential Plot,0,0,1197,Not Applicable,South,0,675000,Jayashankar Bhupalpally | Kataram
Telangana,Hanumakonda,Hanamkonda,Apartment,4,5,2272,Unfurnished,North-East,1,12675000,Hanumakonda | Balasamudram
Telangana,Narayanpet,Narayanpet,Apartment,2,1,1066,Unfurnished,North-East,2,1700000,Narayanpet | Utkoor
Andhra Pradesh,Sri Potti Sriramulu Nellore,Nellore,Apartment,2,2,1172,Unfurnished,East,0,6575000,Sri Potti Sriramulu Nellore | Vedayapalem
Andhra Pradesh,East Godavari,Rajahmundry,Independent House,5,5,2284,Semi-Furnished,West,3,11675000,East Godavari | Morampudi
Andhra Pradesh,Polavaram,Rampachodavaram,Independent House,4,4,1999,Unfurnished,South,0,2200000,Polavaram | Vararamachandrapuram
Telangana,Sangareddy,Hyderabad,Villa,3,4,2111,Semi-Furnished,West,1,25750000,Sangareddy | Tellapur
Andhra Pradesh,Krishna,Machilipatnam,Residential Plot,0,0,1197,Not Applicable,East,0,1150000,Krishna | Avanigadda
Andhra Pradesh,Prakasam,Ongole,Independent House,2,2,977,Semi-Furnished,North,2,3250000,Prakasam | Ongole Town
Telangana,Medchal Malkajgiri,Hyderabad,Independent Builder Floor,2,2,838,Semi-Furnished,South,2,3700000,Medchal Malkajgiri | Medchal
Andhra Pradesh,Prakasam,Ongole,Apartment,3,2,1563,Semi-Furnished,West,0,4325000,Prakasam | Chimakurthi
Telangana,Sangareddy,Hyderabad,Residential Plot,0,0,1350,Not Applicable,East,0,6425000,Sangareddy | Kollur
Andhra Pradesh,Kurnool,Kurnool,Residential Plot,0,0,1350,Not Applicable,South,0,2775000,Kurnool | Budhwarpet
Andhra Pradesh,Guntur,Guntur,Villa,3,4,2309,Unfurnished,South-East,2,13975000,Guntur | Kothapet
Andhra Pradesh,Dr. B.R. Ambedkar Konaseema,Amalapuram,Residential Plot,0,0,1800,Not Applicable,West,0,2000000,Dr. B.R. Ambedkar Konaseema | Ravulapalem
Telangana,Hyderabad,Hyderabad,Apartment,2,1,1141,Unfurnished,West,0,9250000,Hyderabad | Tarnaka
Telangana,Vikarabad,Vikarabad,Villa,3,2,2272,Unfurnished,North,4,10750000,Vikarabad | Tandur
Andhra Pradesh,Kurnool,Kurnool,Apartment,2,2,1308,Semi-Furnished,East,0,6050000,Kurnool | Budhwarpet
Andhra Pradesh,Prakasam,Ongole,Apartment,3,3,1731,Unfurnished,North,2,4600000,Prakasam | Darsi
Andhra Pradesh,Visakhapatnam,Visakhapatnam,Apartment,3,3,1320,Furnished,South-East,10,10675000,Visakhapatnam | Dwaraka Nagar
Telangana,Bhadradri Kothagudem,Kothagudem,Independent House,3,2,1882,Unfurnished,North,1,6375000,Bhadradri Kothagudem | Kothagudem Town
Andhra Pradesh,Kakinada,Kakinada,Apartment,2,2,776,Semi-Furnished,North,4,4100000,Kakinada | Ramanayapeta
Andhra Pradesh,Guntur,Amaravati,Residential Plot,0,0,1620,Not Applicable,South,0,3600000,Guntur | Undavalli
Andhra Pradesh,NTR,Vijayawada,Residential Plot,0,0,2160,Not Applicable,North,0,8600000,NTR | Patamata
Andhra Pradesh,Nandyal,Nandyal,Independent House,4,4,2014,Unfurnished,North,6,5325000,Nandyal | Dhone
Telangana,Nalgonda,Nalgonda,Apartment,3,2,1347,Unfurnished,North,0,4125000,Nalgonda | Nalgonda Town
Telangana,Medchal Malkajgiri,Hyderabad,Villa,5,5,3116,Semi-Furnished,South-East,3,28200000,Medchal Malkajgiri | Alwal
Andhra Pradesh,East Godavari,Rajahmundry,Villa,4,5,2262,Unfurnished,East,1,13825000,East Godavari | Morampudi
Telangana,Rangareddy,Hyderabad,Villa,3,3,2099,Furnished,South-East,22,27200000,Rangareddy | Financial District
Telangana,Hanumakonda,Hanamkonda,Independent House,2,2,1305,Furnished,North-East,23,5025000,Hanumakonda | Kazipet
Telangana,Medchal Malkajgiri,Hyderabad,Independent House,3,3,1668,Unfurnished,West,8,10525000,Medchal Malkajgiri | Alwal
Andhra Pradesh,Kurnool,Kurnool,Independent Builder Floor,3,4,1522,Unfurnished,South-East,0,4425000,Kurnool | Budhwarpet
Telangana,Hyderabad,Hyderabad,Villa,4,3,2032,Semi-Furnished,East,24,17650000,Hyderabad | Narayanguda
Telangana,Sangareddy,Hyderabad,Villa,4,4,2105,Unfurnished,South,13,18725000,Sangareddy | Beeramguda
Andhra Pradesh,Visakhapatnam,Visakhapatnam,Residential Plot,0,0,900,Not Applicable,East,0,3850000,Visakhapatnam | Dwaraka Nagar
Andhra Pradesh,Kurnool,Kurnool,Independent House,4,3,2005,Semi-Furnished,East,0,5775000,Kurnool | Mantralayam
Telangana,Warangal,Warangal,Independent Builder Floor,3,3,1622,Semi-Furnished,North,1,4250000,Warangal | Narsampet
Andhra Pradesh,Palnadu,Narasaraopet,Apartment,4,5,2237,Unfurnished,East,1,6850000,Palnadu | Chilakaluripet
Andhra Pradesh,Kakinada,Kakinada,Apartment,3,2,1586,Unfurnished,North,0,5075000,Kakinada | Tuni
Andhra Pradesh,Guntur,Amaravati,Apartment,3,2,1820,Unfurnished,North,1,11025000,Guntur | Tadepalle
Andhra Pradesh,Guntur,Guntur,Apartment,2,2,1137,Semi-Furnished,East,17,5375000,Guntur | Lakshmipuram
Andhra Pradesh,NTR,Vijayawada,Independent House,4,3,1809,Furnished,North-East,7,9950000,NTR | Ramavarappadu
Andhra Pradesh,Vizianagaram,Vizianagaram,Apartment,2,3,1021,Furnished,South-East,1,2575000,Vizianagaram | Cheepurupalli
Andhra Pradesh,West Godavari,Bhimavaram,Residential Plot,0,0,1350,Not Applicable,East,0,3300000,West Godavari | Bhimavaram Town
Andhra Pradesh,Nandyal,Nandyal,Residential Plot,0,0,2700,Not Applicable,West,0,3000000,Nandyal | Dhone
Telangana,Hyderabad,Hyderabad,Villa,5,6,3597,Semi-Furnished,North,20,36700000,Hyderabad | Yousufguda
Telangana,Hyderabad,Hyderabad,Villa,3,3,1988,Unfurnished,North-East,14,34625000,Hyderabad | Jubilee Hills
Telangana,Wanaparthy,Wanaparthy,Villa,4,3,2214,Furnished,East,1,4975000,Wanaparthy | Pebbair
Telangana,Wanaparthy,Wanaparthy,Apartment,2,2,1243,Unfurnished,West,0,2075000,Wanaparthy | Kothakota
Andhra Pradesh,Markapuram,Markapuram,Independent House,2,1,936,Unfurnished,North-East,1,2200000,Markapuram | Giddalur
Telangana,Kumuram Bheem Asifabad,Asifabad,Villa,4,5,2035,Unfurnished,East,1,3675000,Kumuram Bheem Asifabad | Rebbena
Andhra Pradesh,Dr. B.R. Ambedkar Konaseema,Amalapuram,Independent House,4,4,2329,Unfurnished,North-East,1,6975000,Dr. B.R. Ambedkar Konaseema | Mandapeta
Telangana,Hyderabad,Hyderabad,Independent Builder Floor,3,3,1080,Semi-Furnished,North,0,10900000,Hyderabad | Secunderabad
Andhra Pradesh,Prakasam,Ongole,Residential Plot,0,0,1197,Not Applicable,North-East,0,1100000,Prakasam | Kothapatnam
Andhra Pradesh,Eluru,Eluru,Apartment,3,3,1866,Semi-Furnished,North,8,6000000,Eluru | Eluru Town
Telangana,Sangareddy,Hyderabad,Apartment,3,2,1683,Unfurnished,East,0,14550000,Sangareddy | Kollur
Andhra Pradesh,NTR,Vijayawada,Apartment,4,4,2337,Unfurnished,South,13,8775000,NTR | Mylavaram
Telangana,Hanumakonda,Hanamkonda,Independent Builder Floor,2,3,927,Unfurnished,East,0,2350000,Hanumakonda | Elkathurthy
Telangana,Hyderabad,Hyderabad,Independent House,2,2,1502,Unfurnished,South-East,0,17325000,Hyderabad | Somajiguda
Telangana,Sangareddy,Hyderabad,Apartment,3,3,1424,Unfurnished,South,0,8000000,Sangareddy | Kollur
Telangana,Yadadri Bhuvanagiri,Bhongir,Residential Plot,0,0,1350,Not Applicable,East,0,1175000,Yadadri Bhuvanagiri | Alair
Andhra Pradesh,Sri Potti Sriramulu Nellore,Nellore,Apartment,3,4,1256,Unfurnished,North,4,4000000,Sri Potti Sriramulu Nellore | Kavali
Telangana,Adilabad,Adilabad,Residential Plot,0,0,3600,Not Applicable,West,0,5725000,Adilabad | Adilabad Town
Andhra Pradesh,Kakinada,Kakinada,Residential Plot,0,0,1620,Not Applicable,East,0,3850000,Kakinada | Jagannaickpur
Andhra Pradesh,Krishna,Vijayawada,Independent House,3,3,1544,Semi-Furnished,South,14,7275000,Krishna | Poranki
Andhra Pradesh,YSR Kadapa,Kadapa,Apartment,2,2,1005,Unfurnished,South,0,3275000,YSR Kadapa | Marripadu
Andhra Pradesh,Eluru,Eluru,Independent House,3,3,1789,Unfurnished,West,5,4150000,Eluru | Kaikaluru
Andhra Pradesh,Annamayya,Madanapalle,Apartment,2,2,1059,Unfurnished,East,0,2650000,Annamayya | Rajampet
Telangana,Sangareddy,Sangareddy,Apartment,1,1,494,Semi-Furnished,North,4,2000000,Sangareddy | Sangareddy Town
Andhra Pradesh,Vizianagaram,Vizianagaram,Independent House,2,2,1267,Unfurnished,North,0,5425000,Vizianagaram | Ayyannapeta
Andhra Pradesh,Kurnool,Kurnool,Residential Plot,0,0,2403,Not Applicable,South-East,0,2125000,Kurnool | Kodumur
Telangana,Yadadri Bhuvanagiri,Bhongir,Residential Plot,0,0,1503,Not Applicable,South,0,1225000,Yadadri Bhuvanagiri | Ramannapet
Andhra Pradesh,Parvathipuram Manyam,Parvathipuram,Independent House,3,3,1522,Unfurnished,North,6,3525000,Parvathipuram Manyam | Palakonda
Andhra Pradesh,Markapuram,Markapuram,Independent House,3,4,1984,Unfurnished,North,9,3050000,Markapuram | Pamur
Telangana,Yadadri Bhuvanagiri,Bhongir,Apartment,2,2,1054,Unfurnished,West,0,3475000,Yadadri Bhuvanagiri | Yadagirigutta
Telangana,Jayashankar Bhupalpally,Bhupalpally,Independent House,2,1,1062,Semi-Furnished,West,3,1500000,Jayashankar Bhupalpally | Chityal
Andhra Pradesh,Eluru,Eluru,Apartment,3,4,1696,Unfurnished,East,0,6800000,Eluru | Eluru Town
Andhra Pradesh,Anakapalli,Anakapalle,Independent House,2,2,1500,Semi-Furnished,North-East,0,8225000,Anakapalli | Sabbavaram
Telangana,Nalgonda,Nalgonda,Residential Plot,0,0,1620,Not Applicable,South,0,1300000,Nalgonda | Chityal
Andhra Pradesh,Dr. B.R. Ambedkar Konaseema,Amalapuram,Independent House,2,2,1559,Unfurnished,East,1,4375000,Dr. B.R. Ambedkar Konaseema | Mandapeta
Andhra Pradesh,Visakhapatnam,Visakhapatnam,Villa,4,4,2408,Unfurnished,South-East,1,14675000,Visakhapatnam | Pendurthi
Andhra Pradesh,Sri Potti Sriramulu Nellore,Nellore,Independent House,2,2,872,Unfurnished,East,21,4275000,Sri Potti Sriramulu Nellore | Trunk Road
Telangana,Jangaon,Jangaon,Apartment,4,5,2264,Unfurnished,South,0,3775000,Jangaon | Palakurthi
Telangana,Rajanna Sircilla,Sircilla,Independent House,2,3,1436,Unfurnished,North-East,8,5025000,Rajanna Sircilla | Sircilla Town
Telangana,Rangareddy,Hyderabad,Apartment,3,3,1482,Semi-Furnished,East,4,15850000,Rangareddy | Kokapet
Telangana,Bhadradri Kothagudem,Kothagudem,Apartment,3,3,1439,Unfurnished,North,0,3250000,Bhadradri Kothagudem | Aswaraopeta
Andhra Pradesh,Visakhapatnam,Visakhapatnam,Apartment,3,4,1510,Unfurnished,North,4,9425000,Visakhapatnam | Muralinagar
Andhra Pradesh,Tirupati,Tirupati,Apartment,2,2,1088,Semi-Furnished,North-East,3,4600000,Tirupati | Srikalahasti
Andhra Pradesh,East Godavari,Rajahmundry,Apartment,1,1,502,Unfurnished,East,2,1650000,East Godavari | Nidadavole
Andhra Pradesh,Annamayya,Madanapalle,Residential Plot,0,0,1800,Not Applicable,South-East,0,1025000,Annamayya | Mulakalacheruvu
Andhra Pradesh,Anantapur,Anantapur,Apartment,4,4,2412,Unfurnished,South,2,6550000,Anantapur | Tadipatri
Andhra Pradesh,Vizianagaram,Vizianagaram,Independent House,4,4,2154,Unfurnished,East,1,5950000,Vizianagaram | Gajapathinagaram
Andhra Pradesh,Srikakulam,Srikakulam,Apartment,4,4,2091,Furnished,North,0,7175000,Srikakulam | Palasa
Telangana,Medchal Malkajgiri,Hyderabad,Independent Builder Floor,3,3,1344,Unfurnished,North,0,7575000,Medchal Malkajgiri | AS Rao Nagar
Telangana,Nirmal,Nirmal,Apartment,3,4,1440,Unfurnished,East,1,2200000,Nirmal | Laxmanchanda
Telangana,Nirmal,Nirmal,Residential Plot,0,0,1800,Not Applicable,East,0,1225000,Nirmal | Mudhole
Andhra Pradesh,Markapuram,Markapuram,Villa,3,3,2325,Semi-Furnished,East,5,9250000,Markapuram | Markapuram Town
Andhra Pradesh,Vizianagaram,Vizianagaram,Independent House,4,4,1933,Unfurnished,East,30,3900000,Vizianagaram | Cheepurupalli
Telangana,Rangareddy,Hyderabad,Independent House,5,5,2527,Unfurnished,North,0,26425000,Rangareddy | Narsingi
Telangana,Sangareddy,Hyderabad,Apartment,3,4,1426,Semi-Furnished,East,5,8175000,Sangareddy | Isnapur
Andhra Pradesh,Srikakulam,Srikakulam,Apartment,2,2,1085,Unfurnished,East,0,3700000,Srikakulam | Amadalavalasa
Telangana,Mahabubabad,Mahabubabad,Independent House,2,3,1161,Furnished,South,0,3825000,Mahabubabad | Mahabubabad Town
Telangana,Medak,Medak,Independent House,3,3,1781,Unfurnished,West,19,3200000,Medak | Narsapur
Andhra Pradesh,Kurnool,Kurnool,Independent House,4,4,2355,Semi-Furnished,East,13,6800000,Kurnool | Adoni
Andhra Pradesh,Dr. B.R. Ambedkar Konaseema,Amalapuram,Independent House,4,5,2336,Unfurnished,North,7,4875000,Dr. B.R. Ambedkar Konaseema | Razole
Andhra Pradesh,Sri Sathya Sai,Puttaparthi,Independent House,3,3,1649,Semi-Furnished,North-East,0,6275000,Sri Sathya Sai | Puttaparthi Town
Telangana,Hyderabad,Hyderabad,Apartment,2,3,1111,Unfurnished,West,0,8925000,Hyderabad | Kachiguda
Andhra Pradesh,Tirupati,Tirupati,Apartment,3,3,1822,Furnished,South-East,4,6925000,Tirupati | Tummalagunta
Andhra Pradesh,Kakinada,Kakinada,Apartment,3,3,1665,Unfurnished,North,18,6850000,Kakinada | Vakalapudi
Telangana,Vikarabad,Vikarabad,Independent House,5,5,2675,Semi-Furnished,East,6,4825000,Vikarabad | Kodangal
Andhra Pradesh,Kakinada,Kakinada,Apartment,3,4,1871,Unfurnished,South-East,0,6350000,Kakinada | Pithapuram
Andhra Pradesh,NTR,Vijayawada,Apartment,3,2,1549,Unfurnished,South-East,1,12950000,NTR | Benz Circle
Telangana,Jagtial,Jagtial,Apartment,3,3,1281,Unfurnished,East,2,5800000,Jagtial | Jagtial Town
Telangana,Hyderabad,Hyderabad,Independent Builder Floor,2,2,1100,Unfurnished,South,6,6550000,Hyderabad | Shaikpet
Andhra Pradesh,Vizianagaram,Vizianagaram,Apartment,2,1,981,Unfurnished,South,1,2700000,Vizianagaram | Bobbili
Andhra Pradesh,Kakinada,Kakinada,Apartment,2,2,731,Unfurnished,North,0,3925000,Kakinada | Jagannaickpur
Andhra Pradesh,East Godavari,Rajahmundry,Apartment,2,2,1099,Unfurnished,East,0,4225000,East Godavari | Bommuru
Andhra Pradesh,Sri Potti Sriramulu Nellore,Nellore,Villa,5,4,3048,Unfurnished,North-East,10,11900000,Sri Potti Sriramulu Nellore | Buchireddypalem
Telangana,Karimnagar,Karimnagar,Apartment,2,2,1083,Unfurnished,South,0,2600000,Karimnagar | Kothapally
Telangana,Sangareddy,Sangareddy,Apartment,2,1,1097,Unfurnished,East,9,3425000,Sangareddy | Narayankhed
Andhra Pradesh,NTR,Vijayawada,Apartment,3,4,1497,Unfurnished,East,4,7825000,NTR | Ramavarappadu
Telangana,Sangareddy,Sangareddy,Residential Plot,0,0,900,Not Applicable,North-East,0,1625000,Sangareddy | Sadasivpet
Telangana,Nirmal,Nirmal,Independent House,4,5,2116,Unfurnished,South,2,6625000,Nirmal | Nirmal Town
Telangana,Medchal Malkajgiri,Hyderabad,Residential Plot,0,0,2403,Not Applicable,West,0,15875000,Medchal Malkajgiri | KPHB
Andhra Pradesh,Chittoor,Chittoor,Independent House,2,2,1453,Unfurnished,North,8,2175000,Chittoor | Puthalapattu
Telangana,Sangareddy,Hyderabad,Independent Builder Floor,2,2,972,Unfurnished,North-East,0,5500000,Sangareddy | Kollur
Andhra Pradesh,Sri Potti Sriramulu Nellore,Nellore,Apartment,4,3,2503,Unfurnished,East,0,11000000,Sri Potti Sriramulu Nellore | Pogathota
Telangana,Rangareddy,Hyderabad,Apartment,3,2,1795,Unfurnished,North,12,21550000,Rangareddy | Gachibowli
Andhra Pradesh,Prakasam,Ongole,Apartment,3,3,1447,Furnished,West,5,3025000,Prakasam | Santhanuthalapadu
Andhra Pradesh,Parvathipuram Manyam,Parvathipuram,Independent House,5,4,2540,Unfurnished,East,7,5250000,Parvathipuram Manyam | Salur
Telangana,Warangal,Warangal,Independent House,5,5,2443,Semi-Furnished,East,0,7525000,Warangal | Nekkonda
Andhra Pradesh,Kurnool,Kurnool,Apartment,3,3,1288,Semi-Furnished,North,1,3600000,Kurnool | Mantralayam
Andhra Pradesh,Srikakulam,Srikakulam,Independent Builder Floor,2,1,1045,Semi-Furnished,East,2,3450000,Srikakulam | Srikakulam Town
Telangana,Siddipet,Siddipet,Apartment,3,4,1616,Unfurnished,East,3,3475000,Siddipet | Cherial
Andhra Pradesh,Kurnool,Kurnool,Residential Plot,0,0,1350,Not Applicable,South-East,0,2475000,Kurnool | Venkataramana Colony
Andhra Pradesh,Tirupati,Tirupati,Apartment,2,2,1216,Semi-Furnished,North,1,4925000,Tirupati | Gudur
Telangana,Suryapet,Suryapet,Independent House,4,4,1580,Unfurnished,North,5,2850000,Suryapet | Mothey
Andhra Pradesh,YSR Kadapa,Kadapa,Residential Plot,0,0,1350,Not Applicable,North,0,850000,YSR Kadapa | Badvel
Telangana,Jangaon,Jangaon,Independent House,3,3,1508,Unfurnished,East,5,5800000,Jangaon | Jangaon Town
Telangana,Peddapalli,Peddapalli,Independent Builder Floor,3,3,1123,Semi-Furnished,North,4,3300000,Peddapalli | Godavarikhani
Telangana,Adilabad,Adilabad,Villa,4,4,2686,Unfurnished,South,4,11800000,Adilabad | Adilabad Town
Telangana,Kamareddy,Kamareddy,Residential Plot,0,0,1197,Not Applicable,North-East,0,875000,Kamareddy | Yellareddy
Andhra Pradesh,Bapatla,Bapatla,Villa,3,4,1811,Unfurnished,East,0,7375000,Bapatla | Suryalanka
Andhra Pradesh,Sri Potti Sriramulu Nellore,Nellore,Independent House,2,2,1205,Semi-Furnished,West,12,4325000,Sri Potti Sriramulu Nellore | Kavali
Telangana,Hanumakonda,Hanamkonda,Residential Plot,0,0,1620,Not Applicable,South-East,0,4725000,Hanumakonda | Subedari
Andhra Pradesh,Srikakulam,Srikakulam,Independent House,2,1,914,Semi-Furnished,North,3,2850000,Srikakulam | Amadalavalasa
Telangana,Peddapalli,Peddapalli,Independent House,4,3,2163,Semi-Furnished,South,7,5500000,Peddapalli | Ramagundam
Andhra Pradesh,Bapatla,Bapatla,Apartment,4,4,2076,Unfurnished,East,3,8100000,Bapatla | Chirala
Telangana,Khammam,Khammam,Apartment,1,1,520,Semi-Furnished,North,6,1775000,Khammam | Madhira
Telangana,Wanaparthy,Wanaparthy,Independent House,4,4,2157,Furnished,North,11,2725000,Wanaparthy | Gopalpeta
Andhra Pradesh,Sri Potti Sriramulu Nellore,Nellore,Apartment,3,2,1531,Semi-Furnished,East,1,7800000,Sri Potti Sriramulu Nellore | Magunta Layout
Telangana,Khammam,Khammam,Residential Plot,0,0,1998,Not Applicable,West,0,1575000,Khammam | Yerrupalem
Andhra Pradesh,Chittoor,Chittoor,Residential Plot,0,0,3600,Not Applicable,South,0,6100000,Chittoor | Chittoor Town
Telangana,Siddipet,Siddipet,Residential Plot,0,0,1800,Not Applicable,South-East,0,3975000,Siddipet | Siddipet Town
Andhra Pradesh,Visakhapatnam,Visakhapatnam,Independent Builder Floor,3,3,1439,Unfurnished,South-East,11,10800000,Visakhapatnam | MVP Colony
Andhra Pradesh,Visakhapatnam,Visakhapatnam,Apartment,3,2,1494,Unfurnished,East,1,12825000,Visakhapatnam | Sagar Nagar
Telangana,Sangareddy,Hyderabad,Residential Plot,0,0,1800,Not Applicable,South,0,7275000,Sangareddy | Patancheru
Telangana,Rangareddy,Hyderabad,Apartment,4,3,2313,Unfurnished,South-East,0,22325000,Rangareddy | Manikonda
Andhra Pradesh,Sri Potti Sriramulu Nellore,Nellore,Apartment,3,3,1515,Unfurnished,North-East,0,9175000,Sri Potti Sriramulu Nellore | Stonehousepeta
Telangana,Nizamabad,Nizamabad,Apartment,2,2,1341,Furnished,North,5,4175000,Nizamabad | Dichpally
Telangana,Nizamabad,Nizamabad,Apartment,3,3,1720,Semi-Furnished,North,7,4325000,Nizamabad | Yedapally
Telangana,Hyderabad,Hyderabad,Apartment,1,2,570,Unfurnished,East,0,4150000,Hyderabad | Mehdipatnam
Andhra Pradesh,Visakhapatnam,Visakhapatnam,Apartment,3,3,1545,Unfurnished,North-East,0,16550000,Visakhapatnam | Rushikonda
Telangana,Mahabubabad,Mahabubabad,Independent Builder Floor,2,1,1132,Unfurnished,North,14,2625000,Mahabubabad | Mahabubabad Town
Andhra Pradesh,Eluru,Eluru,Residential Plot,0,0,2700,Not Applicable,South-East,0,3500000,Eluru | Pedavegi
Andhra Pradesh,Dr. B.R. Ambedkar Konaseema,Amalapuram,Residential Plot,0,0,3600,Not Applicable,South,0,3225000,Dr. B.R. Ambedkar Konaseema | Ravulapalem
Andhra Pradesh,YSR Kadapa,Kadapa,Apartment,2,1,890,Unfurnished,South,0,1700000,YSR Kadapa | Kamalapuram
Andhra Pradesh,Anakapalli,Anakapalle,Residential Plot,0,0,3600,Not Applicable,North,0,8350000,Anakapalli | Parawada
Telangana,Medchal Malkajgiri,Hyderabad,Apartment,3,3,1483,Furnished,East,1,11500000,Medchal Malkajgiri | Bachupally
Telangana,Jayashankar Bhupalpally,Bhupalpally,Residential Plot,0,0,1503,Not Applicable,South,0,650000,Jayashankar Bhupalpally | Kataram
Andhra Pradesh,Bapatla,Bapatla,Independent House,3,3,2065,Semi-Furnished,South-East,1,6825000,Bapatla | Bapatla Town
Telangana,Kamareddy,Kamareddy,Independent House,3,3,1441,Unfurnished,East,21,3725000,Kamareddy | Kamareddy Town
Andhra Pradesh,Krishna,Machilipatnam,Residential Plot,0,0,1998,Not Applicable,East,0,4000000,Krishna | Machilipatnam Town
Andhra Pradesh,Bapatla,Bapatla,Apartment,4,4,2651,Unfurnished,East,0,5400000,Bapatla | Martur
Telangana,Sangareddy,Hyderabad,Residential Plot,0,0,1620,Not Applicable,East,0,4875000,Sangareddy | Isnapur
Telangana,Nalgonda,Nalgonda,Independent House,4,3,1766,Unfurnished,South,20,4150000,Nalgonda | Devarakonda
Telangana,Jogulamba Gadwal,Gadwal,Villa,3,4,2697,Semi-Furnished,North,4,5300000,Jogulamba Gadwal | Maldakal
Telangana,Hyderabad,Hyderabad,Independent House,3,3,1433,Furnished,South,1,23525000,Hyderabad | Jubilee Hills
Telangana,Hyderabad,Hyderabad,Apartment,3,3,1292,Unfurnished,South,0,11150000,Hyderabad | Nampally
Andhra Pradesh,Kakinada,Kakinada,Apartment,2,2,989,Unfurnished,East,0,4650000,Kakinada | Sarpavaram
Andhra Pradesh,Eluru,Eluru,Independent House,5,5,2693,Furnished,North,3,9325000,Eluru | Eluru Town
Andhra Pradesh,Annamayya,Madanapalle,Independent House,3,3,1821,Furnished,North,2,3300000,Annamayya | Thamballapalle
Telangana,Kumuram Bheem Asifabad,Asifabad,Villa,4,4,2613,Semi-Furnished,North,0,4350000,Kumuram Bheem Asifabad | Rebbena
Andhra Pradesh,Eluru,Eluru,Apartment,2,2,961,Unfurnished,South,1,2375000,Eluru | Chintalapudi
Andhra Pradesh,NTR,Vijayawada,Independent House,4,3,2189,Unfurnished,North,17,14350000,NTR | Labbipet
Andhra Pradesh,Markapuram,Markapuram,Independent House,3,3,1540,Furnished,South-East,1,5500000,Markapuram | Markapuram Town
Andhra Pradesh,Parvathipuram Manyam,Parvathipuram,Apartment,3,4,1880,Unfurnished,East,1,5375000,Parvathipuram Manyam | Parvathipuram Town
Andhra Pradesh,Sri Sathya Sai,Puttaparthi,Villa,3,4,2298,Furnished,East,0,5550000,Sri Sathya Sai | Lepakshi
Andhra Pradesh,Sri Potti Sriramulu Nellore,Nellore,Residential Plot,0,0,2403,Not Applicable,South,0,2825000,Sri Potti Sriramulu Nellore | Atmakur
Telangana,Hyderabad,Hyderabad,Apartment,2,2,743,Semi-Furnished,East,2,5625000,Hyderabad | Malakpet
Andhra Pradesh,Bapatla,Bapatla,Apartment,2,2,1051,Semi-Furnished,South,5,2600000,Bapatla | Repalle
Andhra Pradesh,YSR Kadapa,Kadapa,Apartment,2,3,909,Unfurnished,North,0,1850000,YSR Kadapa | Mydukur
Telangana,Hyderabad,Hyderabad,Independent House,3,3,1561,Unfurnished,North,21,7725000,Hyderabad | Malakpet
Andhra Pradesh,Anakapalli,Anakapalle,Apartment,2,2,1151,Furnished,East,1,5375000,Anakapalli | Anakapalle Town
Telangana,Rangareddy,Hyderabad,Apartment,3,3,1719,Unfurnished,East,0,23700000,Rangareddy | Financial District
Telangana,Khammam,Khammam,Apartment,2,2,1148,Unfurnished,North,1,2800000,Khammam | Yerrupalem
Andhra Pradesh,Kakinada,Kakinada,Apartment,2,3,1118,Semi-Furnished,East,5,5775000,Kakinada | Jagannaickpur
Andhra Pradesh,West Godavari,Bhimavaram,Residential Plot,0,0,2997,Not Applicable,North,0,3350000,West Godavari | Penugonda
Telangana,Hyderabad,Hyderabad,Apartment,3,4,1524,Semi-Furnished,South,5,15650000,Hyderabad | Begumpet
Andhra Pradesh,Vizianagaram,Vizianagaram,Independent House,3,3,1587,Unfurnished,North,1,6350000,Vizianagaram | Vizianagaram Town
Telangana,Rangareddy,Hyderabad,Apartment,1,2,426,Unfurnished,North,10,4425000,Rangareddy | Kondapur
Telangana,Mahabubnagar,Mahabubnagar,Independent House,3,3,1790,Unfurnished,North,6,7150000,Mahabubnagar | Mahabubnagar Town
Andhra Pradesh,Vizianagaram,Vizianagaram,Independent House,4,4,2233,Semi-Furnished,North-East,2,8850000,Vizianagaram | Ayyannapeta
Telangana,Yadadri Bhuvanagiri,Bhongir,Apartment,3,2,1401,Unfurnished,North-East,0,4700000,Yadadri Bhuvanagiri | Bhongir Town
Andhra Pradesh,NTR,Vijayawada,Independent House,3,3,1838,Unfurnished,West,20,10800000,NTR | Labbipet
Andhra Pradesh,West Godavari,Bhimavaram,Independent House,3,3,1553,Furnished,North-East,30,4925000,West Godavari | Bhimavaram Town
Andhra Pradesh,NTR,Vijayawada,Independent House,6,6,2724,Unfurnished,North,0,21050000,NTR | Governorpet
Telangana,Suryapet,Suryapet,Independent House,4,4,2069,Semi-Furnished,West,1,7750000,Suryapet | Suryapet Town
Andhra Pradesh,Visakhapatnam,Visakhapatnam,Independent House,2,1,1192,Semi-Furnished,East,8,12175000,Visakhapatnam | Siripuram
Andhra Pradesh,NTR,Vijayawada,Residential Plot,0,0,900,Not Applicable,South-East,0,1325000,NTR | Mylavaram
Andhra Pradesh,Kakinada,Kakinada,Residential Plot,0,0,900,Not Applicable,East,0,1600000,Kakinada | Kovvada
Telangana,Hyderabad,Hyderabad,Apartment,3,3,1299,Unfurnished,South-East,0,11525000,Hyderabad | Himayatnagar
Telangana,Medchal Malkajgiri,Hyderabad,Villa,4,4,2701,Furnished,South-East,0,30300000,Medchal Malkajgiri | Bachupally
Telangana,Hyderabad,Hyderabad,Independent House,2,2,1002,Furnished,East,9,12275000,Hyderabad | Somajiguda
Andhra Pradesh,Nandyal,Nandyal,Apartment,3,2,1576,Unfurnished,North-East,8,3275000,Nandyal | Mahanandi
Telangana,Hanumakonda,Hanamkonda,Independent House,2,2,1391,Semi-Furnished,South-East,30,5850000,Hanumakonda | Naimnagar
Telangana,Rangareddy,Hyderabad,Independent House,3,3,1719,Unfurnished,South-East,0,14625000,Rangareddy | Rajendranagar
Andhra Pradesh,Visakhapatnam,Visakhapatnam,Independent Builder Floor,3,2,1565,Furnished,South-East,10,6250000,Visakhapatnam | Gopalapatnam
Andhra Pradesh,Tirupati,Tirupati,Apartment,2,2,837,Unfurnished,East,0,6750000,Tirupati | K.T. Road
Telangana,Jangaon,Jangaon,Residential Plot,0,0,1998,Not Applicable,North,0,2900000,Jangaon | Jangaon Town
Telangana,Karimnagar,Karimnagar,Independent House,3,3,1380,Unfurnished,East,1,4275000,Karimnagar | Thimmapur
Telangana,Mancherial,Mancherial,Independent House,3,2,1801,Semi-Furnished,West,0,3325000,Mancherial | Naspur
Telangana,Hanumakonda,Hanamkonda,Apartment,2,3,1096,Unfurnished,East,0,3100000,Hanumakonda | Dharmasagar
Telangana,Khammam,Khammam,Residential Plot,0,0,1197,Not Applicable,East,0,1125000,Khammam | Thirumalayapalem
Telangana,Rangareddy,Hyderabad,Independent House,4,4,2184,Furnished,South,25,10525000,Rangareddy | Mokila
Telangana,Peddapalli,Peddapalli,Villa,4,4,2234,Unfurnished,North,18,9625000,Peddapalli | Peddapalli Town
Telangana,Siddipet,Siddipet,Independent House,2,2,1141,Unfurnished,South,2,5725000,Siddipet | Siddipet Town
Telangana,Adilabad,Adilabad,Apartment,2,2,1144,Unfurnished,North-East,12,3775000,Adilabad | Adilabad Town
Andhra Pradesh,Visakhapatnam,Visakhapatnam,Apartment,3,3,1620,Furnished,South-East,9,13800000,Visakhapatnam | Seethammadhara
Andhra Pradesh,Sri Potti Sriramulu Nellore,Nellore,Independent House,2,1,1175,Unfurnished,North-East,1,7900000,Sri Potti Sriramulu Nellore | Stonehousepeta
Andhra Pradesh,Markapuram,Markapuram,Apartment,4,4,2256,Unfurnished,West,0,2725000,Markapuram | Tarlupadu
Andhra Pradesh,Eluru,Eluru,Independent Builder Floor,3,4,1643,Unfurnished,West,3,3250000,Eluru | Bhimadole
Andhra Pradesh,Dr. B.R. Ambedkar Konaseema,Amalapuram,Independent House,4,4,2000,Unfurnished,South-East,9,3650000,Dr. B.R. Ambedkar Konaseema | Ainavilli
Andhra Pradesh,Anakapalli,Anakapalle,Villa,3,3,1865,Semi-Furnished,North,19,8825000,Anakapalli | Sabbavaram
Telangana,Medak,Medak,Independent House,3,3,1569,Semi-Furnished,East,5,2675000,Medak | Chegunta
Telangana,Jayashankar Bhupalpally,Bhupalpally,Residential Plot,0,0,2997,Not Applicable,North-East,0,4275000,Jayashankar Bhupalpally | Bhupalpally Town
Andhra Pradesh,Krishna,Vijayawada,Apartment,3,3,1721,Unfurnished,East,7,8750000,Krishna | Gannavaram
Andhra Pradesh,Srikakulam,Srikakulam,Residential Plot,0,0,1800,Not Applicable,West,0,3475000,Srikakulam | Srikakulam Town
Telangana,Rangareddy,Hyderabad,Residential Plot,0,0,2700,Not Applicable,East,0,12750000,Rangareddy | Rajendranagar
Andhra Pradesh,Visakhapatnam,Visakhapatnam,Apartment,3,3,1377,Semi-Furnished,North,1,8850000,Visakhapatnam | Gajuwaka
Andhra Pradesh,Sri Potti Sriramulu Nellore,Nellore,Independent House,3,3,1576,Unfurnished,South-East,8,6800000,Sri Potti Sriramulu Nellore | Magunta Layout
Telangana,Mancherial,Mancherial,Apartment,3,3,1268,Unfurnished,South,0,5025000,Mancherial | Mancherial Town
Andhra Pradesh,Vizianagaram,Vizianagaram,Apartment,2,2,1090,Unfurnished,North-East,0,3675000,Vizianagaram | Ayyannapeta
Andhra Pradesh,Eluru,Eluru,Independent House,4,4,1992,Unfurnished,South-East,7,6025000,Eluru | Eluru Town
Telangana,Rangareddy,Hyderabad,Independent House,3,3,1122,Semi-Furnished,North-East,2,7000000,Rangareddy | Nadargul
Telangana,Rajanna Sircilla,Sircilla,Residential Plot,0,0,1998,Not Applicable,South,0,3700000,Rajanna Sircilla | Sircilla Town
Telangana,Khammam,Khammam,Independent House,5,6,2454,Unfurnished,East,13,6150000,Khammam | Madhira
Andhra Pradesh,East Godavari,Rajahmundry,Apartment,3,2,1341,Unfurnished,North-East,0,6025000,East Godavari | Morampudi
Telangana,Rangareddy,Hyderabad,Apartment,4,4,2498,Unfurnished,East,4,29575000,Rangareddy | Gachibowli
Andhra Pradesh,Chittoor,Chittoor,Independent House,4,3,2292,Unfurnished,East,11,9400000,Chittoor | Gandhi Road
Telangana,Hanumakonda,Hanamkonda,Apartment,3,3,1325,Unfurnished,West,0,5550000,Hanumakonda | Balasamudram
Andhra Pradesh,NTR,Vijayawada,Apartment,4,4,2040,Unfurnished,North,0,8625000,NTR | Ambapuram
Andhra Pradesh,NTR,Vijayawada,Apartment,3,4,1386,Furnished,North-East,3,8675000,NTR | Ajit Singh Nagar
Telangana,Vikarabad,Vikarabad,Independent House,2,1,1467,Unfurnished,North-East,6,4475000,Vikarabad | Tandur
Andhra Pradesh,NTR,Vijayawada,Independent House,2,3,1333,Unfurnished,East,4,9200000,NTR | Patamata
Andhra Pradesh,Sri Potti Sriramulu Nellore,Nellore,Independent House,2,3,1191,Unfurnished,South,4,2650000,Sri Potti Sriramulu Nellore | Atmakur
Telangana,Hyderabad,Hyderabad,Apartment,3,4,1304,Unfurnished,North,0,12625000,Hyderabad | Begumpet
Telangana,Hanumakonda,Hanamkonda,Independent House,4,5,2561,Unfurnished,East,14,12775000,Hanumakonda | Hunter Road
Telangana,Rangareddy,Hyderabad,Independent House,2,3,1265,Semi-Furnished,South-East,1,7200000,Rangareddy | Shadnagar
Telangana,Suryapet,Suryapet,Apartment,2,3,1251,Semi-Furnished,North-East,6,2550000,Suryapet | Nereducherla
Andhra Pradesh,Dr. B.R. Ambedkar Konaseema,Amalapuram,Residential Plot,0,0,900,Not Applicable,North,0,1050000,Dr. B.R. Ambedkar Konaseema | Mummidivaram
Telangana,Siddipet,Siddipet,Independent House,5,5,2833,Furnished,North,1,7025000,Siddipet | Dubbaka
Telangana,Warangal,Warangal,Residential Plot,0,0,1620,Not Applicable,North-East,0,1300000,Warangal | Geesugonda
Telangana,Rangareddy,Hyderabad,Residential Plot,0,0,1800,Not Applicable,West,0,11450000,Rangareddy | Narsingi
Telangana,Nirmal,Nirmal,Apartment,2,2,983,Unfurnished,South,0,2200000,Nirmal | Bhainsa
Andhra Pradesh,Kurnool,Kurnool,Apartment,4,5,1954,Semi-Furnished,East,8,4975000,Kurnool | Yemmiganur
Andhra Pradesh,East Godavari,Rajahmundry,Independent House,2,1,1125,Unfurnished,East,0,3150000,East Godavari | Gokavaram
Andhra Pradesh,Sri Potti Sriramulu Nellore,Nellore,Independent Builder Floor,2,2,1129,Unfurnished,West,0,4675000,Sri Potti Sriramulu Nellore | Magunta Layout
Telangana,Mulugu,Mulugu,Independent House,4,5,2155,Furnished,West,1,5250000,Mulugu | Mulugu Town
Andhra Pradesh,Dr. B.R. Ambedkar Konaseema,Amalapuram,Apartment,3,3,1531,Unfurnished,South,2,3700000,Dr. B.R. Ambedkar Konaseema | Mummidivaram
Telangana,Rangareddy,Hyderabad,Villa,3,3,2484,Unfurnished,North,1,16325000,Rangareddy | Shadnagar
Andhra Pradesh,YSR Kadapa,Kadapa,Apartment,3,4,1169,Unfurnished,East,0,2225000,YSR Kadapa | Jammalamadugu
Telangana,Siddipet,Siddipet,Independent House,5,6,2450,Semi-Furnished,North-East,6,11775000,Siddipet | Siddipet Town
Andhra Pradesh,Vizianagaram,Vizianagaram,Independent House,4,5,2446,Unfurnished,East,10,8375000,Vizianagaram | Vizianagaram Town
Andhra Pradesh,Srikakulam,Srikakulam,Apartment,2,1,842,Unfurnished,North,0,2100000,Srikakulam | Narasannapeta
Andhra Pradesh,Tirupati,Tirupati,Villa,3,2,2029,Semi-Furnished,East,0,15325000,Tirupati | Korlagunta
Telangana,Siddipet,Siddipet,Apartment,2,2,834,Unfurnished,East,0,1825000,Siddipet | Doultabad
Andhra Pradesh,West Godavari,Bhimavaram,Villa,4,3,2847,Furnished,East,0,10375000,West Godavari | Achanta
Telangana,Hyderabad,Hyderabad,Villa,3,3,2249,Semi-Furnished,East,0,38100000,Hyderabad | Somajiguda
Andhra Pradesh,Kurnool,Kurnool,Residential Plot,0,0,1998,Not Applicable,North,0,3175000,Kurnool | Venkataramana Colony
Telangana,Mahabubnagar,Mahabubnagar,Residential Plot,0,0,1998,Not Applicable,East,0,2625000,Mahabubnagar | Jadcherla
Andhra Pradesh,Guntur,Guntur,Villa,5,5,3444,Unfurnished,North-East,10,19850000,Guntur | Vidya Nagar
Telangana,Hyderabad,Hyderabad,Independent House,4,3,2247,Unfurnished,North-East,0,17050000,Hyderabad | Sanathnagar
Telangana,Rangareddy,Hyderabad,Apartment,3,3,1443,Unfurnished,East,8,7425000,Rangareddy | Maheshwaram
Andhra Pradesh,Visakhapatnam,Visakhapatnam,Apartment,3,3,1432,Unfurnished,North,0,11900000,Visakhapatnam | Rushikonda
Telangana,Jayashankar Bhupalpally,Bhupalpally,Independent House,4,4,2028,Furnished,South-East,9,3300000,Jayashankar Bhupalpally | Mahadevpur
Andhra Pradesh,East Godavari,Rajahmundry,Independent House,2,1,1458,Unfurnished,South,3,3750000,East Godavari | Seethanagaram
Telangana,Nirmal,Nirmal,Residential Plot,0,0,1620,Not Applicable,North-East,0,2800000,Nirmal | Nirmal Town
Andhra Pradesh,Vizianagaram,Vizianagaram,Apartment,2,3,1116,Semi-Furnished,North,0,4500000,Vizianagaram | Vizianagaram Town
Andhra Pradesh,YSR Kadapa,Kadapa,Independent House,2,2,1441,Furnished,South,1,4875000,YSR Kadapa | Marripadu
Andhra Pradesh,NTR,Vijayawada,Villa,4,4,2529,Semi-Furnished,East,13,24575000,NTR | Labbipet
Telangana,Rangareddy,Hyderabad,Independent House,2,1,1290,Semi-Furnished,North,0,17475000,Rangareddy | Madhapur
Andhra Pradesh,East Godavari,Rajahmundry,Independent House,4,4,1942,Unfurnished,West,1,9700000,East Godavari | Danavaipeta
Telangana,Narayanpet,Narayanpet,Apartment,3,4,1666,Unfurnished,North,0,4925000,Narayanpet | Narayanpet Town
Telangana,Hyderabad,Hyderabad,Independent Builder Floor,2,2,812,Unfurnished,North-East,0,5525000,Hyderabad | Malakpet
Andhra Pradesh,Krishna,Vijayawada,Residential Plot,0,0,900,Not Applicable,South,0,2075000,Krishna | Tadigadapa
Telangana,Nizamabad,Nizamabad,Independent Builder Floor,2,3,1133,Semi-Furnished,West,0,4175000,Nizamabad | Vinayak Nagar
Telangana,Sangareddy,Sangareddy,Independent House,4,5,2173,Unfurnished,North,0,8825000,Sangareddy | Jinnaram
Telangana,Hyderabad,Hyderabad,Apartment,1,1,529,Semi-Furnished,North-East,0,5125000,Hyderabad | Nampally
Andhra Pradesh,East Godavari,Rajahmundry,Villa,3,4,1747,Unfurnished,West,1,5800000,East Godavari | Kovvur
Telangana,Karimnagar,Karimnagar,Independent House,5,6,2787,Unfurnished,West,3,9925000,Karimnagar | Chaitanyapuri
Andhra Pradesh,Vizianagaram,Vizianagaram,Residential Plot,0,0,1998,Not Applicable,East,0,3275000,Vizianagaram | Bhogapuram
Telangana,Peddapalli,Peddapalli,Independent House,4,5,2178,Semi-Furnished,North,2,7550000,Peddapalli | Ramagundam
Andhra Pradesh,Sri Sathya Sai,Puttaparthi,Independent House,4,4,2247,Semi-Furnished,East,3,9025000,Sri Sathya Sai | Hindupur
Telangana,Nirmal,Nirmal,Independent House,2,2,1613,Unfurnished,North,0,2500000,Nirmal | Khanapur
Telangana,Khammam,Khammam,Independent House,5,5,2528,Unfurnished,South,3,6700000,Khammam | Yerrupalem
Andhra Pradesh,Parvathipuram Manyam,Parvathipuram,Residential Plot,0,0,1350,Not Applicable,North-East,0,2150000,Parvathipuram Manyam | Parvathipuram Town
Andhra Pradesh,Anantapur,Anantapur,Independent House,2,1,1181,Semi-Furnished,North,2,5150000,Anantapur | Saptagiri Circle
Telangana,Adilabad,Adilabad,Residential Plot,0,0,2160,Not Applicable,South,0,1175000,Adilabad | Jainad
Andhra Pradesh,Sri Potti Sriramulu Nellore,Nellore,Apartment,2,2,1063,Furnished,East,1,3725000,Sri Potti Sriramulu Nellore | Buchireddypalem
Telangana,Mancherial,Mancherial,Apartment,4,3,2144,Unfurnished,East,0,7075000,Mancherial | Mancherial Town
Andhra Pradesh,Parvathipuram Manyam,Parvathipuram,Independent House,6,6,3087,Unfurnished,South,10,6750000,Parvathipuram Manyam | Salur
Andhra Pradesh,Tirupati,Tirupati,Independent House,3,3,2071,Semi-Furnished,North-East,8,8050000,Tirupati | Srikalahasti
Andhra Pradesh,Krishna,Machilipatnam,Apartment,2,2,1040,Unfurnished,South,0,4400000,Krishna | Machilipatnam Town
Andhra Pradesh,Krishna,Vijayawada,Apartment,3,3,1605,Unfurnished,North-East,0,6375000,Krishna | Tadigadapa
Telangana,Karimnagar,Karimnagar,Apartment,2,3,1070,Unfurnished,North,7,5425000,Karimnagar | Mankammathota
Andhra Pradesh,Visakhapatnam,Visakhapatnam,Apartment,2,3,1141,Unfurnished,East,0,8275000,Visakhapatnam | Sagar Nagar
Andhra Pradesh,Anakapalli,Anakapalle,Apartment,3,3,1411,Unfurnished,West,4,4550000,Anakapalli | Yelamanchili
Telangana,Kamareddy,Kamareddy,Villa,3,4,2409,Unfurnished,East,2,5475000,Kamareddy | Domakonda
Andhra Pradesh,Guntur,Guntur,Residential Plot,0,0,1998,Not Applicable,South-East,0,2425000,Guntur | Ponnur
Andhra Pradesh,Sri Potti Sriramulu Nellore,Nellore,Apartment,3,3,1574,Unfurnished,North,19,7425000,Sri Potti Sriramulu Nellore | Stonehousepeta
Telangana,Narayanpet,Narayanpet,Apartment,2,2,1100,Unfurnished,North,0,2800000,Narayanpet | Narayanpet Town
Andhra Pradesh,Anakapalli,Anakapalle,Independent House,2,2,1294,Unfurnished,West,2,6300000,Anakapalli | Sabbavaram
Telangana,Sangareddy,Hyderabad,Independent House,4,5,1977,Furnished,North,0,15650000,Sangareddy | Beeramguda
Andhra Pradesh,Markapuram,Markapuram,Apartment,4,4,2126,Unfurnished,South,0,5400000,Markapuram | Markapuram Town
Telangana,Medchal Malkajgiri,Hyderabad,Apartment,3,4,1617,Unfurnished,East,0,8925000,Medchal Malkajgiri | Kapra
Telangana,Hanumakonda,Hanamkonda,Residential Plot,0,0,2160,Not Applicable,East,0,7200000,Hanumakonda | Hunter Road
Telangana,Rangareddy,Hyderabad,Independent House,5,6,2797,Unfurnished,East,5,31800000,Rangareddy | Kokapet
Andhra Pradesh,Krishna,Machilipatnam,Residential Plot,0,0,1350,Not Applicable,South,0,3475000,Krishna | Gudivada
Telangana,Nizamabad,Nizamabad,Apartment,2,2,943,Unfurnished,North,0,1750000,Nizamabad | Balkonda
Andhra Pradesh,Krishna,Vijayawada,Independent Builder Floor,2,3,971,Unfurnished,North-East,0,3875000,Krishna | Tadigadapa
Andhra Pradesh,Palnadu,Narasaraopet,Villa,3,4,2158,Furnished,North,5,5300000,Palnadu | Dachepalle
Telangana,Hanumakonda,Hanamkonda,Independent House,4,3,1868,Unfurnished,East,1,10800000,Hanumakonda | Balasamudram
Andhra Pradesh,Sri Potti Sriramulu Nellore,Nellore,Independent House,3,3,1761,Furnished,South-East,1,7125000,Sri Potti Sriramulu Nellore | Kavali
Andhra Pradesh,East Godavari,Rajahmundry,Residential Plot,0,0,1197,Not Applicable,East,0,3050000,East Godavari | Morampudi
Telangana,Khammam,Khammam,Independent House,3,2,1783,Furnished,North,4,4850000,Khammam | Thirumalayapalem
Andhra Pradesh,East Godavari,Rajahmundry,Independent House,4,4,2052,Semi-Furnished,North,24,5650000,East Godavari | Diwan Cheruvu
Telangana,Siddipet,Siddipet,Villa,4,4,2393,Unfurnished,North-East,3,10600000,Siddipet | Gajwel
Telangana,Peddapalli,Peddapalli,Independent Builder Floor,3,3,1375,Unfurnished,West,7,4000000,Peddapalli | Godavarikhani
Telangana,Rangareddy,Hyderabad,Apartment,3,3,1851,Unfurnished,North-East,0,13725000,Rangareddy | LB Nagar
Andhra Pradesh,Kakinada,Kakinada,Apartment,3,4,1209,Unfurnished,North,30,4425000,Kakinada | Rama Rao Peta
Telangana,Khammam,Khammam,Independent Builder Floor,3,4,1549,Semi-Furnished,East,2,8150000,Khammam | Gandhi Chowk
Telangana,Nizamabad,Nizamabad,Villa,3,3,1665,Unfurnished,West,0,5375000,Nizamabad | Bodhan
Andhra Pradesh,Kakinada,Kakinada,Residential Plot,0,0,1620,Not Applicable,West,0,3100000,Kakinada | Madhavapatnam
Telangana,Sangareddy,Hyderabad,Independent House,2,2,1461,Furnished,North,12,9125000,Sangareddy | Kollur
Telangana,Mahabubnagar,Mahabubnagar,Apartment,3,4,1499,Furnished,West,1,7525000,Mahabubnagar | Mahabubnagar Town
Andhra Pradesh,Sri Potti Sriramulu Nellore,Nellore,Residential Plot,0,0,1800,Not Applicable,North,0,1950000,Sri Potti Sriramulu Nellore | Atmakur
Telangana,Medchal Malkajgiri,Hyderabad,Villa,3,2,1843,Unfurnished,South,12,16025000,Medchal Malkajgiri | Bachupally
Telangana,Jayashankar Bhupalpally,Bhupalpally,Independent House,3,2,1584,Semi-Furnished,North,0,2450000,Jayashankar Bhupalpally | Regonda
Telangana,Hyderabad,Hyderabad,Apartment,3,3,1388,Unfurnished,West,0,14125000,Hyderabad | Somajiguda
Telangana,Rangareddy,Hyderabad,Villa,4,5,2629,Unfurnished,East,7,30900000,Rangareddy | Nallagandla
Telangana,Warangal,Warangal,Apartment,4,5,2438,Semi-Furnished,North-East,0,11750000,Warangal | Mattewada
Andhra Pradesh,Guntur,Amaravati,Villa,3,3,1773,Semi-Furnished,West,0,9700000,Guntur | Tadikonda
Telangana,Mahabubnagar,Mahabubnagar,Independent House,4,4,1562,Unfurnished,South-East,2,4825000,Mahabubnagar | Jadcherla
Andhra Pradesh,Tirupati,Tirupati,Independent House,3,2,1662,Semi-Furnished,North-East,0,7375000,Tirupati | Srikalahasti
Telangana,Hyderabad,Hyderabad,Apartment,3,3,1543,Semi-Furnished,East,2,19875000,Hyderabad | Banjara Hills
Telangana,Wanaparthy,Wanaparthy,Apartment,4,4,2493,Unfurnished,East,0,4050000,Wanaparthy | Pebbair
Telangana,Khammam,Khammam,Apartment,3,3,1826,Unfurnished,South,0,4300000,Khammam | Yerrupalem
Telangana,Hanumakonda,Hanamkonda,Independent House,3,2,1664,Furnished,South-East,3,6500000,Hanumakonda | Dharmasagar
Andhra Pradesh,Sri Potti Sriramulu Nellore,Nellore,Residential Plot,0,0,1800,Not Applicable,East,0,1750000,Sri Potti Sriramulu Nellore | Venkatachalam
Andhra Pradesh,Prakasam,Ongole,Apartment,1,1,518,Semi-Furnished,North,1,1075000,Prakasam | Tanguturu
Telangana,Narayanpet,Narayanpet,Independent House,4,4,2427,Unfurnished,South-East,11,3075000,Narayanpet | Maganoor
Telangana,Suryapet,Suryapet,Residential Plot,0,0,1197,Not Applicable,North,0,1875000,Suryapet | Suryapet Town
Telangana,Narayanpet,Narayanpet,Independent House,5,6,2407,Unfurnished,East,2,5075000,Narayanpet | Makthal
Telangana,Mancherial,Mancherial,Independent House,3,4,2027,Unfurnished,South,3,3875000,Mancherial | Mandamarri
Andhra Pradesh,Visakhapatnam,Visakhapatnam,Residential Plot,0,0,2700,Not Applicable,South,0,8425000,Visakhapatnam | Kommadi
Telangana,Medchal Malkajgiri,Hyderabad,Apartment,2,1,880,Furnished,East,2,6450000,Medchal Malkajgiri | Malkajgiri
Telangana,Hyderabad,Hyderabad,Apartment,3,4,1326,Unfurnished,North-East,1,16625000,Hyderabad | Begumpet
Andhra Pradesh,Kurnool,Kurnool,Independent House,3,4,1683,Semi-Furnished,West,1,5050000,Kurnool | Sunkesula Road
Andhra Pradesh,Parvathipuram Manyam,Parvathipuram,Residential Plot,0,0,1800,Not Applicable,North-East,0,2125000,Parvathipuram Manyam | Salur
Telangana,Nalgonda,Nalgonda,Independent House,3,2,1848,Semi-Furnished,West,2,3600000,Nalgonda | Chityal
Telangana,Khammam,Khammam,Apartment,1,1,588,Unfurnished,North-East,0,2175000,Khammam | Mamillagudem
Andhra Pradesh,Eluru,Eluru,Apartment,3,2,1330,Unfurnished,South,0,3500000,Eluru | Jangareddygudem
Andhra Pradesh,Guntur,Guntur,Residential Plot,0,0,1350,Not Applicable,South,0,3750000,Guntur | Arundelpet
Andhra Pradesh,Tirupati,Tirupati,Apartment,4,4,2224,Semi-Furnished,North-East,21,7950000,Tirupati | Chandragiri
Telangana,Hyderabad,Hyderabad,Villa,4,3,2569,Unfurnished,North-East,16,29025000,Hyderabad | Begumpet
Telangana,Kumuram Bheem Asifabad,Asifabad,Independent House,4,4,2522,Unfurnished,South,3,3175000,Kumuram Bheem Asifabad | Wankidi
Telangana,Nalgonda,Nalgonda,Independent House,3,3,1573,Furnished,East,30,4150000,Nalgonda | Nalgonda Town
Telangana,Nizamabad,Nizamabad,Independent House,4,4,1838,Furnished,South-East,9,4950000,Nizamabad | Armoor
Telangana,Hyderabad,Hyderabad,Apartment,3,3,1585,Unfurnished,West,0,16000000,Hyderabad | Begumpet
Andhra Pradesh,Visakhapatnam,Visakhapatnam,Independent Builder Floor,3,3,1248,Unfurnished,North-East,0,10275000,Visakhapatnam | Sagar Nagar
Andhra Pradesh,Dr. B.R. Ambedkar Konaseema,Amalapuram,Independent House,5,5,2737,Unfurnished,East,19,8775000,Dr. B.R. Ambedkar Konaseema | Amalapuram Town
Telangana,Medchal Malkajgiri,Hyderabad,Apartment,1,1,467,Unfurnished,East,2,3450000,Medchal Malkajgiri | Pragathi Nagar
Telangana,Kumuram Bheem Asifabad,Asifabad,Residential Plot,0,0,2403,Not Applicable,North-East,0,2600000,Kumuram Bheem Asifabad | Kagaznagar
Telangana,Warangal,Warangal,Apartment,3,4,1299,Unfurnished,South,1,3175000,Warangal | Geesugonda
Andhra Pradesh,Vizianagaram,Vizianagaram,Apartment,3,3,1220,Unfurnished,East,5,4125000,Vizianagaram | Bhogapuram
Telangana,Mahabubabad,Mahabubabad,Residential Plot,0,0,1998,Not Applicable,North-East,0,2925000,Mahabubabad | Mahabubabad Town
Andhra Pradesh,Bapatla,Bapatla,Villa,4,3,2394,Unfurnished,North-East,0,6250000,Bapatla | Karamchedu
Andhra Pradesh,Bapatla,Bapatla,Independent House,4,3,1957,Furnished,East,7,6400000,Bapatla | Suryalanka
Telangana,Bhadradri Kothagudem,Kothagudem,Apartment,3,3,1401,Unfurnished,South,14,3775000,Bhadradri Kothagudem | Bhadrachalam
Andhra Pradesh,Dr. B.R. Ambedkar Konaseema,Amalapuram,Villa,3,4,1946,Unfurnished,East,0,8600000,Dr. B.R. Ambedkar Konaseema | Mandapeta
Telangana,Rangareddy,Hyderabad,Independent Builder Floor,3,3,1284,Unfurnished,North-East,5,11950000,Rangareddy | Manikonda
Telangana,Hyderabad,Hyderabad,Apartment,3,3,1635,Semi-Furnished,East,1,12000000,Hyderabad | Charminar
Telangana,Warangal,Warangal,Apartment,3,3,1448,Unfurnished,North,0,6250000,Warangal | Khila Warangal
Telangana,Rangareddy,Hyderabad,Independent House,3,3,1608,Unfurnished,South-East,0,22675000,Rangareddy | Kondapur
Telangana,Warangal,Warangal,Independent House,4,3,2265,Semi-Furnished,North,17,4500000,Warangal | Sangem
Telangana,Rangareddy,Hyderabad,Apartment,3,3,1583,Semi-Furnished,North,4,9400000,Rangareddy | Adibatla
Andhra Pradesh,Tirupati,Tirupati,Independent House,6,7,3112,Semi-Furnished,North,25,8125000,Tirupati | Naidupeta
Telangana,Kumuram Bheem Asifabad,Asifabad,Independent House,3,2,1673,Unfurnished,South-East,16,4075000,Kumuram Bheem Asifabad | Asifabad Town
Telangana,Siddipet,Siddipet,Independent House,4,4,1962,Unfurnished,South-East,28,7475000,Siddipet | Siddipet Town
Telangana,Vikarabad,Vikarabad,Independent House,3,2,1759,Semi-Furnished,South-East,13,3100000,Vikarabad | Mominpet
Andhra Pradesh,Visakhapatnam,Visakhapatnam,Villa,3,3,1668,Unfurnished,East,10,16200000,Visakhapatnam | Seethammadhara
Telangana,Sangareddy,Sangareddy,Residential Plot,0,0,1350,Not Applicable,North-East,0,2375000,Sangareddy | Narayankhed
Andhra Pradesh,Prakasam,Ongole,Apartment,3,3,1425,Semi-Furnished,East,9,3750000,Prakasam | Chimakurthi
Telangana,Rangareddy,Hyderabad,Residential Plot,0,0,2403,Not Applicable,East,0,13275000,Rangareddy | LB Nagar
Andhra Pradesh,Polavaram,Rampachodavaram,Independent House,6,5,2915,Semi-Furnished,North-East,1,3800000,Polavaram | Vararamachandrapuram
Telangana,Siddipet,Siddipet,Residential Plot,0,0,2997,Not Applicable,North,0,4725000,Siddipet | Gajwel
Andhra Pradesh,NTR,Vijayawada,Independent House,6,6,3123,Unfurnished,North-East,1,17725000,NTR | Bhavanipuram
Andhra Pradesh,Eluru,Eluru,Apartment,4,4,2066,Semi-Furnished,North,1,6500000,Eluru | Nuzvid
Andhra Pradesh,Kurnool,Kurnool,Villa,3,2,2256,Semi-Furnished,East,14,8250000,Kurnool | Budhwarpet
Telangana,Karimnagar,Karimnagar,Apartment,1,1,621,Furnished,South,0,2600000,Karimnagar | Ramnagar
Telangana,Jagtial,Jagtial,Independent House,4,4,2030,Unfurnished,North-East,13,6350000,Jagtial | Jagtial Town
Andhra Pradesh,Visakhapatnam,Visakhapatnam,Apartment,3,2,1389,Semi-Furnished,West,3,8650000,Visakhapatnam | Madhurawada
Andhra Pradesh,Palnadu,Narasaraopet,Independent House,4,5,2354,Unfurnished,East,25,3500000,Palnadu | Gurazala
Telangana,Mancherial,Mancherial,Residential Plot,0,0,2997,Not Applicable,North,0,2100000,Mancherial | Chennur
Telangana,Warangal,Warangal,Residential Plot,0,0,1197,Not Applicable,South,0,1275000,Warangal | Nekkonda
Andhra Pradesh,YSR Kadapa,Kadapa,Independent House,3,4,1889,Unfurnished,South-East,0,4950000,YSR Kadapa | Proddatur
Telangana,Medak,Medak,Independent House,4,4,2221,Semi-Furnished,North-East,6,9525000,Medak | Medak Town
Telangana,Hanumakonda,Hanamkonda,Residential Plot,0,0,1800,Not Applicable,North,0,5200000,Hanumakonda | Subedari
Telangana,Medchal Malkajgiri,Hyderabad,Residential Plot,0,0,1197,Not Applicable,South-East,0,4350000,Medchal Malkajgiri | ECIL
Andhra Pradesh,Visakhapatnam,Visakhapatnam,Apartment,4,4,2333,Semi-Furnished,South-East,6,15800000,Visakhapatnam | Sagar Nagar
Andhra Pradesh,Krishna,Vijayawada,Independent House,4,4,2041,Unfurnished,North-East,1,9050000,Krishna | Penamaluru
Telangana,Rangareddy,Hyderabad,Independent House,2,2,1422,Unfurnished,South,13,11200000,Rangareddy | Manikonda
Telangana,Nagarkurnool,Nagarkurnool,Residential Plot,0,0,1620,Not Applicable,East,0,2300000,Nagarkurnool | Nagarkurnool Town
Andhra Pradesh,YSR Kadapa,Kadapa,Apartment,4,4,2325,Unfurnished,East,0,5575000,YSR Kadapa | Pulivendula
Andhra Pradesh,Tirupati,Tirupati,Residential Plot,0,0,1350,Not Applicable,East,0,1550000,Tirupati | Sullurpeta
Andhra Pradesh,Alluri Sitharama Raju,Paderu,Residential Plot,0,0,1350,Not Applicable,North-East,0,750000,Alluri Sitharama Raju | Hukumpeta
Andhra Pradesh,Kakinada,Kakinada,Independent House,5,6,2366,Semi-Furnished,West,0,13100000,Kakinada | Suryaraopeta
Telangana,Jangaon,Jangaon,Independent House,3,3,1748,Semi-Furnished,North-East,4,5900000,Jangaon | Jangaon Town
Andhra Pradesh,Anantapur,Anantapur,Residential Plot,0,0,1800,Not Applicable,North,0,2950000,Anantapur | Tapovanam
Telangana,Mahabubabad,Mahabubabad,Residential Plot,0,0,1800,Not Applicable,South,0,1050000,Mahabubabad | Kesamudram
Telangana,Rangareddy,Hyderabad,Independent House,2,2,1336,Semi-Furnished,North,19,11250000,Rangareddy | Nanakramguda
Telangana,Hyderabad,Hyderabad,Apartment,3,3,1261,Semi-Furnished,South,1,16450000,Hyderabad | Jubilee Hills
Andhra Pradesh,Srikakulam,Srikakulam,Independent House,2,1,1075,Semi-Furnished,West,7,3275000,Srikakulam | Amadalavalasa
Andhra Pradesh,Nandyal,Nandyal,Independent House,2,2,1174,Unfurnished,South,0,1950000,Nandyal | Atmakur
Telangana,Bhadradri Kothagudem,Kothagudem,Apartment,3,3,1494,Unfurnished,North,8,2750000,Bhadradri Kothagudem | Yellandu
Telangana,Rajanna Sircilla,Sircilla,Independent House,4,4,1709,Semi-Furnished,North,14,3500000,Rajanna Sircilla | Vemulawada
Telangana,Medchal Malkajgiri,Hyderabad,Apartment,2,2,917,Unfurnished,North,6,5850000,Medchal Malkajgiri | Malkajgiri
Telangana,Yadadri Bhuvanagiri,Bhongir,Apartment,2,2,1256,Unfurnished,West,2,2800000,Yadadri Bhuvanagiri | Alair
Andhra Pradesh,NTR,Vijayawada,Residential Plot,0,0,1503,Not Applicable,East,0,6475000,NTR | Patamata
Telangana,Adilabad,Adilabad,Residential Plot,0,0,1800,Not Applicable,East,0,975000,Adilabad | Indervelly
Andhra Pradesh,Vizianagaram,Vizianagaram,Independent House,2,2,1386,Semi-Furnished,North-East,1,3975000,Vizianagaram | Nellimarla
Andhra Pradesh,West Godavari,Bhimavaram,Apartment,2,3,938,Unfurnished,North-East,0,2100000,West Godavari | Attili
Telangana,Nizamabad,Nizamabad,Residential Plot,0,0,900,Not Applicable,South-East,0,800000,Nizamabad | Bheemgal
Telangana,Peddapalli,Peddapalli,Residential Plot,0,0,2160,Not Applicable,North,0,2850000,Peddapalli | Godavarikhani
Telangana,Nagarkurnool,Nagarkurnool,Independent Builder Floor,3,4,1508,Unfurnished,North-East,3,2000000,Nagarkurnool | Lingal
Telangana,Sangareddy,Hyderabad,Residential Plot,0,0,2160,Not Applicable,East,0,16275000,Sangareddy | Tellapur
Telangana,Nizamabad,Nizamabad,Residential Plot,0,0,1998,Not Applicable,North,0,3400000,Nizamabad | Khaleelwadi
Telangana,Nizamabad,Nizamabad,Apartment,3,3,1599,Unfurnished,East,1,5575000,Nizamabad | Vinayak Nagar
Telangana,Karimnagar,Karimnagar,Independent House,3,4,1417,Unfurnished,North,1,6750000,Karimnagar | Mankammathota
Telangana,Rangareddy,Hyderabad,Residential Plot,0,0,900,Not Applicable,North,0,7425000,Rangareddy | Nallagandla
Telangana,Hyderabad,Hyderabad,Villa,4,5,2966,Furnished,South-East,0,35775000,Hyderabad | Yousufguda
Telangana,Nirmal,Nirmal,Independent House,3,2,1726,Unfurnished,East,0,3775000,Nirmal | Bhainsa
Andhra Pradesh,West Godavari,Bhimavaram,Independent House,3,4,1734,Unfurnished,West,16,4550000,West Godavari | Palakollu
Telangana,Yadadri Bhuvanagiri,Bhongir,Apartment,3,3,1887,Unfurnished,North,0,4625000,Yadadri Bhuvanagiri | Rajapet
Telangana,Rangareddy,Hyderabad,Independent House,5,5,2988,Furnished,East,14,36525000,Rangareddy | Kokapet
Telangana,Suryapet,Suryapet,Residential Plot,0,0,1503,Not Applicable,North-East,0,2725000,Suryapet | Suryapet Town
Telangana,Rajanna Sircilla,Sircilla,Residential Plot,0,0,1503,Not Applicable,East,0,1600000,Rajanna Sircilla | Vemulawada
Andhra Pradesh,Prakasam,Ongole,Independent Builder Floor,2,2,991,Unfurnished,East,9,2925000,Prakasam | Ongole Town
Andhra Pradesh,Tirupati,Tirupati,Apartment,3,3,1556,Semi-Furnished,South,6,6050000,Tirupati | Puttur
Telangana,Karimnagar,Karimnagar,Apartment,2,2,994,Semi-Furnished,North,4,2150000,Karimnagar | Choppadandi
Telangana,Khammam,Khammam,Apartment,3,3,1566,Furnished,South-East,1,6425000,Khammam | Wyra Road
Telangana,Narayanpet,Narayanpet,Residential Plot,0,0,1503,Not Applicable,South,0,775000,Narayanpet | Narva
Andhra Pradesh,Sri Potti Sriramulu Nellore,Nellore,Villa,5,5,3519,Unfurnished,South,2,23225000,Sri Potti Sriramulu Nellore | Trunk Road
Andhra Pradesh,Nandyal,Nandyal,Villa,3,4,1635,Furnished,East,1,4675000,Nandyal | Panyam
Telangana,Mahabubnagar,Mahabubnagar,Apartment,1,1,531,Unfurnished,North-East,4,1100000,Mahabubnagar | Hanwada
Andhra Pradesh,Dr. B.R. Ambedkar Konaseema,Amalapuram,Apartment,2,3,1050,Semi-Furnished,East,3,2525000,Dr. B.R. Ambedkar Konaseema | Ainavilli
Telangana,Rangareddy,Hyderabad,Independent House,3,2,2004,Unfurnished,North-East,1,9875000,Rangareddy | Shadnagar
Andhra Pradesh,YSR Kadapa,Kadapa,Apartment,1,1,526,Unfurnished,South-East,0,1025000,YSR Kadapa | Mydukur
Andhra Pradesh,Vizianagaram,Vizianagaram,Independent House,4,4,2100,Furnished,North,6,7200000,Vizianagaram | Bobbili
Andhra Pradesh,Dr. B.R. Ambedkar Konaseema,Amalapuram,Independent House,3,3,1771,Semi-Furnished,North,0,4800000,Dr. B.R. Ambedkar Konaseema | Ravulapalem
Andhra Pradesh,Srikakulam,Srikakulam,Residential Plot,0,0,1998,Not Applicable,North-East,0,3375000,Srikakulam | Arasavalli
Andhra Pradesh,Anakapalli,Anakapalle,Apartment,3,3,1576,Unfurnished,North,0,6025000,Anakapalli | Parawada
Telangana,Mahabubnagar,Mahabubnagar,Independent House,4,5,2262,Unfurnished,North,1,4125000,Mahabubnagar | Koilkonda
Telangana,Medchal Malkajgiri,Hyderabad,Residential Plot,0,0,900,Not Applicable,East,0,5375000,Medchal Malkajgiri | Kompally
Andhra Pradesh,Palnadu,Narasaraopet,Independent Builder Floor,2,2,971,Unfurnished,North,0,2525000,Palnadu | Chilakaluripet
Telangana,Hyderabad,Hyderabad,Villa,3,3,2150,Semi-Furnished,South,0,22500000,Hyderabad | Tolichowki
Andhra Pradesh,Chittoor,Chittoor,Apartment,2,2,1085,Furnished,South-East,6,3950000,Chittoor | Chittoor Town
Andhra Pradesh,Palnadu,Narasaraopet,Independent House,3,3,1713,Furnished,North,14,3525000,Palnadu | Macherla
Andhra Pradesh,East Godavari,Rajahmundry,Residential Plot,0,0,1800,Not Applicable,South-East,0,2250000,East Godavari | Kovvur
Telangana,Nagarkurnool,Nagarkurnool,Apartment,2,2,845,Unfurnished,North-East,0,2950000,Nagarkurnool | Nagarkurnool Town
Andhra Pradesh,Visakhapatnam,Visakhapatnam,Apartment,3,3,1093,Furnished,East,1,11600000,Visakhapatnam | MVP Colony
Andhra Pradesh,Parvathipuram Manyam,Parvathipuram,Residential Plot,0,0,1800,Not Applicable,South,0,1800000,Parvathipuram Manyam | Salur
Telangana,Nizamabad,Nizamabad,Apartment,1,2,512,Semi-Furnished,North-East,0,1725000,Nizamabad | Dichpally
Telangana,Karimnagar,Karimnagar,Apartment,2,3,1004,Unfurnished,North-East,1,3725000,Karimnagar | Chaitanyapuri
Telangana,Medchal Malkajgiri,Hyderabad,Villa,4,3,2262,Unfurnished,South,11,22475000,Medchal Malkajgiri | Kukatpally
Telangana,Adilabad,Adilabad,Independent Builder Floor,3,3,1386,Semi-Furnished,East,2,2325000,Adilabad | Jainad
Telangana,Rangareddy,Hyderabad,Residential Plot,0,0,1197,Not Applicable,North,0,3450000,Rangareddy | Shankarpally
Telangana,Sangareddy,Sangareddy,Independent House,5,6,2814,Semi-Furnished,North-East,0,9100000,Sangareddy | Narayankhed
Telangana,Rangareddy,Hyderabad,Independent House,2,3,1330,Furnished,North-East,0,9425000,Rangareddy | Ibrahimpatnam
Andhra Pradesh,Visakhapatnam,Visakhapatnam,Independent Builder Floor,3,3,1416,Unfurnished,West,0,7525000,Visakhapatnam | Kancharapalem
Telangana,Hyderabad,Hyderabad,Apartment,3,3,1499,Furnished,East,2,16425000,Hyderabad | Secunderabad
Telangana,Rangareddy,Hyderabad,Apartment,2,2,945,Unfurnished,East,0,11625000,Rangareddy | Nanakramguda
Andhra Pradesh,Anantapur,Anantapur,Apartment,2,1,1023,Unfurnished,East,0,2025000,Anantapur | Singanamala
Telangana,Karimnagar,Karimnagar,Independent House,2,2,1390,Furnished,West,10,5675000,Karimnagar | Ramnagar
Andhra Pradesh,Tirupati,Tirupati,Residential Plot,0,0,1998,Not Applicable,West,0,5775000,Tirupati | Leela Mahal Circle
Andhra Pradesh,Kakinada,Kakinada,Independent House,2,2,821,Unfurnished,West,6,4100000,Kakinada | Rama Rao Peta
Telangana,Hyderabad,Hyderabad,Residential Plot,0,0,2700,Not Applicable,South-East,0,28850000,Hyderabad | Begumpet
Telangana,Bhadradri Kothagudem,Kothagudem,Independent House,2,2,1125,Unfurnished,East,9,2400000,Bhadradri Kothagudem | Aswaraopeta
Andhra Pradesh,Kakinada,Kakinada,Villa,4,4,2816,Unfurnished,North-East,22,9600000,Kakinada | Samalkot
Andhra Pradesh,Kurnool,Kurnool,Residential Plot,0,0,1800,Not Applicable,North,0,1950000,Kurnool | Yemmiganur
Andhra Pradesh,Kakinada,Kakinada,Apartment,3,4,1457,Unfurnished,North,0,5200000,Kakinada | Pithapuram
Telangana,Jagtial,Jagtial,Independent House,3,3,1697,Semi-Furnished,East,3,3650000,Jagtial | Metpally
Telangana,Hyderabad,Hyderabad,Villa,5,4,3316,Unfurnished,North-East,1,34000000,Hyderabad | Mehdipatnam
Andhra Pradesh,Kakinada,Kakinada,Apartment,3,3,1380,Unfurnished,South,0,8275000,Kakinada | Suryaraopeta
Telangana,Mancherial,Mancherial,Residential Plot,0,0,2700,Not Applicable,South,0,1700000,Mancherial | Naspur
Andhra Pradesh,Visakhapatnam,Visakhapatnam,Residential Plot,0,0,900,Not Applicable,South,0,2250000,Visakhapatnam | Kommadi
Telangana,Medchal Malkajgiri,Hyderabad,Apartment,3,2,1406,Furnished,East,12,8650000,Medchal Malkajgiri | Quthbullapur
Andhra Pradesh,NTR,Vijayawada,Apartment,4,4,2208,Unfurnished,South-East,0,15400000,NTR | Patamata
Telangana,Vikarabad,Vikarabad,Independent House,4,4,1961,Unfurnished,North-East,1,6375000,Vikarabad | Tandur
Andhra Pradesh,Parvathipuram Manyam,Parvathipuram,Independent House,3,4,1937,Unfurnished,North-East,18,5175000,Parvathipuram Manyam | Parvathipuram Town
Andhra Pradesh,Anantapur,Anantapur,Residential Plot,0,0,2700,Not Applicable,South,0,2675000,Anantapur | Tadipatri
Telangana,Peddapalli,Peddapalli,Independent House,4,4,2135,Unfurnished,North,9,8000000,Peddapalli | Peddapalli Town
Andhra Pradesh,East Godavari,Rajahmundry,Independent House,3,4,1740,Unfurnished,South,1,4650000,East Godavari | Kovvur
Andhra Pradesh,NTR,Vijayawada,Apartment,4,3,2322,Unfurnished,South,16,8975000,NTR | Gollapudi
Telangana,Jagtial,Jagtial,Residential Plot,0,0,900,Not Applicable,North-East,0,1525000,Jagtial | Jagtial Town
Andhra Pradesh,Chittoor,Chittoor,Independent House,6,6,3011,Semi-Furnished,West,9,11275000,Chittoor | Chittoor Town
Telangana,Sangareddy,Hyderabad,Independent House,4,4,2255,Semi-Furnished,North,0,18375000,Sangareddy | Kollur
Telangana,Medchal Malkajgiri,Hyderabad,Independent House,4,4,2318,Unfurnished,South-East,2,11275000,Medchal Malkajgiri | Nagaram
Andhra Pradesh,Palnadu,Narasaraopet,Residential Plot,0,0,4500,Not Applicable,North,0,5700000,Palnadu | Sattenapalle
Andhra Pradesh,Anantapur,Anantapur,Independent House,5,5,2294,Furnished,North-East,17,7700000,Anantapur | Rudrampeta
Andhra Pradesh,YSR Kadapa,Kadapa,Independent House,4,4,1952,Semi-Furnished,North-East,1,7975000,YSR Kadapa | Ravindra Nagar
Telangana,Nirmal,Nirmal,Apartment,3,2,1183,Unfurnished,North,0,3925000,Nirmal | Nirmal Town
Andhra Pradesh,West Godavari,Bhimavaram,Residential Plot,0,0,900,Not Applicable,South,0,825000,West Godavari | Attili
Andhra Pradesh,NTR,Vijayawada,Apartment,3,3,1529,Furnished,North,6,7400000,NTR | Ibrahimpatnam
Telangana,Yadadri Bhuvanagiri,Bhongir,Independent House,4,4,1633,Unfurnished,West,2,3475000,Yadadri Bhuvanagiri | Alair
Telangana,Rajanna Sircilla,Sircilla,Residential Plot,0,0,1998,Not Applicable,East,0,3625000,Rajanna Sircilla | Sircilla Town
Andhra Pradesh,Visakhapatnam,Visakhapatnam,Apartment,2,3,1080,Unfurnished,East,0,9300000,Visakhapatnam | Rushikonda
Andhra Pradesh,Srikakulam,Srikakulam,Residential Plot,0,0,1998,Not Applicable,North-East,0,3625000,Srikakulam | Amadalavalasa
Telangana,Hyderabad,Hyderabad,Apartment,2,1,981,Unfurnished,West,1,12725000,Hyderabad | Somajiguda
Telangana,Siddipet,Siddipet,Independent House,4,5,2325,Unfurnished,South-East,19,9400000,Siddipet | Siddipet Town
Telangana,Sangareddy,Hyderabad,Apartment,2,2,1142,Unfurnished,West,0,7300000,Sangareddy | Beeramguda
Telangana,Hyderabad,Hyderabad,Independent Builder Floor,2,3,890,Semi-Furnished,East,2,9875000,Hyderabad | Banjara Hills
Telangana,Jagtial,Jagtial,Independent House,2,2,1383,Unfurnished,South,3,3500000,Jagtial | Korutla
Andhra Pradesh,Tirupati,Tirupati,Apartment,2,2,1182,Semi-Furnished,South,9,6575000,Tirupati | Bairagipatteda
Telangana,Mahabubnagar,Mahabubnagar,Independent House,3,4,1498,Unfurnished,North-East,25,3300000,Mahabubnagar | Jadcherla
Andhra Pradesh,Parvathipuram Manyam,Parvathipuram,Villa,4,3,2507,Unfurnished,North,9,4100000,Parvathipuram Manyam | Gummalakshmipuram
Andhra Pradesh,West Godavari,Bhimavaram,Residential Plot,0,0,900,Not Applicable,East,0,1375000,West Godavari | Palakollu
Telangana,Peddapalli,Peddapalli,Apartment,1,1,511,Semi-Furnished,South-East,12,1425000,Peddapalli | Ramagundam
Andhra Pradesh,Annamayya,Madanapalle,Independent House,3,3,1630,Semi-Furnished,West,5,2425000,Annamayya | Kalakada
Telangana,Sangareddy,Sangareddy,Residential Plot,0,0,1197,Not Applicable,East,0,3650000,Sangareddy | Jinnaram
Andhra Pradesh,Sri Potti Sriramulu Nellore,Nellore,Residential Plot,0,0,1503,Not Applicable,North,0,3725000,Sri Potti Sriramulu Nellore | Dargamitta
Telangana,Medchal Malkajgiri,Hyderabad,Apartment,2,2,1013,Unfurnished,West,3,7550000,Medchal Malkajgiri | Kukatpally
Andhra Pradesh,Visakhapatnam,Visakhapatnam,Residential Plot,0,0,1503,Not Applicable,South-East,0,6625000,Visakhapatnam | Yendada
Telangana,Yadadri Bhuvanagiri,Bhongir,Independent House,4,4,2052,Unfurnished,North-East,1,8075000,Yadadri Bhuvanagiri | Yadagirigutta
Telangana,Rangareddy,Hyderabad,Apartment,1,1,406,Semi-Furnished,North,10,4375000,Rangareddy | Kondapur
Telangana,Karimnagar,Karimnagar,Apartment,1,1,596,Semi-Furnished,North,1,2650000,Karimnagar | Chaitanyapuri
Andhra Pradesh,NTR,Vijayawada,Residential Plot,0,0,1800,Not Applicable,East,0,7825000,NTR | Labbipet
Telangana,Medchal Malkajgiri,Hyderabad,Apartment,3,4,1428,Unfurnished,East,0,9825000,Medchal Malkajgiri | Alwal
Andhra Pradesh,Tirupati,Tirupati,Independent House,3,3,1605,Semi-Furnished,West,28,5925000,Tirupati | Tiruchanur
Telangana,Rangareddy,Hyderabad,Apartment,2,1,1191,Unfurnished,East,1,13125000,Rangareddy | Madhapur
Telangana,Adilabad,Adilabad,Independent House,3,3,1981,Semi-Furnished,East,3,3125000,Adilabad | Boath
Telangana,Sangareddy,Sangareddy,Independent House,5,4,3023,Furnished,West,4,8975000,Sangareddy | Zaheerabad
Telangana,Medchal Malkajgiri,Hyderabad,Apartment,4,4,2183,Unfurnished,South,1,17275000,Medchal Malkajgiri | Kompally
Andhra Pradesh,Nandyal,Nandyal,Apartment,3,4,1595,Unfurnished,North,1,3075000,Nandyal | Banaganapalle
Andhra Pradesh,Tirupati,Tirupati,Independent House,4,4,2214,Unfurnished,North,21,9725000,Tirupati | Tiruchanur
Telangana,Suryapet,Suryapet,Residential Plot,0,0,2160,Not Applicable,East,0,3300000,Suryapet | Suryapet Town
Andhra Pradesh,Tirupati,Tirupati,Independent House,2,2,1041,Unfurnished,West,1,7050000,Tirupati | Air Bypass Road
Telangana,Khammam,Khammam,Independent House,5,6,2566,Furnished,North,1,11325000,Khammam | Mamillagudem
Andhra Pradesh,East Godavari,Rajahmundry,Apartment,3,4,1654,Furnished,North,1,6375000,East Godavari | Diwan Cheruvu
Andhra Pradesh,East Godavari,Rajahmundry,Apartment,3,4,1505,Furnished,East,1,5350000,East Godavari | Gokavaram
Andhra Pradesh,YSR Kadapa,Kadapa,Apartment,2,3,869,Unfurnished,South,5,2450000,YSR Kadapa | Proddatur
Telangana,Adilabad,Adilabad,Residential Plot,0,0,2160,Not Applicable,North,0,1475000,Adilabad | Bhoraj
Telangana,Bhadradri Kothagudem,Kothagudem,Apartment,3,3,1580,Unfurnished,West,2,3350000,Bhadradri Kothagudem | Sujathanagar
Andhra Pradesh,West Godavari,Bhimavaram,Villa,3,2,1989,Furnished,North,1,5750000,West Godavari | Akividu
Telangana,Sangareddy,Sangareddy,Independent House,3,3,1642,Semi-Furnished,East,21,6550000,Sangareddy | Sangareddy Town
Andhra Pradesh,Visakhapatnam,Visakhapatnam,Apartment,3,2,1510,Unfurnished,South,0,6150000,Visakhapatnam | Kurmannapalem
Telangana,Jayashankar Bhupalpally,Bhupalpally,Independent House,5,5,2584,Semi-Furnished,West,1,3950000,Jayashankar Bhupalpally | Kataram
Andhra Pradesh,Vizianagaram,Vizianagaram,Independent Builder Floor,2,1,1018,Furnished,East,5,3075000,Vizianagaram | Nellimarla
Telangana,Nizamabad,Nizamabad,Apartment,3,3,1270,Unfurnished,East,0,3250000,Nizamabad | Bodhan
Telangana,Hyderabad,Hyderabad,Apartment,3,3,1546,Unfurnished,North,4,12925000,Hyderabad | Habsiguda
Telangana,Karimnagar,Karimnagar,Apartment,3,3,1587,Semi-Furnished,South,1,4375000,Karimnagar | Choppadandi
Andhra Pradesh,Bapatla,Bapatla,Villa,5,6,3419,Unfurnished,South-East,5,7425000,Bapatla | Nizampatnam
Andhra Pradesh,Chittoor,Chittoor,Independent House,4,5,2116,Unfurnished,West,0,3100000,Chittoor | Somala
Telangana,Vikarabad,Vikarabad,Independent House,3,3,1854,Unfurnished,West,7,3400000,Vikarabad | Mominpet
Telangana,Khammam,Khammam,Independent House,2,2,1516,Unfurnished,South,7,7275000,Khammam | Wyra Road
Andhra Pradesh,YSR Kadapa,Kadapa,Apartment,1,1,578,Semi-Furnished,North,8,1975000,YSR Kadapa | Proddatur
Telangana,Rajanna Sircilla,Sircilla,Residential Plot,0,0,2160,Not Applicable,East,0,1675000,Rajanna Sircilla | Boinpalli
Telangana,Sangareddy,Sangareddy,Villa,4,4,2964,Semi-Furnished,South-East,21,12675000,Sangareddy | Sadasivpet
Andhra Pradesh,Kakinada,Kakinada,Villa,5,5,3459,Semi-Furnished,East,1,15650000,Kakinada | Peddapuram
Telangana,Medak,Medak,Independent House,4,4,1825,Semi-Furnished,South,1,3050000,Medak | Papannapet
Telangana,Medchal Malkajgiri,Hyderabad,Apartment,4,4,1953,Unfurnished,East,1,14700000,Medchal Malkajgiri | Alwal
Telangana,Hanumakonda,Hanamkonda,Apartment,4,3,2454,Unfurnished,South-East,0,13875000,Hanumakonda | Balasamudram
Andhra Pradesh,Anantapur,Anantapur,Apartment,3,3,1261,Unfurnished,North-East,2,4650000,Anantapur | Saptagiri Circle
Andhra Pradesh,Prakasam,Ongole,Villa,5,5,2775,Semi-Furnished,East,1,15200000,Prakasam | Ongole Town
Andhra Pradesh,Markapuram,Markapuram,Independent House,5,5,2189,Unfurnished,North,16,5725000,Markapuram | Markapuram Town
Andhra Pradesh,East Godavari,Rajahmundry,Independent House,4,5,2028,Semi-Furnished,North,11,5550000,East Godavari | Seethanagaram
Andhra Pradesh,Polavaram,Rampachodavaram,Independent House,4,4,2311,Unfurnished,East,0,6275000,Polavaram | Rampachodavaram
Telangana,Nagarkurnool,Nagarkurnool,Independent House,3,3,1801,Unfurnished,East,4,5700000,Nagarkurnool | Nagarkurnool Town
Telangana,Adilabad,Adilabad,Apartment,3,3,1466,Unfurnished,East,0,2250000,Adilabad | Bhoraj
Telangana,Sangareddy,Hyderabad,Independent House,4,5,1856,Unfurnished,West,3,9925000,Sangareddy | Patancheru
Andhra Pradesh,Tirupati,Tirupati,Apartment,2,2,964,Unfurnished,North,0,4400000,Tirupati | Srikalahasti
Telangana,Medchal Malkajgiri,Hyderabad,Independent Builder Floor,2,2,1283,Unfurnished,West,3,9325000,Medchal Malkajgiri | Kompally
Andhra Pradesh,YSR Kadapa,Kadapa,Independent House,3,3,1523,Semi-Furnished,North,2,3825000,YSR Kadapa | Pulivendula
Telangana,Siddipet,Siddipet,Residential Plot,0,0,2403,Not Applicable,North,0,2950000,Siddipet | Husnabad
Andhra Pradesh,Tirupati,Tirupati,Apartment,1,2,476,Unfurnished,East,1,2375000,Tirupati | Srikalahasti
Andhra Pradesh,NTR,Vijayawada,Apartment,3,2,1644,Unfurnished,East,1,13725000,NTR | Labbipet
Telangana,Peddapalli,Peddapalli,Independent Builder Floor,2,3,961,Unfurnished,North,4,3150000,Peddapalli | Ramagundam
Andhra Pradesh,Bapatla,Bapatla,Independent Builder Floor,3,2,1587,Unfurnished,North,16,3250000,Bapatla | Vetapalem
Andhra Pradesh,West Godavari,Bhimavaram,Independent Builder Floor,3,3,1256,Unfurnished,North-East,0,3975000,West Godavari | Tadepalligudem
Andhra Pradesh,Visakhapatnam,Visakhapatnam,Apartment,3,2,1467,Unfurnished,North-East,1,14150000,Visakhapatnam | Rushikonda
Telangana,Nirmal,Nirmal,Residential Plot,0,0,1800,Not Applicable,East,0,1500000,Nirmal | Basar
Telangana,Hyderabad,Hyderabad,Villa,3,3,1798,Unfurnished,North,1,32625000,Hyderabad | Banjara Hills
Andhra Pradesh,West Godavari,Bhimavaram,Apartment,3,2,1606,Unfurnished,North,12,3550000,West Godavari | Akividu
Andhra Pradesh,Guntur,Amaravati,Independent House,3,3,1510,Semi-Furnished,South-East,19,4950000,Guntur | Thullur
Telangana,Adilabad,Adilabad,Independent House,3,2,1576,Semi-Furnished,South-East,3,5100000,Adilabad | Adilabad Town
Andhra Pradesh,Guntur,Amaravati,Apartment,3,4,1826,Unfurnished,West,0,11075000,Guntur | Tadepalle
Andhra Pradesh,Kakinada,Kakinada,Apartment,2,2,1024,Unfurnished,North,0,5575000,Kakinada | Sasikanth Nagar
Andhra Pradesh,Kakinada,Kakinada,Apartment,2,2,857,Unfurnished,East,0,4200000,Kakinada | Jagannaickpur
Telangana,Hanumakonda,Hanamkonda,Independent House,4,3,2588,Semi-Furnished,West,5,12400000,Hanumakonda | Balasamudram
Andhra Pradesh,Visakhapatnam,Visakhapatnam,Apartment,3,3,1748,Unfurnished,South,0,7500000,Visakhapatnam | Gajuwaka
Andhra Pradesh,West Godavari,Bhimavaram,Apartment,2,3,919,Unfurnished,West,0,2400000,West Godavari | Palakollu
Telangana,Nizamabad,Nizamabad,Apartment,3,3,1418,Unfurnished,North,2,3825000,Nizamabad | Yedapally
Andhra Pradesh,Guntur,Guntur,Apartment,2,2,1023,Furnished,South,13,3350000,Guntur | Prathipadu
Telangana,Karimnagar,Karimnagar,Residential Plot,0,0,2700,Not Applicable,West,0,7150000,Karimnagar | Kashmirgadda
Andhra Pradesh,Kakinada,Kakinada,Apartment,2,2,1113,Semi-Furnished,South,7,4525000,Kakinada | Sarpavaram
Andhra Pradesh,Visakhapatnam,Visakhapatnam,Apartment,3,3,1727,Semi-Furnished,South,0,13425000,Visakhapatnam | Sagar Nagar
Telangana,Nalgonda,Nalgonda,Apartment,3,3,1284,Unfurnished,West,0,2325000,Nalgonda | Devarakonda
Andhra Pradesh,East Godavari,Rajahmundry,Apartment,2,2,965,Unfurnished,South-East,0,4425000,East Godavari | Prakash Nagar
Andhra Pradesh,Alluri Sitharama Raju,Paderu,Residential Plot,0,0,1800,Not Applicable,East,0,2850000,Alluri Sitharama Raju | Araku Valley
Andhra Pradesh,Bapatla,Bapatla,Independent House,4,4,2095,Unfurnished,West,2,3975000,Bapatla | Addanki
Andhra Pradesh,East Godavari,Rajahmundry,Apartment,2,2,1074,Semi-Furnished,North-East,3,3325000,East Godavari | Korukonda
Telangana,Hyderabad,Hyderabad,Independent House,3,3,1725,Furnished,North,6,13900000,Hyderabad | Kachiguda
Andhra Pradesh,West Godavari,Bhimavaram,Apartment,3,3,1768,Semi-Furnished,North,12,6375000,West Godavari | Bhimavaram Town
Telangana,Rangareddy,Hyderabad,Independent House,2,2,1155,Unfurnished,North-East,9,12175000,Rangareddy | Kokapet
Telangana,Narayanpet,Narayanpet,Apartment,1,1,600,Unfurnished,East,1,1600000,Narayanpet | Narayanpet Town
Andhra Pradesh,Vizianagaram,Vizianagaram,Independent House,2,2,1307,Unfurnished,North,5,6300000,Vizianagaram | Vizianagaram Town
Andhra Pradesh,Eluru,Eluru,Residential Plot,0,0,1503,Not Applicable,North-East,0,2900000,Eluru | Eluru Town
Telangana,Khammam,Khammam,Independent House,2,1,1297,Unfurnished,North-East,0,6750000,Khammam | Mamillagudem
Andhra Pradesh,Visakhapatnam,Visakhapatnam,Apartment,2,2,809,Semi-Furnished,North-East,4,6700000,Visakhapatnam | Maddilapalem
Telangana,Nalgonda,Nalgonda,Independent Builder Floor,2,2,854,Furnished,North,11,2325000,Nalgonda | Miryalaguda
Telangana,Medchal Malkajgiri,Hyderabad,Apartment,2,2,1144,Unfurnished,South,0,9975000,Medchal Malkajgiri | Nizampet
Andhra Pradesh,Anakapalli,Anakapalle,Apartment,4,4,2624,Unfurnished,East,8,6025000,Anakapalli | Chodavaram
Andhra Pradesh,Annamayya,Madanapalle,Apartment,3,4,1415,Semi-Furnished,North-East,6,3950000,Annamayya | Rayachoty
Telangana,Hyderabad,Hyderabad,Villa,5,4,3002,Furnished,East,15,37500000,Hyderabad | Ameerpet
Telangana,Kumuram Bheem Asifabad,Asifabad,Independent House,5,6,2255,Semi-Furnished,East,19,2600000,Kumuram Bheem Asifabad | Tiryani
Telangana,Sangareddy,Sangareddy,Residential Plot,0,0,2700,Not Applicable,North,0,5475000,Sangareddy | Zaheerabad
Telangana,Suryapet,Suryapet,Residential Plot,0,0,1998,Not Applicable,East,0,2875000,Suryapet | Suryapet Town
Andhra Pradesh,Visakhapatnam,Visakhapatnam,Apartment,3,2,1271,Unfurnished,South,4,5875000,Visakhapatnam | Simhachalam
Andhra Pradesh,Tirupati,Tirupati,Apartment,3,4,1169,Unfurnished,North,0,7200000,Tirupati | K.T. Road
Andhra Pradesh,Sri Sathya Sai,Puttaparthi,Independent House,2,2,1413,Semi-Furnished,West,11,2450000,Sri Sathya Sai | Lepakshi
Andhra Pradesh,Visakhapatnam,Visakhapatnam,Independent House,2,2,1225,Furnished,North-East,4,12350000,Visakhapatnam | Lawsons Bay Colony
Andhra Pradesh,Kurnool,Kurnool,Villa,4,4,1963,Furnished,South,16,5575000,Kurnool | Yemmiganur
Andhra Pradesh,West Godavari,Bhimavaram,Residential Plot,0,0,1503,Not Applicable,South-East,0,1900000,West Godavari | Palakollu
Andhra Pradesh,Anantapur,Anantapur,Independent Builder Floor,3,3,1340,Unfurnished,South,0,2575000,Anantapur | Rayadurg
Telangana,Hyderabad,Hyderabad,Apartment,4,5,2467,Unfurnished,East,1,17875000,Hyderabad | Malakpet
Telangana,Mahabubabad,Mahabubabad,Apartment,1,2,491,Unfurnished,West,2,1900000,Mahabubabad | Mahabubabad Town
Andhra Pradesh,Bapatla,Bapatla,Residential Plot,0,0,1503,Not Applicable,South,0,975000,Bapatla | Nizampatnam
Andhra Pradesh,Anantapur,Anantapur,Residential Plot,0,0,1800,Not Applicable,East,0,1175000,Anantapur | Kalyandurg
Telangana,Sangareddy,Hyderabad,Residential Plot,0,0,1503,Not Applicable,North,0,8450000,Sangareddy | Kollur
Telangana,Rangareddy,Hyderabad,Apartment,3,3,1530,Unfurnished,West,0,6900000,Rangareddy | Hayathnagar
Telangana,Khammam,Khammam,Apartment,3,4,1392,Unfurnished,East,6,4100000,Khammam | Sathupalli
Telangana,Mahabubabad,Mahabubabad,Independent House,3,3,1757,Semi-Furnished,South,0,5600000,Mahabubabad | Mahabubabad Town
Andhra Pradesh,Anakapalli,Anakapalle,Independent Builder Floor,2,1,1058,Unfurnished,West,0,4100000,Anakapalli | Parawada
Andhra Pradesh,Parvathipuram Manyam,Parvathipuram,Independent House,4,5,2172,Semi-Furnished,South,3,4025000,Parvathipuram Manyam | Veeraghattam
Andhra Pradesh,Visakhapatnam,Visakhapatnam,Villa,3,4,2321,Furnished,North-East,10,20550000,Visakhapatnam | Madhurawada
Telangana,Jagtial,Jagtial,Residential Plot,0,0,1503,Not Applicable,South-East,0,1500000,Jagtial | Korutla
Telangana,Warangal,Warangal,Independent House,2,1,1285,Furnished,North,11,3525000,Warangal | Wardhannapet
Telangana,Rangareddy,Hyderabad,Independent House,3,3,2031,Unfurnished,East,0,29375000,Rangareddy | Gachibowli
Andhra Pradesh,Vizianagaram,Vizianagaram,Residential Plot,0,0,1503,Not Applicable,West,0,1325000,Vizianagaram | Pusapatirega
Andhra Pradesh,Kakinada,Kakinada,Apartment,2,2,936,Unfurnished,North-East,0,4700000,Kakinada | Ramanayapeta
Telangana,Nalgonda,Nalgonda,Independent House,5,6,2397,Semi-Furnished,South,3,4000000,Nalgonda | Devarakonda
Andhra Pradesh,Guntur,Guntur,Independent House,4,4,1822,Semi-Furnished,South,3,5100000,Guntur | Prathipadu
Andhra Pradesh,Visakhapatnam,Visakhapatnam,Independent House,3,4,1333,Semi-Furnished,East,8,14150000,Visakhapatnam | Siripuram
Andhra Pradesh,Guntur,Amaravati,Villa,3,2,1981,Semi-Furnished,North,8,15375000,Guntur | Tadepalle
Andhra Pradesh,Guntur,Guntur,Apartment,3,2,1524,Unfurnished,East,0,6675000,Guntur | Pattabhipuram
Telangana,Medchal Malkajgiri,Hyderabad,Independent House,4,4,2105,Furnished,South-East,2,16100000,Medchal Malkajgiri | Kompally
Telangana,Hyderabad,Hyderabad,Apartment,3,3,1649,Unfurnished,East,0,17375000,Hyderabad | Secunderabad
Andhra Pradesh,Anantapur,Anantapur,Independent House,3,3,1651,Semi-Furnished,East,9,4150000,Anantapur | Rayadurg
Andhra Pradesh,YSR Kadapa,Kadapa,Apartment,2,2,1238,Semi-Furnished,East,12,2350000,YSR Kadapa | Kamalapuram
Andhra Pradesh,NTR,Vijayawada,Apartment,3,3,1283,Furnished,North-East,23,8825000,NTR | Governorpet
Telangana,Siddipet,Siddipet,Independent House,5,5,2443,Semi-Furnished,East,10,4725000,Siddipet | Doultabad
Telangana,Warangal,Warangal,Apartment,2,3,1057,Unfurnished,West,0,2850000,Warangal | Narsampet
Andhra Pradesh,Krishna,Machilipatnam,Residential Plot,0,0,2160,Not Applicable,South,0,4525000,Krishna | Machilipatnam Town
Andhra Pradesh,Vizianagaram,Vizianagaram,Residential Plot,0,0,4500,Not Applicable,North,0,4475000,Vizianagaram | Cheepurupalli
Andhra Pradesh,Palnadu,Narasaraopet,Residential Plot,0,0,1350,Not Applicable,North,0,1975000,Palnadu | Chilakaluripet
Andhra Pradesh,Polavaram,Rampachodavaram,Residential Plot,0,0,1620,Not Applicable,North,0,1300000,Polavaram | Chintur
Telangana,Mahabubnagar,Mahabubnagar,Apartment,3,3,1557,Unfurnished,East,13,2925000,Mahabubnagar | Bhoothpur
Telangana,Jangaon,Jangaon,Independent House,4,4,2390,Semi-Furnished,North,21,4450000,Jangaon | Station Ghanpur
Telangana,Nalgonda,Nalgonda,Independent House,3,3,1524,Semi-Furnished,South,9,3000000,Nalgonda | Devarakonda
Telangana,Rangareddy,Hyderabad,Apartment,2,2,983,Unfurnished,North,0,6700000,Rangareddy | Shamshabad
Andhra Pradesh,Sri Sathya Sai,Puttaparthi,Residential Plot,0,0,1197,Not Applicable,South,0,1000000,Sri Sathya Sai | Gorantla
Andhra Pradesh,Annamayya,Madanapalle,Residential Plot,0,0,1800,Not Applicable,East,0,3600000,Annamayya | Madanapalle Town
Andhra Pradesh,Krishna,Machilipatnam,Residential Plot,0,0,1197,Not Applicable,East,0,1475000,Krishna | Pedana
Andhra Pradesh,NTR,Vijayawada,Residential Plot,0,0,1197,Not Applicable,West,0,2050000,NTR | Nandigama
Andhra Pradesh,Visakhapatnam,Visakhapatnam,Apartment,2,3,1105,Unfurnished,West,5,8600000,Visakhapatnam | Dwaraka Nagar
Telangana,Yadadri Bhuvanagiri,Bhongir,Independent House,4,4,1924,Unfurnished,East,0,8175000,Yadadri Bhuvanagiri | Bibinagar
Telangana,Hyderabad,Hyderabad,Apartment,2,1,1085,Unfurnished,North,1,6925000,Hyderabad | Musheerabad
Telangana,Hyderabad,Hyderabad,Villa,4,4,2547,Unfurnished,West,0,27575000,Hyderabad | Mehdipatnam
Telangana,Rangareddy,Hyderabad,Apartment,2,2,985,Semi-Furnished,West,0,9225000,Rangareddy | Madhapur
Telangana,Kamareddy,Kamareddy,Residential Plot,0,0,1503,Not Applicable,North,0,1275000,Kamareddy | Bhiknoor
Andhra Pradesh,Visakhapatnam,Visakhapatnam,Apartment,3,3,1551,Furnished,North,4,12800000,Visakhapatnam | MVP Colony
Andhra Pradesh,Srikakulam,Srikakulam,Independent House,3,4,1532,Unfurnished,North-East,0,3150000,Srikakulam | Tekkali
Andhra Pradesh,Sri Potti Sriramulu Nellore,Nellore,Apartment,2,3,1000,Unfurnished,South,17,2250000,Sri Potti Sriramulu Nellore | Venkatachalam
Andhra Pradesh,Kakinada,Kakinada,Independent House,4,4,2048,Semi-Furnished,East,5,7100000,Kakinada | Peddapuram
Telangana,Mahabubabad,Mahabubabad,Residential Plot,0,0,2160,Not Applicable,North-East,0,3750000,Mahabubabad | Mahabubabad Town
Andhra Pradesh,Kurnool,Kurnool,Independent House,5,5,2567,Unfurnished,East,10,7650000,Kurnool | Kallur
Andhra Pradesh,East Godavari,Rajahmundry,Apartment,3,3,1581,Unfurnished,South,0,7400000,East Godavari | Morampudi
Telangana,Karimnagar,Karimnagar,Independent House,5,5,2358,Unfurnished,North-East,7,10000000,Karimnagar | Kashmirgadda
Andhra Pradesh,East Godavari,Rajahmundry,Apartment,3,2,1420,Unfurnished,West,7,7100000,East Godavari | Prakash Nagar
Telangana,Nizamabad,Nizamabad,Residential Plot,0,0,1503,Not Applicable,North-East,0,2025000,Nizamabad | Armoor
Telangana,Rangareddy,Hyderabad,Residential Plot,0,0,1350,Not Applicable,East,0,16500000,Rangareddy | Gachibowli
Andhra Pradesh,NTR,Vijayawada,Apartment,3,3,1897,Semi-Furnished,East,0,11450000,NTR | Auto Nagar
Andhra Pradesh,Tirupati,Tirupati,Independent House,3,3,1615,Unfurnished,East,1,9500000,Tirupati | Renigunta
Andhra Pradesh,Eluru,Eluru,Apartment,3,3,1196,Unfurnished,East,0,2050000,Eluru | Nuzvid
Telangana,Hyderabad,Hyderabad,Apartment,2,2,986,Unfurnished,South,0,8200000,Hyderabad | Narayanguda
Telangana,Mahabubnagar,Mahabubnagar,Independent House,3,3,1596,Unfurnished,South-East,8,5675000,Mahabubnagar | Mahabubnagar Town
Andhra Pradesh,NTR,Vijayawada,Independent Builder Floor,3,2,1423,Semi-Furnished,East,3,10125000,NTR | Currency Nagar
Telangana,Rangareddy,Hyderabad,Residential Plot,0,0,900,Not Applicable,North,0,9600000,Rangareddy | Financial District
Andhra Pradesh,Kakinada,Kakinada,Independent House,3,3,2045,Semi-Furnished,West,0,11025000,Kakinada | Ramanayapeta
Telangana,Sangareddy,Hyderabad,Residential Plot,0,0,3600,Not Applicable,South-East,0,15000000,Sangareddy | Patancheru
Andhra Pradesh,Parvathipuram Manyam,Parvathipuram,Independent House,5,5,2493,Semi-Furnished,East,1,7825000,Parvathipuram Manyam | Parvathipuram Town
Andhra Pradesh,Krishna,Vijayawada,Independent House,5,5,2598,Unfurnished,North,0,12900000,Krishna | Penamaluru
Telangana,Warangal,Warangal,Independent Builder Floor,2,3,1018,Unfurnished,South,2,2600000,Warangal | Nekkonda
Andhra Pradesh,NTR,Vijayawada,Residential Plot,0,0,1620,Not Applicable,North,0,4200000,NTR | Auto Nagar
Telangana,Hyderabad,Hyderabad,Apartment,3,2,1851,Unfurnished,East,0,17350000,Hyderabad | Secunderabad
Andhra Pradesh,Anantapur,Anantapur,Apartment,4,4,2213,Unfurnished,North-East,12,5850000,Anantapur | Tadipatri
Andhra Pradesh,West Godavari,Bhimavaram,Independent House,2,2,1363,Furnished,East,0,5375000,West Godavari | Palakollu
Telangana,Nizamabad,Nizamabad,Independent House,4,3,2134,Unfurnished,West,2,8000000,Nizamabad | Khaleelwadi
Telangana,Jogulamba Gadwal,Gadwal,Apartment,3,3,1684,Unfurnished,North,5,2525000,Jogulamba Gadwal | Waddepally
Telangana,Karimnagar,Karimnagar,Independent House,4,4,2069,Semi-Furnished,East,8,8775000,Karimnagar | Mankammathota
Telangana,Medchal Malkajgiri,Hyderabad,Residential Plot,0,0,900,Not Applicable,North,0,4775000,Medchal Malkajgiri | Kompally
Andhra Pradesh,Krishna,Machilipatnam,Independent Builder Floor,2,1,992,Unfurnished,East,14,2675000,Krishna | Vuyyuru
Andhra Pradesh,Visakhapatnam,Visakhapatnam,Villa,4,4,2280,Semi-Furnished,East,6,11175000,Visakhapatnam | Gopalapatnam
Andhra Pradesh,Anakapalli,Anakapalle,Independent House,3,3,1448,Unfurnished,East,1,6400000,Anakapalli | Anakapalle Town
Telangana,Yadadri Bhuvanagiri,Bhongir,Residential Plot,0,0,2160,Not Applicable,East,0,1925000,Yadadri Bhuvanagiri | Valigonda
Telangana,Vikarabad,Vikarabad,Independent House,4,4,2296,Furnished,North-East,13,9100000,Vikarabad | Vikarabad Town
Andhra Pradesh,West Godavari,Bhimavaram,Apartment,2,2,1074,Unfurnished,South-East,2,4225000,West Godavari | Tadepalligudem
Telangana,Karimnagar,Karimnagar,Apartment,1,1,572,Unfurnished,North,0,1325000,Karimnagar | Manakondur
Andhra Pradesh,Vizianagaram,Vizianagaram,Independent House,2,1,1044,Unfurnished,West,0,4750000,Vizianagaram | Vizianagaram Town
Telangana,Rangareddy,Hyderabad,Independent Builder Floor,2,2,1138,Semi-Furnished,South,2,10000000,Rangareddy | LB Nagar
Andhra Pradesh,Visakhapatnam,Visakhapatnam,Residential Plot,0,0,2700,Not Applicable,East,0,9450000,Visakhapatnam | Madhurawada
Andhra Pradesh,Kakinada,Kakinada,Apartment,2,1,1067,Unfurnished,North,1,7050000,Kakinada | Bhanugudi Junction
Andhra Pradesh,Srikakulam,Srikakulam,Apartment,3,3,1614,Semi-Furnished,East,1,6250000,Srikakulam | Srikakulam Town
Andhra Pradesh,Dr. B.R. Ambedkar Konaseema,Amalapuram,Independent House,4,4,2345,Semi-Furnished,North-East,8,5825000,Dr. B.R. Ambedkar Konaseema | Ravulapalem
Andhra Pradesh,Visakhapatnam,Visakhapatnam,Independent House,3,3,1348,Furnished,North,5,14375000,Visakhapatnam | Rushikonda
Telangana,Karimnagar,Karimnagar,Apartment,1,1,474,Unfurnished,East,0,1850000,Karimnagar | Chaitanyapuri
Telangana,Hyderabad,Hyderabad,Apartment,3,3,1596,Semi-Furnished,South-East,5,19475000,Hyderabad | Banjara Hills
Telangana,Sangareddy,Hyderabad,Residential Plot,0,0,1197,Not Applicable,West,0,5350000,Sangareddy | Patancheru
Telangana,Rangareddy,Hyderabad,Apartment,4,4,2115,Unfurnished,South-East,0,22475000,Rangareddy | Madhapur
Andhra Pradesh,Sri Potti Sriramulu Nellore,Nellore,Residential Plot,0,0,1800,Not Applicable,East,0,4150000,Sri Potti Sriramulu Nellore | Pogathota
Telangana,Medchal Malkajgiri,Hyderabad,Apartment,3,3,1518,Unfurnished,North-East,0,10900000,Medchal Malkajgiri | Nizampet
Telangana,Karimnagar,Karimnagar,Independent House,2,2,1286,Unfurnished,North,30,2900000,Karimnagar | Kothapally
Andhra Pradesh,Anantapur,Anantapur,Independent House,3,2,1251,Semi-Furnished,West,4,2250000,Anantapur | Kalyandurg
Telangana,Medak,Medak,Independent House,3,3,1476,Semi-Furnished,North-East,1,3750000,Medak | Narsapur
Andhra Pradesh,NTR,Vijayawada,Apartment,3,3,1605,Semi-Furnished,South,1,11325000,NTR | Gunadala
Andhra Pradesh,Palnadu,Narasaraopet,Independent Builder Floor,3,3,1674,Unfurnished,North-East,21,2750000,Palnadu | Gurazala
Andhra Pradesh,Tirupati,Tirupati,Apartment,2,2,1210,Unfurnished,North-East,0,6975000,Tirupati | K.T. Road
Telangana,Mancherial,Mancherial,Independent House,4,4,2202,Unfurnished,East,5,7825000,Mancherial | Mancherial Town
Andhra Pradesh,Palnadu,Narasaraopet,Independent House,5,5,2327,Semi-Furnished,West,2,7125000,Palnadu | Sattenapalle
Telangana,Khammam,Khammam,Independent Builder Floor,2,3,1188,Unfurnished,South,0,3075000,Khammam | Sathupalli
Andhra Pradesh,Parvathipuram Manyam,Parvathipuram,Independent Builder Floor,2,2,1169,Semi-Furnished,West,2,3925000,Parvathipuram Manyam | Parvathipuram Town
Telangana,Bhadradri Kothagudem,Kothagudem,Independent House,4,5,2163,Unfurnished,South,10,2975000,Bhadradri Kothagudem | Dammapeta
Telangana,Rangareddy,Hyderabad,Apartment,2,2,951,Semi-Furnished,North,4,4975000,Rangareddy | Shankarpally
Andhra Pradesh,Alluri Sitharama Raju,Paderu,Independent House,4,4,2188,Semi-Furnished,South,0,2700000,Alluri Sitharama Raju | Pedabayalu
Andhra Pradesh,Visakhapatnam,Visakhapatnam,Apartment,2,2,923,Furnished,West,4,7025000,Visakhapatnam | Dwaraka Nagar
Andhra Pradesh,Parvathipuram Manyam,Parvathipuram,Apartment,3,3,1607,Semi-Furnished,East,11,2275000,Parvathipuram Manyam | Seethampeta
Telangana,Karimnagar,Karimnagar,Independent House,5,5,2717,Unfurnished,South,5,8875000,Karimnagar | Vavilalapally
Telangana,Sangareddy,Hyderabad,Residential Plot,0,0,2160,Not Applicable,East,0,10175000,Sangareddy | Kollur
Andhra Pradesh,Anantapur,Anantapur,Apartment,4,3,2184,Semi-Furnished,North,1,8275000,Anantapur | Subhash Road
Telangana,Nalgonda,Nalgonda,Apartment,1,2,559,Unfurnished,North-East,4,1425000,Nalgonda | Nakrekal
Andhra Pradesh,Visakhapatnam,Visakhapatnam,Apartment,1,1,617,Semi-Furnished,North-East,0,6200000,Visakhapatnam | Lawsons Bay Colony
Andhra Pradesh,Markapuram,Markapuram,Residential Plot,0,0,1197,Not Applicable,North-East,0,925000,Markapuram | Cumbum
Telangana,Hyderabad,Hyderabad,Apartment,3,3,1504,Unfurnished,North,1,10725000,Hyderabad | Sanathnagar
Telangana,Rangareddy,Hyderabad,Apartment,3,2,1532,Unfurnished,South,1,7225000,Rangareddy | Kandukur
Telangana,Siddipet,Siddipet,Residential Plot,0,0,4500,Not Applicable,East,0,5400000,Siddipet | Husnabad
Telangana,Hyderabad,Hyderabad,Residential Plot,0,0,1197,Not Applicable,East,0,15250000,Hyderabad | Banjara Hills
Telangana,Hanumakonda,Hanamkonda,Independent Builder Floor,3,4,1247,Unfurnished,East,0,5600000,Hanumakonda | Balasamudram
Telangana,Bhadradri Kothagudem,Kothagudem,Independent House,6,7,3009,Semi-Furnished,East,0,7025000,Bhadradri Kothagudem | Yellandu
Telangana,Rangareddy,Hyderabad,Apartment,4,3,2035,Unfurnished,North-East,0,21300000,Rangareddy | Manikonda
Andhra Pradesh,Srikakulam,Srikakulam,Independent House,3,2,1759,Unfurnished,North,12,5650000,Srikakulam | Arasavalli
Andhra Pradesh,Visakhapatnam,Visakhapatnam,Apartment,3,4,1709,Semi-Furnished,South-East,0,10250000,Visakhapatnam | Madhurawada
Telangana,Nagarkurnool,Nagarkurnool,Independent House,3,3,1798,Semi-Furnished,South,11,3100000,Nagarkurnool | Kalwakurthy
Andhra Pradesh,Kurnool,Kurnool,Apartment,2,3,982,Unfurnished,East,0,3325000,Kurnool | Gayathri Estates
Andhra Pradesh,East Godavari,Rajahmundry,Apartment,3,3,1610,Unfurnished,West,0,6700000,East Godavari | Danavaipeta
Telangana,Sangareddy,Sangareddy,Apartment,1,1,468,Unfurnished,South-East,7,1475000,Sangareddy | Narayankhed
Telangana,Medchal Malkajgiri,Hyderabad,Independent House,4,4,1878,Unfurnished,East,12,16800000,Medchal Malkajgiri | KPHB
Telangana,Medchal Malkajgiri,Hyderabad,Apartment,3,4,1674,Unfurnished,North-East,6,12725000,Medchal Malkajgiri | Bachupally
Telangana,Mahabubabad,Mahabubabad,Apartment,2,1,1194,Unfurnished,North,0,2825000,Mahabubabad | Dornakal
Andhra Pradesh,Annamayya,Madanapalle,Residential Plot,0,0,1197,Not Applicable,North,0,1525000,Annamayya | Rayachoty
Andhra Pradesh,Anantapur,Anantapur,Independent House,3,3,1639,Semi-Furnished,South,1,4325000,Anantapur | Guntakal
Telangana,Adilabad,Adilabad,Residential Plot,0,0,1800,Not Applicable,North-East,0,1050000,Adilabad | Bhoraj
Telangana,Nagarkurnool,Nagarkurnool,Independent Builder Floor,3,3,1060,Semi-Furnished,North,2,2300000,Nagarkurnool | Achampet
Telangana,Nalgonda,Nalgonda,Villa,3,4,2494,Unfurnished,North-East,14,5225000,Nalgonda | Haliya
Andhra Pradesh,Palnadu,Narasaraopet,Apartment,3,3,1559,Unfurnished,North,0,7250000,Palnadu | Narasaraopet Town
Telangana,Yadadri Bhuvanagiri,Bhongir,Apartment,2,2,952,Unfurnished,North,0,3775000,Yadadri Bhuvanagiri | Bhongir Town
Andhra Pradesh,Tirupati,Tirupati,Residential Plot,0,0,1800,Not Applicable,North,0,5825000,Tirupati | K.T. Road
Andhra Pradesh,Anakapalli,Anakapalle,Residential Plot,0,0,1350,Not Applicable,North,0,1650000,Anakapalli | Atchutapuram
Telangana,Yadadri Bhuvanagiri,Bhongir,Apartment,2,1,1176,Furnished,North,21,4075000,Yadadri Bhuvanagiri | Bhongir Town
Andhra Pradesh,Sri Potti Sriramulu Nellore,Nellore,Villa,5,6,3383,Unfurnished,South-East,23,15825000,Sri Potti Sriramulu Nellore | Mini Bypass Road
Andhra Pradesh,Kakinada,Kakinada,Residential Plot,0,0,1800,Not Applicable,West,0,4475000,Kakinada | Gandhi Nagar
Andhra Pradesh,Krishna,Vijayawada,Independent House,3,3,1691,Unfurnished,West,0,7900000,Krishna | Poranki
Andhra Pradesh,Sri Potti Sriramulu Nellore,Nellore,Independent House,2,3,1523,Semi-Furnished,North,0,4675000,Sri Potti Sriramulu Nellore | Atmakur
Andhra Pradesh,Srikakulam,Srikakulam,Apartment,3,3,1610,Semi-Furnished,West,12,3800000,Srikakulam | Ichchapuram
Andhra Pradesh,West Godavari,Bhimavaram,Independent House,3,3,1387,Unfurnished,North-East,2,3750000,West Godavari | Palakollu
Telangana,Hyderabad,Hyderabad,Apartment,2,2,1085,Unfurnished,East,1,9450000,Hyderabad | Nampally
Telangana,Suryapet,Suryapet,Independent House,4,4,2148,Unfurnished,North-East,0,8125000,Suryapet | Kodad
Telangana,Rangareddy,Hyderabad,Independent House,5,5,2899,Furnished,East,0,21650000,Rangareddy | Shamshabad
Telangana,Sangareddy,Sangareddy,Residential Plot,0,0,2700,Not Applicable,North-East,0,7050000,Sangareddy | Jinnaram
Telangana,Karimnagar,Karimnagar,Residential Plot,0,0,1620,Not Applicable,North,0,2175000,Karimnagar | Vavilalapally
Telangana,Warangal,Warangal,Apartment,4,4,2322,Unfurnished,East,0,7025000,Warangal | Nekkonda
Andhra Pradesh,Nandyal,Nandyal,Independent House,6,6,2936,Unfurnished,North,5,7375000,Nandyal | Dhone
Andhra Pradesh,Anantapur,Anantapur,Residential Plot,0,0,1503,Not Applicable,North,0,2700000,Anantapur | Saptagiri Circle
Andhra Pradesh,YSR Kadapa,Kadapa,Apartment,3,3,1311,Unfurnished,East,5,3025000,YSR Kadapa | Pulivendula
Andhra Pradesh,Sri Potti Sriramulu Nellore,Nellore,Villa,4,4,2840,Unfurnished,North,1,12625000,Sri Potti Sriramulu Nellore | Nawabpet
Telangana,Jagtial,Jagtial,Apartment,2,3,1099,Unfurnished,North,0,2800000,Jagtial | Korutla
Andhra Pradesh,Guntur,Guntur,Independent House,3,3,1527,Semi-Furnished,North,4,8675000,Guntur | Brodipet
Telangana,Suryapet,Suryapet,Independent House,3,3,1700,Semi-Furnished,East,1,4725000,Suryapet | Huzurnagar
Telangana,Mahabubnagar,Mahabubnagar,Independent House,2,1,1181,Unfurnished,South,30,1600000,Mahabubnagar | Koilkonda
Andhra Pradesh,YSR Kadapa,Kadapa,Independent Builder Floor,2,2,902,Semi-Furnished,West,1,2400000,YSR Kadapa | Proddatur
Telangana,Medchal Malkajgiri,Hyderabad,Apartment,2,3,1011,Unfurnished,East,0,8200000,Medchal Malkajgiri | Kukatpally
Andhra Pradesh,Bapatla,Bapatla,Apartment,3,3,1801,Semi-Furnished,North-East,1,3950000,Bapatla | Nizampatnam
Andhra Pradesh,Sri Potti Sriramulu Nellore,Nellore,Independent Builder Floor,2,2,1008,Unfurnished,North,0,4725000,Sri Potti Sriramulu Nellore | Vedayapalem
Andhra Pradesh,Vizianagaram,Vizianagaram,Independent Builder Floor,2,2,935,Semi-Furnished,South,5,3625000,Vizianagaram | Bhogapuram
Telangana,Khammam,Khammam,Independent House,3,2,1780,Semi-Furnished,South,7,7450000,Khammam | Wyra Road
Andhra Pradesh,NTR,Vijayawada,Apartment,4,4,2126,Unfurnished,East,0,10950000,NTR | Vidyadharapuram
Telangana,Mulugu,Mulugu,Residential Plot,0,0,1197,Not Applicable,North,0,600000,Mulugu | Mangapet
Telangana,Rangareddy,Hyderabad,Apartment,2,2,866,Unfurnished,East,2,8775000,Rangareddy | Madhapur
Andhra Pradesh,Tirupati,Tirupati,Residential Plot,0,0,1800,Not Applicable,East,0,7250000,Tirupati | Air Bypass Road
Andhra Pradesh,YSR Kadapa,Kadapa,Independent House,4,5,2224,Unfurnished,North-East,2,5625000,YSR Kadapa | Jammalamadugu
Andhra Pradesh,Kurnool,Kurnool,Villa,3,4,2225,Furnished,West,2,13500000,Kurnool | Gayathri Estates
Andhra Pradesh,Chittoor,Chittoor,Residential Plot,0,0,3600,Not Applicable,East,0,6850000,Chittoor | Gandhi Road
Andhra Pradesh,YSR Kadapa,Kadapa,Residential Plot,0,0,2700,Not Applicable,North-East,0,1900000,YSR Kadapa | Vontimitta
Telangana,Medak,Medak,Independent Builder Floor,2,2,795,Unfurnished,North,2,2450000,Medak | Medak Town
Telangana,Kamareddy,Kamareddy,Apartment,2,2,989,Semi-Furnished,South-East,2,1800000,Kamareddy | Domakonda
Andhra Pradesh,Kurnool,Kurnool,Villa,4,5,2890,Unfurnished,West,17,11350000,Kurnool | Venkataramana Colony
Telangana,Nalgonda,Nalgonda,Apartment,2,1,1020,Unfurnished,South,2,1675000,Nalgonda | Chandur
Andhra Pradesh,Palnadu,Narasaraopet,Independent Builder Floor,2,1,958,Unfurnished,East,1,2700000,Palnadu | Chilakaluripet
Telangana,Mulugu,Mulugu,Apartment,3,3,1707,Unfurnished,North,0,1925000,Mulugu | Wazeedu
Telangana,Rangareddy,Hyderabad,Villa,5,4,3434,Furnished,East,7,16100000,Rangareddy | Kothur
Andhra Pradesh,Kurnool,Kurnool,Residential Plot,0,0,1197,Not Applicable,East,0,1900000,Kurnool | Balaji Nagar
Andhra Pradesh,NTR,Vijayawada,Apartment,3,3,1586,Unfurnished,East,0,7550000,NTR | Nunna
Telangana,Mahabubnagar,Mahabubnagar,Apartment,2,2,1198,Unfurnished,North,0,3000000,Mahabubnagar | Devarakadra
Telangana,Nalgonda,Nalgonda,Independent Builder Floor,3,3,1346,Semi-Furnished,North,8,5125000,Nalgonda | Nalgonda Town
Telangana,Vikarabad,Vikarabad,Independent House,2,3,1197,Semi-Furnished,South,2,2425000,Vikarabad | Parigi
Telangana,Karimnagar,Karimnagar,Independent House,4,3,1844,Semi-Furnished,South,5,5100000,Karimnagar | Choppadandi
Telangana,Rangareddy,Hyderabad,Residential Plot,0,0,1998,Not Applicable,North-East,0,8150000,Rangareddy | Hayathnagar
Telangana,Jayashankar Bhupalpally,Bhupalpally,Residential Plot,0,0,2700,Not Applicable,North-East,0,3900000,Jayashankar Bhupalpally | Bhupalpally Town
Telangana,Rajanna Sircilla,Sircilla,Independent House,5,5,2638,Semi-Furnished,West,7,9125000,Rajanna Sircilla | Sircilla Town
Andhra Pradesh,NTR,Vijayawada,Residential Plot,0,0,2997,Not Applicable,East,0,6750000,NTR | Sri Ramachandra Nagar
Andhra Pradesh,Guntur,Amaravati,Residential Plot,0,0,1800,Not Applicable,East,0,4925000,Guntur | Tadepalle
Andhra Pradesh,Visakhapatnam,Visakhapatnam,Apartment,3,3,1314,Unfurnished,East,0,6625000,Visakhapatnam | Kurmannapalem
Telangana,Rangareddy,Hyderabad,Residential Plot,0,0,2160,Not Applicable,North,0,23925000,Rangareddy | Kondapur
Andhra Pradesh,Anakapalli,Anakapalle,Independent House,2,2,1206,Semi-Furnished,East,14,4875000,Anakapalli | Sabbavaram
Andhra Pradesh,Tirupati,Tirupati,Residential Plot,0,0,1800,Not Applicable,North-East,0,5150000,Tirupati | Bairagipatteda
Telangana,Mancherial,Mancherial,Independent House,5,5,2587,Furnished,North-East,13,5475000,Mancherial | Bellampalli
Andhra Pradesh,Kurnool,Kurnool,Independent House,5,6,2645,Unfurnished,East,20,3900000,Kurnool | Alur
Telangana,Sangareddy,Hyderabad,Independent House,2,2,940,Unfurnished,North,8,5800000,Sangareddy | Kollur
Telangana,Siddipet,Siddipet,Villa,4,5,3113,Unfurnished,North-East,3,14525000,Siddipet | Gajwel
Andhra Pradesh,Sri Potti Sriramulu Nellore,Nellore,Independent House,4,5,2033,Unfurnished,East,4,11625000,Sri Potti Sriramulu Nellore | Magunta Layout
Andhra Pradesh,Visakhapatnam,Visakhapatnam,Apartment,4,4,1986,Unfurnished,South-East,0,6575000,Visakhapatnam | Thagarapuvalasa
Telangana,Karimnagar,Karimnagar,Apartment,2,1,948,Unfurnished,South,1,3675000,Karimnagar | Jyothinagar
Telangana,Sangareddy,Hyderabad,Apartment,2,2,1052,Semi-Furnished,South,1,8700000,Sangareddy | Tellapur
Andhra Pradesh,Anakapalli,Anakapalle,Apartment,2,2,1142,Unfurnished,North-East,0,4950000,Anakapalli | Anakapalle Town
Telangana,Bhadradri Kothagudem,Kothagudem,Independent House,2,2,1256,Unfurnished,East,1,2575000,Bhadradri Kothagudem | Aswaraopeta
Telangana,Khammam,Khammam,Apartment,3,3,1597,Unfurnished,South-East,25,5700000,Khammam | Wyra Road
Telangana,Peddapalli,Peddapalli,Independent House,3,2,1594,Furnished,East,1,2475000,Peddapalli | Dharmaram
Telangana,Hyderabad,Hyderabad,Villa,3,3,1812,Semi-Furnished,South,30,13225000,Hyderabad | Habsiguda
Telangana,Hyderabad,Hyderabad,Apartment,3,3,1558,Unfurnished,North-East,0,14900000,Hyderabad | Secunderabad
Telangana,Jagtial,Jagtial,Residential Plot,0,0,1197,Not Applicable,North-East,0,2350000,Jagtial | Jagtial Town
Andhra Pradesh,Parvathipuram Manyam,Parvathipuram,Apartment,2,1,1302,Semi-Furnished,South,9,3175000,Parvathipuram Manyam | Salur
Andhra Pradesh,Tirupati,Tirupati,Independent Builder Floor,3,4,1472,Semi-Furnished,East,16,3725000,Tirupati | Puttur
Andhra Pradesh,Guntur,Guntur,Apartment,3,4,1366,Semi-Furnished,South,2,5400000,Guntur | Tenali
Telangana,Rangareddy,Hyderabad,Apartment,3,3,1569,Unfurnished,North-East,7,12400000,Rangareddy | Attapur
Andhra Pradesh,Polavaram,Rampachodavaram,Independent House,3,3,1986,Semi-Furnished,North,1,2900000,Polavaram | Addateegala
Andhra Pradesh,Anakapalli,Anakapalle,Independent Builder Floor,3,3,1570,Unfurnished,East,0,4000000,Anakapalli | Kasimkota
Telangana,Hyderabad,Hyderabad,Apartment,1,1,589,Furnished,West,6,4525000,Hyderabad | Tolichowki
Telangana,Nirmal,Nirmal,Residential Plot,0,0,900,Not Applicable,North,0,1600000,Nirmal | Nirmal Town
Telangana,Nizamabad,Nizamabad,Independent House,3,3,1322,Semi-Furnished,South-East,12,5325000,Nizamabad | Khaleelwadi
Telangana,Hyderabad,Hyderabad,Residential Plot,0,0,1197,Not Applicable,South-East,0,9325000,Hyderabad | Yousufguda
Andhra Pradesh,Annamayya,Madanapalle,Independent House,3,3,1459,Unfurnished,East,10,4650000,Annamayya | Madanapalle Town
Telangana,Jogulamba Gadwal,Gadwal,Independent House,4,4,1798,Unfurnished,North,2,6275000,Jogulamba Gadwal | Gadwal Town
Telangana,Siddipet,Siddipet,Apartment,2,3,1093,Unfurnished,East,28,1575000,Siddipet | Cherial
Telangana,Hyderabad,Hyderabad,Residential Plot,0,0,1350,Not Applicable,West,0,16225000,Hyderabad | Banjara Hills
Andhra Pradesh,Sri Potti Sriramulu Nellore,Nellore,Villa,3,3,2165,Semi-Furnished,North,30,9825000,Sri Potti Sriramulu Nellore | Trunk Road
Telangana,Medchal Malkajgiri,Hyderabad,Independent House,5,5,2985,Unfurnished,East,5,13925000,Medchal Malkajgiri | Ghatkesar
Telangana,Medchal Malkajgiri,Hyderabad,Apartment,2,3,1008,Unfurnished,North-East,0,4250000,Medchal Malkajgiri | Medchal
Telangana,Warangal,Warangal,Independent House,2,2,1474,Unfurnished,North,0,3075000,Warangal | Sangem
Andhra Pradesh,Palnadu,Narasaraopet,Independent House,4,3,2215,Semi-Furnished,North-East,16,3375000,Palnadu | Pedakurapadu
Andhra Pradesh,Krishna,Vijayawada,Residential Plot,0,0,2160,Not Applicable,East,0,6175000,Krishna | Kanuru
Andhra Pradesh,Guntur,Guntur,Apartment,3,3,1352,Furnished,East,2,7000000,Guntur | Vidya Nagar
Telangana,Medchal Malkajgiri,Hyderabad,Residential Plot,0,0,1800,Not Applicable,North-East,0,9225000,Medchal Malkajgiri | Uppal
Andhra Pradesh,Anakapalli,Anakapalle,Independent House,3,3,1469,Unfurnished,South,4,3900000,Anakapalli | Payakaraopeta
Telangana,Khammam,Khammam,Residential Plot,0,0,1197,Not Applicable,East,0,2525000,Khammam | Gandhi Chowk
Telangana,Rangareddy,Hyderabad,Independent House,3,2,1513,Furnished,North,25,14375000,Rangareddy | Gachibowli
Telangana,Jagtial,Jagtial,Villa,4,5,2899,Semi-Furnished,North,1,9400000,Jagtial | Metpally
Andhra Pradesh,Chittoor,Chittoor,Residential Plot,0,0,2700,Not Applicable,North-East,0,4725000,Chittoor | Gandhi Road
Andhra Pradesh,Nandyal,Nandyal,Independent House,2,3,848,Unfurnished,South-East,11,1400000,Nandyal | Koilkuntla
Telangana,Hanumakonda,Hanamkonda,Residential Plot,0,0,3600,Not Applicable,South-East,0,11025000,Hanumakonda | Hunter Road
Andhra Pradesh,Sri Sathya Sai,Puttaparthi,Villa,3,3,1643,Unfurnished,East,6,8125000,Sri Sathya Sai | Puttaparthi Town
Andhra Pradesh,Anakapalli,Anakapalle,Apartment,2,2,1185,Unfurnished,South,0,3825000,Anakapalli | Parawada
Andhra Pradesh,Kakinada,Kakinada,Villa,3,4,1771,Unfurnished,South-East,6,7975000,Kakinada | Madhavapatnam
Telangana,Hanumakonda,Hanamkonda,Villa,4,4,2504,Unfurnished,West,1,17400000,Hanumakonda | Naimnagar
Andhra Pradesh,Visakhapatnam,Visakhapatnam,Residential Plot,0,0,1350,Not Applicable,North-East,0,1975000,Visakhapatnam | Thagarapuvalasa
Telangana,Medchal Malkajgiri,Hyderabad,Independent House,3,3,1627,Semi-Furnished,South,14,8100000,Medchal Malkajgiri | Dundigal
Andhra Pradesh,Palnadu,Narasaraopet,Independent House,2,1,1230,Semi-Furnished,East,16,3000000,Palnadu | Chilakaluripet
Andhra Pradesh,Tirupati,Tirupati,Independent House,2,2,830,Semi-Furnished,North-East,1,6475000,Tirupati | Air Bypass Road
Telangana,Nagarkurnool,Nagarkurnool,Apartment,1,1,500,Unfurnished,East,0,975000,Nagarkurnool | Kollapur
Telangana,Siddipet,Siddipet,Apartment,4,4,2503,Unfurnished,East,1,6200000,Siddipet | Dubbaka
Andhra Pradesh,Vizianagaram,Vizianagaram,Independent House,4,5,2348,Semi-Furnished,East,0,7775000,Vizianagaram | Srungavarapukota
Telangana,Jagtial,Jagtial,Independent Builder Floor,2,3,1018,Semi-Furnished,West,2,2200000,Jagtial | Korutla
Andhra Pradesh,Krishna,Machilipatnam,Residential Plot,0,0,1503,Not Applicable,West,0,1600000,Krishna | Pedana
Andhra Pradesh,NTR,Vijayawada,Apartment,2,3,1078,Semi-Furnished,West,4,4675000,NTR | Kondapalli
Telangana,Hyderabad,Hyderabad,Apartment,2,2,1095,Semi-Furnished,East,1,12125000,Hyderabad | Begumpet
Telangana,Yadadri Bhuvanagiri,Bhongir,Independent House,2,3,1022,Furnished,North,0,2275000,Yadadri Bhuvanagiri | Valigonda
Andhra Pradesh,Guntur,Guntur,Apartment,4,4,1785,Semi-Furnished,North-East,3,8775000,Guntur | Kothapet
Andhra Pradesh,Anakapalli,Anakapalle,Apartment,2,3,976,Unfurnished,North,0,3725000,Anakapalli | Parawada
Telangana,Hyderabad,Hyderabad,Independent House,2,2,1384,Unfurnished,North,1,16825000,Hyderabad | Secunderabad
Telangana,Hanumakonda,Hanamkonda,Independent House,3,3,1580,Furnished,East,7,8900000,Hanumakonda | Kazipet
Andhra Pradesh,Anantapur,Anantapur,Independent House,5,6,2768,Unfurnished,East,14,9750000,Anantapur | Rudrampeta
Telangana,Hyderabad,Hyderabad,Apartment,4,5,2627,Unfurnished,East,0,27450000,Hyderabad | Secunderabad
Andhra Pradesh,Prakasam,Ongole,Apartment,3,3,1518,Unfurnished,South,5,2550000,Prakasam | Kondepi
Telangana,Sangareddy,Hyderabad,Apartment,1,1,473,Semi-Furnished,East,18,4625000,Sangareddy | Tellapur
Telangana,Hyderabad,Hyderabad,Apartment,3,2,1513,Unfurnished,South-East,0,11200000,Hyderabad | Shaikpet
Telangana,Nizamabad,Nizamabad,Apartment,4,4,2272,Unfurnished,East,0,9325000,Nizamabad | Khaleelwadi
Andhra Pradesh,Kakinada,Kakinada,Apartment,1,1,526,Semi-Furnished,West,0,3150000,Kakinada | Suryaraopeta
Telangana,Hanumakonda,Hanamkonda,Independent House,3,3,1647,Unfurnished,East,1,10575000,Hanumakonda | Hunter Road
Telangana,Bhadradri Kothagudem,Kothagudem,Independent House,2,2,1117,Semi-Furnished,South-East,6,3700000,Bhadradri Kothagudem | Kothagudem Town
Andhra Pradesh,Kakinada,Kakinada,Apartment,4,5,1583,Unfurnished,South-East,1,7625000,Kakinada | Ramanayapeta
Andhra Pradesh,Visakhapatnam,Visakhapatnam,Apartment,2,3,1113,Semi-Furnished,South,1,10800000,Visakhapatnam | Yendada
Telangana,Mancherial,Mancherial,Apartment,3,3,1392,Semi-Furnished,East,0,5350000,Mancherial | Mancherial Town
Telangana,Jogulamba Gadwal,Gadwal,Independent House,4,5,2354,Semi-Furnished,West,4,8650000,Jogulamba Gadwal | Gadwal Town
Andhra Pradesh,Nandyal,Nandyal,Apartment,3,3,1342,Semi-Furnished,North-East,1,3150000,Nandyal | Nandikotkur
Andhra Pradesh,Tirupati,Tirupati,Apartment,2,2,1197,Semi-Furnished,West,0,7250000,Tirupati | Vikruthamala
Andhra Pradesh,East Godavari,Rajahmundry,Residential Plot,0,0,1197,Not Applicable,West,0,1525000,East Godavari | Nidadavole
Telangana,Khammam,Khammam,Apartment,3,4,1570,Furnished,West,1,3825000,Khammam | Yerrupalem
Telangana,Rajanna Sircilla,Sircilla,Residential Plot,0,0,1800,Not Applicable,North,0,1100000,Rajanna Sircilla | Thangallapally
Andhra Pradesh,YSR Kadapa,Kadapa,Apartment,2,1,1069,Unfurnished,South,30,1700000,YSR Kadapa | Jammalamadugu
Andhra Pradesh,Guntur,Amaravati,Apartment,4,4,2581,Unfurnished,East,5,15575000,Guntur | Mangalagiri
Andhra Pradesh,West Godavari,Bhimavaram,Independent House,3,2,1935,Semi-Furnished,North-East,5,5625000,West Godavari | Palakollu
Telangana,Rangareddy,Hyderabad,Apartment,4,4,2384,Unfurnished,East,1,10800000,Rangareddy | Shadnagar
Andhra Pradesh,Krishna,Machilipatnam,Residential Plot,0,0,1800,Not Applicable,North-East,0,2150000,Krishna | Avanigadda
Telangana,Karimnagar,Karimnagar,Apartment,3,3,1479,Semi-Furnished,East,4,7825000,Karimnagar | Mankammathota
Andhra Pradesh,Krishna,Vijayawada,Apartment,2,3,909,Semi-Furnished,East,0,5800000,Krishna | Kanuru
Andhra Pradesh,Visakhapatnam,Visakhapatnam,Independent House,2,2,1230,Unfurnished,East,2,5825000,Visakhapatnam | Simhachalam
Telangana,Rangareddy,Hyderabad,Residential Plot,0,0,1503,Not Applicable,East,0,8000000,Rangareddy | Adibatla
Telangana,Peddapalli,Peddapalli,Independent House,3,3,1434,Furnished,West,1,2825000,Peddapalli | Manthani
Telangana,Hyderabad,Hyderabad,Apartment,3,3,1718,Unfurnished,South-East,0,15300000,Hyderabad | Begumpet
Andhra Pradesh,Visakhapatnam,Visakhapatnam,Apartment,3,3,1404,Unfurnished,East,1,6125000,Visakhapatnam | Gopalapatnam
Telangana,Jagtial,Jagtial,Apartment,4,4,1893,Unfurnished,North-East,1,5175000,Jagtial | Korutla
Andhra Pradesh,Srikakulam,Srikakulam,Independent Builder Floor,2,3,945,Unfurnished,North,1,2775000,Srikakulam | Palasa
Andhra Pradesh,Anantapur,Anantapur,Independent House,3,3,1852,Semi-Furnished,South,7,3500000,Anantapur | Kalyandurg
Andhra Pradesh,Guntur,Guntur,Residential Plot,0,0,3600,Not Applicable,East,0,4900000,Guntur | Pedakakani
Andhra Pradesh,Tirupati,Tirupati,Apartment,3,3,1793,Furnished,North,5,10800000,Tirupati | Vikruthamala
Telangana,Bhadradri Kothagudem,Kothagudem,Independent House,4,5,2257,Unfurnished,North-East,3,8550000,Bhadradri Kothagudem | Kothagudem Town
Telangana,Nagarkurnool,Nagarkurnool,Apartment,3,3,1494,Semi-Furnished,West,3,2450000,Nagarkurnool | Kalwakurthy
Andhra Pradesh,West Godavari,Bhimavaram,Independent House,4,5,1921,Furnished,East,1,5325000,West Godavari | Akividu
Telangana,Siddipet,Siddipet,Residential Plot,0,0,1620,Not Applicable,South,0,1600000,Siddipet | Husnabad
Telangana,Khammam,Khammam,Independent House,5,6,2792,Furnished,East,23,9175000,Khammam | Mamillagudem
Telangana,Warangal,Warangal,Apartment,4,5,1841,Unfurnished,North,3,7325000,Warangal | Khila Warangal
Andhra Pradesh,Annamayya,Madanapalle,Apartment,2,2,1215,Unfurnished,South,0,1725000,Annamayya | Mulakalacheruvu
Andhra Pradesh,Visakhapatnam,Visakhapatnam,Apartment,1,1,491,Semi-Furnished,West,6,2450000,Visakhapatnam | Kancharapalem
Telangana,Rangareddy,Hyderabad,Villa,3,4,1581,Unfurnished,East,4,16000000,Rangareddy | Adibatla
Andhra Pradesh,Visakhapatnam,Visakhapatnam,Apartment,2,2,740,Unfurnished,North-East,0,5125000,Visakhapatnam | Madhurawada
Telangana,Kamareddy,Kamareddy,Independent House,3,4,1579,Unfurnished,North,1,2575000,Kamareddy | Yellareddy
Telangana,Medchal Malkajgiri,Hyderabad,Independent Builder Floor,3,2,1459,Unfurnished,East,0,8475000,Medchal Malkajgiri | Malkajgiri
Telangana,Jayashankar Bhupalpally,Bhupalpally,Residential Plot,0,0,1197,Not Applicable,North-East,0,2025000,Jayashankar Bhupalpally | Bhupalpally Town
Telangana,Hyderabad,Hyderabad,Apartment,4,4,1978,Unfurnished,South-East,0,13900000,Hyderabad | Tolichowki
Andhra Pradesh,Guntur,Guntur,Residential Plot,0,0,1503,Not Applicable,North-East,0,2625000,Guntur | Nallapadu
Andhra Pradesh,East Godavari,Rajahmundry,Apartment,2,2,1210,Semi-Furnished,North-East,5,3800000,East Godavari | Kovvur
Telangana,Nizamabad,Nizamabad,Independent Builder Floor,3,4,1514,Unfurnished,East,0,2925000,Nizamabad | Nandipet
Andhra Pradesh,Eluru,Eluru,Apartment,3,4,1347,Unfurnished,West,3,3550000,Eluru | Jangareddygudem
Telangana,Hyderabad,Hyderabad,Independent House,3,3,1284,Semi-Furnished,North,4,17425000,Hyderabad | Jubilee Hills
Telangana,Jagtial,Jagtial,Independent House,3,3,1656,Unfurnished,West,0,3700000,Jagtial | Metpally
Telangana,Hyderabad,Hyderabad,Villa,3,4,2223,Unfurnished,South,6,27125000,Hyderabad | Himayatnagar
Andhra Pradesh,Chittoor,Chittoor,Apartment,3,3,1549,Furnished,East,2,4350000,Chittoor | Kuppam
Andhra Pradesh,Guntur,Guntur,Villa,3,4,2277,Unfurnished,North-East,9,13200000,Guntur | Arundelpet
Andhra Pradesh,Krishna,Machilipatnam,Apartment,2,2,1119,Unfurnished,West,0,4425000,Krishna | Machilipatnam Town
Telangana,Narayanpet,Narayanpet,Independent House,3,3,1492,Unfurnished,South-East,18,1750000,Narayanpet | Kosgi
Andhra Pradesh,Annamayya,Madanapalle,Residential Plot,0,0,1350,Not Applicable,North-East,0,875000,Annamayya | Thamballapalle
Telangana,Hyderabad,Hyderabad,Apartment,4,3,1833,Semi-Furnished,South-East,4,14975000,Hyderabad | Nampally
Telangana,Hyderabad,Hyderabad,Apartment,3,3,1469,Unfurnished,West,0,11350000,Hyderabad | Secunderabad
Telangana,Mulugu,Mulugu,Apartment,4,4,2001,Unfurnished,East,0,3425000,Mulugu | Eturnagaram
Telangana,Suryapet,Suryapet,Residential Plot,0,0,1800,Not Applicable,East,0,1375000,Suryapet | Nereducherla
Telangana,Mahabubnagar,Mahabubnagar,Apartment,3,2,1276,Furnished,West,3,2725000,Mahabubnagar | Bhoothpur
Telangana,Rangareddy,Hyderabad,Residential Plot,0,0,1197,Not Applicable,South,0,9875000,Rangareddy | Gachibowli
Telangana,Vikarabad,Vikarabad,Residential Plot,0,0,900,Not Applicable,South-East,0,650000,Vikarabad | Kodangal
Telangana,Warangal,Warangal,Independent House,3,3,1337,Semi-Furnished,West,14,4250000,Warangal | Khila Warangal
Andhra Pradesh,Guntur,Guntur,Independent House,3,3,1776,Semi-Furnished,North,30,5475000,Guntur | Auto Nagar
Telangana,Suryapet,Suryapet,Residential Plot,0,0,1620,Not Applicable,West,0,1800000,Suryapet | Kodad
Andhra Pradesh,Srikakulam,Srikakulam,Independent House,4,4,2278,Semi-Furnished,North-East,4,9000000,Srikakulam | Srikakulam Town
Telangana,Jogulamba Gadwal,Gadwal,Apartment,2,2,862,Unfurnished,East,0,1075000,Jogulamba Gadwal | Waddepally
Andhra Pradesh,Krishna,Machilipatnam,Independent House,4,4,2099,Unfurnished,North-East,28,3750000,Krishna | Unguturu
Telangana,Hanumakonda,Hanamkonda,Independent House,4,5,2358,Furnished,East,1,6175000,Hanumakonda | Kamalapur
Telangana,Mahabubnagar,Mahabubnagar,Independent House,3,4,1721,Semi-Furnished,East,5,4875000,Mahabubnagar | Jadcherla
Telangana,Sangareddy,Hyderabad,Apartment,3,3,1373,Unfurnished,North,0,9800000,Sangareddy | Ameenpur
Telangana,Mahabubnagar,Mahabubnagar,Apartment,2,2,1270,Unfurnished,West,1,5050000,Mahabubnagar | Mahabubnagar Town
Telangana,Medchal Malkajgiri,Hyderabad,Residential Plot,0,0,2160,Not Applicable,South,0,10200000,Medchal Malkajgiri | Nizampet
Telangana,Yadadri Bhuvanagiri,Bhongir,Apartment,3,4,1412,Unfurnished,North-East,1,4650000,Yadadri Bhuvanagiri | Choutuppal
Telangana,Nirmal,Nirmal,Villa,3,3,1500,Furnished,West,3,2800000,Nirmal | Laxmanchanda
Telangana,Sangareddy,Hyderabad,Apartment,3,3,1422,Unfurnished,South,15,5975000,Sangareddy | Isnapur
Andhra Pradesh,Visakhapatnam,Visakhapatnam,Villa,4,4,2494,Semi-Furnished,North-East,7,29125000,Visakhapatnam | MVP Colony
Andhra Pradesh,Kurnool,Kurnool,Independent Builder Floor,3,3,1360,Unfurnished,South,1,3600000,Kurnool | Nandyal Road
Telangana,Kumuram Bheem Asifabad,Asifabad,Apartment,3,3,1707,Unfurnished,North-East,6,4400000,Kumuram Bheem Asifabad | Asifabad Town
Andhra Pradesh,Tirupati,Tirupati,Apartment,2,1,978,Unfurnished,South-East,11,3875000,Tirupati | Renigunta
Telangana,Rangareddy,Hyderabad,Independent House,4,3,1971,Semi-Furnished,East,7,24200000,Rangareddy | Kondapur
Telangana,Khammam,Khammam,Apartment,3,3,1352,Furnished,East,0,4600000,Khammam | Madhira
Telangana,Warangal,Warangal,Independent House,5,4,2586,Unfurnished,East,4,9200000,Warangal | Khila Warangal
Telangana,Hyderabad,Hyderabad,Villa,3,4,2059,Unfurnished,South-East,1,23825000,Hyderabad | Shaikpet
Telangana,Sangareddy,Hyderabad,Independent House,3,2,1674,Furnished,South,1,10300000,Sangareddy | Ameenpur
Andhra Pradesh,NTR,Vijayawada,Apartment,2,3,1093,Unfurnished,North,0,7100000,NTR | Ajit Singh Nagar
Andhra Pradesh,Dr. B.R. Ambedkar Konaseema,Amalapuram,Apartment,3,2,1577,Semi-Furnished,North-East,3,4350000,Dr. B.R. Ambedkar Konaseema | Mummidivaram
Telangana,Nagarkurnool,Nagarkurnool,Independent House,3,3,1953,Semi-Furnished,South-East,4,3350000,Nagarkurnool | Kollapur
Telangana,Hyderabad,Hyderabad,Independent House,2,2,1374,Unfurnished,North-East,17,7525000,Hyderabad | Sanathnagar
Andhra Pradesh,Sri Potti Sriramulu Nellore,Nellore,Independent Builder Floor,2,2,964,Unfurnished,South-East,1,3650000,Sri Potti Sriramulu Nellore | Nawabpet
Andhra Pradesh,Prakasam,Ongole,Residential Plot,0,0,1350,Not Applicable,North,0,1175000,Prakasam | Tanguturu
Telangana,Karimnagar,Karimnagar,Apartment,1,1,445,Unfurnished,North,2,1125000,Karimnagar | Choppadandi
Telangana,Rajanna Sircilla,Sircilla,Residential Plot,0,0,1620,Not Applicable,West,0,975000,Rajanna Sircilla | Ellanthakunta
Andhra Pradesh,Visakhapatnam,Visakhapatnam,Independent House,3,4,1697,Semi-Furnished,South-East,4,13750000,Visakhapatnam | Siripuram
Telangana,Hyderabad,Hyderabad,Residential Plot,0,0,1350,Not Applicable,South-East,0,9675000,Hyderabad | Yousufguda
Andhra Pradesh,Eluru,Eluru,Independent House,2,2,1004,Unfurnished,North-East,5,2150000,Eluru | Bhimadole
Telangana,Nizamabad,Nizamabad,Independent House,4,4,2223,Unfurnished,South,1,4200000,Nizamabad | Bheemgal
Telangana,Wanaparthy,Wanaparthy,Independent House,5,5,2402,Unfurnished,North,1,7075000,Wanaparthy | Wanaparthy Town
Andhra Pradesh,Guntur,Amaravati,Independent House,3,2,1403,Unfurnished,North-East,11,8175000,Guntur | Mangalagiri
Telangana,Rangareddy,Hyderabad,Independent House,2,2,1277,Semi-Furnished,South,11,8800000,Rangareddy | LB Nagar
Telangana,Hyderabad,Hyderabad,Apartment,3,3,1637,Unfurnished,West,0,13750000,Hyderabad | Himayatnagar
Telangana,Mahabubabad,Mahabubabad,Apartment,3,3,1422,Furnished,North,1,2825000,Mahabubabad | Kesamudram
Andhra Pradesh,Bapatla,Bapatla,Independent House,4,5,1996,Unfurnished,South,15,5200000,Bapatla | Chirala
Andhra Pradesh,Srikakulam,Srikakulam,Independent House,5,5,2896,Semi-Furnished,South,5,9375000,Srikakulam | Arasavalli
Andhra Pradesh,NTR,Vijayawada,Apartment,2,2,998,Semi-Furnished,North,5,6525000,NTR | Currency Nagar
Telangana,Karimnagar,Karimnagar,Apartment,2,1,1375,Unfurnished,North-East,3,4250000,Karimnagar | Thimmapur
Andhra Pradesh,Srikakulam,Srikakulam,Residential Plot,0,0,2700,Not Applicable,South,0,2750000,Srikakulam | Etcherla
Andhra Pradesh,NTR,Vijayawada,Villa,4,5,2197,Unfurnished,West,4,20450000,NTR | MG Road
Andhra Pradesh,Visakhapatnam,Visakhapatnam,Apartment,3,3,1400,Furnished,South-East,0,11875000,Visakhapatnam | Maddilapalem
Telangana,Rangareddy,Hyderabad,Apartment,3,4,1579,Semi-Furnished,North,2,14075000,Rangareddy | Manikonda
Andhra Pradesh,Visakhapatnam,Visakhapatnam,Apartment,2,3,1217,Unfurnished,South,0,6675000,Visakhapatnam | Muralinagar
Andhra Pradesh,East Godavari,Rajahmundry,Apartment,1,1,481,Unfurnished,West,3,1450000,East Godavari | Anaparthi
Andhra Pradesh,Sri Sathya Sai,Puttaparthi,Independent House,4,4,1569,Unfurnished,North,0,4050000,Sri Sathya Sai | Penukonda
Andhra Pradesh,Annamayya,Madanapalle,Apartment,2,1,1004,Unfurnished,East,0,1725000,Annamayya | Nandalur
Telangana,Siddipet,Siddipet,Apartment,2,3,1016,Unfurnished,North,0,4000000,Siddipet | Siddipet Town
Telangana,Kamareddy,Kamareddy,Independent House,5,5,2408,Unfurnished,North-East,1,9675000,Kamareddy | Kamareddy Town
Andhra Pradesh,Tirupati,Tirupati,Villa,4,5,2693,Furnished,East,6,17725000,Tirupati | Renigunta
Andhra Pradesh,Vizianagaram,Vizianagaram,Apartment,4,3,2263,Unfurnished,North,1,6200000,Vizianagaram | Cheepurupalli
Andhra Pradesh,Sri Sathya Sai,Puttaparthi,Independent House,3,2,1559,Unfurnished,South,17,3575000,Sri Sathya Sai | Hindupur
Andhra Pradesh,Anakapalli,Anakapalle,Independent House,4,4,2101,Unfurnished,North,5,9100000,Anakapalli | Parawada
Andhra Pradesh,Srikakulam,Srikakulam,Independent House,3,3,1445,Furnished,West,30,2525000,Srikakulam | Tekkali
Telangana,Hyderabad,Hyderabad,Villa,4,4,2525,Semi-Furnished,South-East,2,51600000,Hyderabad | Jubilee Hills
Andhra Pradesh,Nandyal,Nandyal,Residential Plot,0,0,1800,Not Applicable,North-East,0,1250000,Nandyal | Nandikotkur
Telangana,Vikarabad,Vikarabad,Apartment,2,2,995,Unfurnished,North,0,1700000,Vikarabad | Dharur
Telangana,Rangareddy,Hyderabad,Apartment,3,3,1889,Furnished,South-East,4,24100000,Rangareddy | Nallagandla
Andhra Pradesh,Visakhapatnam,Visakhapatnam,Apartment,4,4,2441,Unfurnished,North,0,17725000,Visakhapatnam | Kommadi
Andhra Pradesh,Krishna,Machilipatnam,Independent House,3,2,1879,Unfurnished,West,4,8250000,Krishna | Gudivada
Telangana,Sangareddy,Hyderabad,Residential Plot,0,0,900,Not Applicable,South,0,3200000,Sangareddy | Patancheru
Andhra Pradesh,Visakhapatnam,Visakhapatnam,Apartment,4,3,1842,Unfurnished,North-East,1,18050000,Visakhapatnam | MVP Colony
Andhra Pradesh,Vizianagaram,Vizianagaram,Villa,3,3,2101,Furnished,East,8,9150000,Vizianagaram | Bobbili
Telangana,Rajanna Sircilla,Sircilla,Independent House,4,4,2028,Unfurnished,North,6,9225000,Rajanna Sircilla | Sircilla Town
Telangana,Rangareddy,Hyderabad,Apartment,2,1,1114,Furnished,North,1,16325000,Rangareddy | Kondapur
Andhra Pradesh,Markapuram,Markapuram,Apartment,1,1,517,Semi-Furnished,South,12,875000,Markapuram | Cumbum
Andhra Pradesh,Sri Potti Sriramulu Nellore,Nellore,Apartment,2,1,872,Semi-Furnished,North,13,3325000,Sri Potti Sriramulu Nellore | Nawabpet
Telangana,Hanumakonda,Hanamkonda,Residential Plot,0,0,1350,Not Applicable,South,0,1875000,Hanumakonda | Dharmasagar
Andhra Pradesh,Vizianagaram,Vizianagaram,Independent House,2,1,1219,Unfurnished,North,12,2100000,Vizianagaram | Denkada
Andhra Pradesh,Tirupati,Tirupati,Apartment,4,4,2215,Unfurnished,North-East,0,7725000,Tirupati | Sullurpeta
Telangana,Mahabubabad,Mahabubabad,Independent House,2,1,1110,Unfurnished,North,9,3475000,Mahabubabad | Mahabubabad Town
Andhra Pradesh,Kakinada,Kakinada,Residential Plot,0,0,1998,Not Applicable,North,0,3375000,Kakinada | Thimmapuram
Telangana,Hanumakonda,Hanamkonda,Apartment,2,2,1086,Unfurnished,South-East,1,6350000,Hanumakonda | Subedari
Telangana,Narayanpet,Narayanpet,Independent Builder Floor,3,3,1296,Unfurnished,North,0,3325000,Narayanpet | Narayanpet Town
Telangana,Rangareddy,Hyderabad,Independent House,4,3,2218,Furnished,North-East,4,20475000,Rangareddy | Attapur
Andhra Pradesh,Srikakulam,Srikakulam,Independent House,2,3,1125,Unfurnished,East,4,4275000,Srikakulam | Srikakulam Town
Andhra Pradesh,Palnadu,Narasaraopet,Apartment,3,4,1543,Unfurnished,South-East,1,3400000,Palnadu | Gurazala
Telangana,Mahabubabad,Mahabubabad,Independent House,4,3,2045,Unfurnished,South-East,21,2925000,Mahabubabad | Thorrur
Telangana,Jayashankar Bhupalpally,Bhupalpally,Residential Plot,0,0,1620,Not Applicable,North-East,0,925000,Jayashankar Bhupalpally | Chityal
Telangana,Yadadri Bhuvanagiri,Bhongir,Apartment,3,2,1720,Semi-Furnished,West,1,6175000,Yadadri Bhuvanagiri | Choutuppal
Telangana,Medchal Malkajgiri,Hyderabad,Apartment,2,3,987,Unfurnished,North,1,7350000,Medchal Malkajgiri | Bachupally
Telangana,Nalgonda,Nalgonda,Apartment,3,3,1403,Unfurnished,South,0,5025000,Nalgonda | Nalgonda Town
Telangana,Nalgonda,Nalgonda,Independent House,4,5,2159,Unfurnished,East,2,3925000,Nalgonda | Chityal
Telangana,Suryapet,Suryapet,Independent House,6,7,3015,Unfurnished,West,1,11350000,Suryapet | Suryapet Town
Telangana,Wanaparthy,Wanaparthy,Villa,4,3,2251,Unfurnished,East,9,4775000,Wanaparthy | Gopalpeta
Andhra Pradesh,East Godavari,Rajahmundry,Residential Plot,0,0,4500,Not Applicable,South,0,13250000,East Godavari | Morampudi
Andhra Pradesh,Vizianagaram,Vizianagaram,Apartment,4,4,2068,Semi-Furnished,North,2,8450000,Vizianagaram | Vizianagaram Town
Andhra Pradesh,Visakhapatnam,Visakhapatnam,Independent Builder Floor,3,3,1398,Unfurnished,East,0,9350000,Visakhapatnam | Madhurawada
Andhra Pradesh,West Godavari,Bhimavaram,Apartment,2,2,1192,Unfurnished,West,0,2500000,West Godavari | Attili
Andhra Pradesh,Bapatla,Bapatla,Apartment,3,3,1396,Semi-Furnished,South-East,3,5175000,Bapatla | Chirala
Andhra Pradesh,Parvathipuram Manyam,Parvathipuram,Apartment,4,4,2327,Unfurnished,North,0,7525000,Parvathipuram Manyam | Parvathipuram Town
Telangana,Hanumakonda,Hanamkonda,Apartment,2,1,1187,Unfurnished,South-East,11,3575000,Hanumakonda | Elkathurthy
Andhra Pradesh,Tirupati,Tirupati,Apartment,3,3,1604,Unfurnished,North-East,1,9125000,Tirupati | Renigunta
Andhra Pradesh,YSR Kadapa,Kadapa,Apartment,3,4,1496,Semi-Furnished,South,1,3250000,YSR Kadapa | Jammalamadugu
Telangana,Karimnagar,Karimnagar,Residential Plot,0,0,1503,Not Applicable,North-East,0,1350000,Karimnagar | Choppadandi
Andhra Pradesh,Guntur,Guntur,Residential Plot,0,0,1800,Not Applicable,West,0,2400000,Guntur | Pedakakani
Andhra Pradesh,Chittoor,Chittoor,Residential Plot,0,0,3600,Not Applicable,North-East,0,2600000,Chittoor | Somala
Andhra Pradesh,Srikakulam,Srikakulam,Independent House,4,4,2681,Semi-Furnished,East,0,9100000,Srikakulam | Arasavalli
Andhra Pradesh,Eluru,Eluru,Apartment,4,4,2126,Unfurnished,West,0,3825000,Eluru | Denduluru
Telangana,Hanumakonda,Hanamkonda,Apartment,3,3,1345,Unfurnished,East,7,7725000,Hanumakonda | Nakkalagutta
Andhra Pradesh,NTR,Vijayawada,Apartment,2,3,1005,Unfurnished,North,0,6850000,NTR | Labbipet
Telangana,Siddipet,Siddipet,Residential Plot,0,0,1503,Not Applicable,East,0,1525000,Siddipet | Husnabad
Telangana,Hyderabad,Hyderabad,Apartment,3,2,1329,Unfurnished,South-East,0,10725000,Hyderabad | Tarnaka
Telangana,Karimnagar,Karimnagar,Residential Plot,0,0,2403,Not Applicable,North-East,0,5200000,Karimnagar | Jyothinagar
Andhra Pradesh,Chittoor,Chittoor,Villa,4,5,2897,Unfurnished,North,13,6400000,Chittoor | Somala
Andhra Pradesh,Krishna,Machilipatnam,Residential Plot,0,0,1800,Not Applicable,South,0,3550000,Krishna | Gudivada
Telangana,Mahabubabad,Mahabubabad,Residential Plot,0,0,900,Not Applicable,East,0,1400000,Mahabubabad | Mahabubabad Town
Andhra Pradesh,Dr. B.R. Ambedkar Konaseema,Amalapuram,Apartment,2,3,944,Unfurnished,East,0,1875000,Dr. B.R. Ambedkar Konaseema | Ainavilli
Telangana,Jangaon,Jangaon,Independent House,3,4,1394,Unfurnished,North,1,5450000,Jangaon | Jangaon Town
Telangana,Rangareddy,Hyderabad,Apartment,4,3,2276,Unfurnished,West,13,20550000,Rangareddy | Madhapur
Andhra Pradesh,Tirupati,Tirupati,Villa,3,3,2596,Unfurnished,North,13,14750000,Tirupati | Srikalahasti
Telangana,Sangareddy,Hyderabad,Independent House,5,5,2911,Unfurnished,North,4,19225000,Sangareddy | Patancheru
Andhra Pradesh,Anakapalli,Anakapalle,Apartment,1,2,524,Unfurnished,East,0,2075000,Anakapalli | Anakapalle Town
Andhra Pradesh,Vizianagaram,Vizianagaram,Independent House,5,5,2392,Unfurnished,East,3,5150000,Vizianagaram | Gajapathinagaram
Andhra Pradesh,Tirupati,Tirupati,Residential Plot,0,0,2160,Not Applicable,East,0,8950000,Tirupati | Leela Mahal Circle
Telangana,Hyderabad,Hyderabad,Independent Builder Floor,3,2,1348,Unfurnished,South-East,0,12975000,Hyderabad | Nampally
Telangana,Rangareddy,Hyderabad,Independent House,2,3,1523,Semi-Furnished,North-East,22,9075000,Rangareddy | LB Nagar
Telangana,Siddipet,Siddipet,Apartment,3,3,1482,Unfurnished,West,13,2575000,Siddipet | Doultabad
Andhra Pradesh,Srikakulam,Srikakulam,Residential Plot,0,0,3600,Not Applicable,North-East,0,5050000,Srikakulam | Amadalavalasa
Telangana,Rangareddy,Hyderabad,Villa,4,5,2417,Semi-Furnished,North-East,1,32325000,Rangareddy | Nallagandla
Telangana,Kumuram Bheem Asifabad,Asifabad,Villa,4,4,2512,Unfurnished,North,1,9025000,Kumuram Bheem Asifabad | Asifabad Town
Andhra Pradesh,Tirupati,Tirupati,Apartment,4,4,2374,Furnished,North-East,7,10950000,Tirupati | Tummalagunta
Telangana,Mulugu,Mulugu,Apartment,2,3,1036,Unfurnished,North-East,0,1725000,Mulugu | Eturnagaram
Andhra Pradesh,Krishna,Vijayawada,Residential Plot,0,0,2160,Not Applicable,West,0,3825000,Krishna | Kankipadu
Telangana,Rangareddy,Hyderabad,Residential Plot,0,0,2997,Not Applicable,North,0,39275000,Rangareddy | Kokapet
Telangana,Rangareddy,Hyderabad,Independent House,3,2,1698,Furnished,North,0,22400000,Rangareddy | Kokapet
Telangana,Kamareddy,Kamareddy,Independent House,2,2,1015,Unfurnished,West,1,2525000,Kamareddy | Banswada
Andhra Pradesh,Anantapur,Anantapur,Apartment,2,2,845,Unfurnished,North-East,12,3375000,Anantapur | Tapovanam
Telangana,Adilabad,Adilabad,Apartment,3,3,1487,Semi-Furnished,West,1,2400000,Adilabad | Bhoraj
Andhra Pradesh,Tirupati,Tirupati,Apartment,2,2,1212,Semi-Furnished,East,21,6500000,Tirupati | Leela Mahal Circle
Telangana,Jangaon,Jangaon,Independent House,2,2,1026,Unfurnished,East,2,1725000,Jangaon | Palakurthi
Telangana,Narayanpet,Narayanpet,Apartment,3,4,1731,Unfurnished,East,2,2850000,Narayanpet | Kosgi
Andhra Pradesh,Nandyal,Nandyal,Apartment,3,2,1238,Furnished,East,11,3225000,Nandyal | Dhone
Telangana,Warangal,Warangal,Independent House,3,3,1443,Semi-Furnished,North-East,5,7075000,Warangal | Mattewada
Andhra Pradesh,Sri Sathya Sai,Puttaparthi,Independent Builder Floor,3,3,1414,Unfurnished,West,10,2475000,Sri Sathya Sai | Bukkapatnam
Andhra Pradesh,Sri Potti Sriramulu Nellore,Nellore,Residential Plot,0,0,2160,Not Applicable,North,0,3775000,Sri Potti Sriramulu Nellore | Pogathota
Andhra Pradesh,Tirupati,Tirupati,Apartment,2,2,868,Unfurnished,East,10,5250000,Tirupati | Leela Mahal Circle
Andhra Pradesh,Visakhapatnam,Visakhapatnam,Apartment,3,3,1447,Unfurnished,North,0,7575000,Visakhapatnam | Marripalem
Telangana,Nalgonda,Nalgonda,Residential Plot,0,0,1350,Not Applicable,South,0,2325000,Nalgonda | Nalgonda Town
Andhra Pradesh,YSR Kadapa,Kadapa,Villa,4,4,2626,Semi-Furnished,North-East,11,8425000,YSR Kadapa | Jammalamadugu
Telangana,Jangaon,Jangaon,Apartment,3,2,1778,Semi-Furnished,East,7,2650000,Jangaon | Bachannapet
Telangana,Jangaon,Jangaon,Independent House,3,3,1824,Unfurnished,North,1,2325000,Jangaon | Zaffergadh
Telangana,Hyderabad,Hyderabad,Apartment,3,3,1505,Unfurnished,East,0,13200000,Hyderabad | Shaikpet
Andhra Pradesh,Palnadu,Narasaraopet,Independent House,3,2,1882,Unfurnished,East,4,3250000,Palnadu | Pedakurapadu
Telangana,Hyderabad,Hyderabad,Apartment,2,2,1057,Unfurnished,North,30,6025000,Hyderabad | Tarnaka
Andhra Pradesh,Sri Potti Sriramulu Nellore,Nellore,Independent House,4,5,2489,Semi-Furnished,North-East,1,7300000,Sri Potti Sriramulu Nellore | Atmakur
Telangana,Nizamabad,Nizamabad,Residential Plot,0,0,1350,Not Applicable,North,0,1050000,Nizamabad | Bheemgal
Andhra Pradesh,Dr. B.R. Ambedkar Konaseema,Amalapuram,Independent House,3,3,1580,Semi-Furnished,North-East,4,3525000,Dr. B.R. Ambedkar Konaseema | Mummidivaram
Telangana,Yadadri Bhuvanagiri,Bhongir,Independent House,3,4,1518,Unfurnished,West,17,2950000,Yadadri Bhuvanagiri | Valigonda
Telangana,Peddapalli,Peddapalli,Independent House,3,3,1194,Unfurnished,East,1,3400000,Peddapalli | Godavarikhani
Telangana,Nagarkurnool,Nagarkurnool,Villa,5,6,3683,Furnished,East,0,9900000,Nagarkurnool | Kalwakurthy
Telangana,Hyderabad,Hyderabad,Apartment,3,3,1701,Semi-Furnished,South,0,12725000,Hyderabad | Kachiguda
Andhra Pradesh,Vizianagaram,Vizianagaram,Residential Plot,0,0,3600,Not Applicable,West,0,6675000,Vizianagaram | Vizianagaram Town
Andhra Pradesh,NTR,Vijayawada,Apartment,2,3,1020,Unfurnished,North-East,0,6175000,NTR | Ajit Singh Nagar
Andhra Pradesh,Eluru,Eluru,Independent House,5,5,2405,Unfurnished,North,1,6875000,Eluru | Pedavegi
Telangana,Medchal Malkajgiri,Hyderabad,Independent House,6,6,3056,Semi-Furnished,North-East,19,13100000,Medchal Malkajgiri | Keesara
Telangana,Hyderabad,Hyderabad,Apartment,2,2,1085,Semi-Furnished,South-East,0,6975000,Hyderabad | Sanathnagar
Andhra Pradesh,Kakinada,Kakinada,Independent House,2,2,1253,Furnished,North-East,7,5900000,Kakinada | Santhi Nagar
Andhra Pradesh,NTR,Vijayawada,Apartment,2,2,1145,Unfurnished,North-East,0,4825000,NTR | Nandigama
Telangana,Karimnagar,Karimnagar,Apartment,3,3,1745,Semi-Furnished,South,2,4700000,Karimnagar | Thimmapur
Andhra Pradesh,Prakasam,Ongole,Independent House,2,3,1691,Unfurnished,East,15,5750000,Prakasam | Ongole Trunk Road
Andhra Pradesh,YSR Kadapa,Kadapa,Apartment,1,1,449,Unfurnished,North,0,900000,YSR Kadapa | Jammalamadugu
Andhra Pradesh,Anakapalli,Anakapalle,Apartment,2,3,924,Unfurnished,North-East,3,3600000,Anakapalli | Sabbavaram
Andhra Pradesh,East Godavari,Rajahmundry,Apartment,3,4,1380,Unfurnished,East,1,4075000,East Godavari | Korukonda
Telangana,Peddapalli,Peddapalli,Apartment,3,4,1834,Unfurnished,East,2,5750000,Peddapalli | Godavarikhani
Andhra Pradesh,Anantapur,Anantapur,Independent House,2,3,1224,Unfurnished,South,7,2150000,Anantapur | Kalyandurg
Andhra Pradesh,Srikakulam,Srikakulam,Residential Plot,0,0,1620,Not Applicable,East,0,2400000,Srikakulam | Arasavalli
Telangana,Vikarabad,Vikarabad,Residential Plot,0,0,2997,Not Applicable,North-East,0,2100000,Vikarabad | Marpalle
Andhra Pradesh,East Godavari,Rajahmundry,Apartment,4,4,2300,Unfurnished,North,0,6750000,East Godavari | Nidadavole
Andhra Pradesh,Krishna,Vijayawada,Apartment,2,2,1236,Unfurnished,East,0,5950000,Krishna | Tadigadapa
Andhra Pradesh,Nandyal,Nandyal,Apartment,2,2,1014,Unfurnished,East,0,1675000,Nandyal | Atmakur
Telangana,Warangal,Warangal,Apartment,2,1,1163,Unfurnished,East,0,4500000,Warangal | Mattewada
Telangana,Medak,Medak,Independent House,2,1,1580,Semi-Furnished,South,3,2550000,Medak | Ramayampet
Telangana,Hanumakonda,Hanamkonda,Villa,3,3,1759,Semi-Furnished,East,18,6125000,Hanumakonda | Kamalapur
Telangana,Mulugu,Mulugu,Independent House,2,2,1245,Semi-Furnished,North-East,22,1525000,Mulugu | Eturnagaram
Telangana,Suryapet,Suryapet,Independent House,2,2,1110,Unfurnished,North-East,18,2350000,Suryapet | Kodad
Andhra Pradesh,NTR,Vijayawada,Independent Builder Floor,2,2,874,Unfurnished,North,15,2600000,NTR | Nandigama
Andhra Pradesh,NTR,Vijayawada,Apartment,3,3,1339,Unfurnished,South,13,10475000,NTR | Benz Circle
Andhra Pradesh,NTR,Vijayawada,Villa,4,4,2530,Unfurnished,South,4,19700000,NTR | Currency Nagar
Andhra Pradesh,Kakinada,Kakinada,Apartment,2,2,938,Unfurnished,East,0,4950000,Kakinada | Jagannaickpur
Telangana,Sangareddy,Sangareddy,Residential Plot,0,0,1800,Not Applicable,North,0,5725000,Sangareddy | Sangareddy Town
Telangana,Peddapalli,Peddapalli,Residential Plot,0,0,2160,Not Applicable,West,0,3650000,Peddapalli | Peddapalli Town
Telangana,Sangareddy,Sangareddy,Apartment,4,3,1959,Unfurnished,North,0,5700000,Sangareddy | Narayankhed
Telangana,Adilabad,Adilabad,Apartment,2,2,877,Unfurnished,West,0,1375000,Adilabad | Utnoor
Andhra Pradesh,Eluru,Eluru,Residential Plot,0,0,2997,Not Applicable,North,0,4125000,Eluru | Nuzvid
Telangana,Hanumakonda,Hanamkonda,Apartment,2,3,1097,Unfurnished,North,0,5350000,Hanumakonda | Naimnagar
Andhra Pradesh,Sri Sathya Sai,Puttaparthi,Apartment,3,4,1597,Unfurnished,South-East,1,2925000,Sri Sathya Sai | Madakasira
Telangana,Medchal Malkajgiri,Hyderabad,Apartment,2,2,788,Furnished,North,7,5750000,Medchal Malkajgiri | Uppal
Telangana,Mulugu,Mulugu,Residential Plot,0,0,1800,Not Applicable,East,0,1050000,Mulugu | Tadvai
Telangana,Adilabad,Adilabad,Independent Builder Floor,3,4,1386,Unfurnished,West,4,2025000,Adilabad | Boath
Andhra Pradesh,Sri Potti Sriramulu Nellore,Nellore,Apartment,3,2,1456,Unfurnished,East,0,8425000,Sri Potti Sriramulu Nellore | Stonehousepeta
Andhra Pradesh,Chittoor,Chittoor,Residential Plot,0,0,1197,Not Applicable,West,0,1025000,Chittoor | Nagari
Andhra Pradesh,West Godavari,Bhimavaram,Independent House,3,4,1621,Semi-Furnished,North,1,5950000,West Godavari | Narsapuram
Andhra Pradesh,Eluru,Eluru,Independent Builder Floor,3,4,1530,Unfurnished,South,0,2675000,Eluru | Chintalapudi
Andhra Pradesh,Eluru,Eluru,Independent House,3,3,1727,Unfurnished,North-East,1,5325000,Eluru | Jangareddygudem
Andhra Pradesh,Prakasam,Ongole,Independent House,2,2,1053,Semi-Furnished,South,30,1825000,Prakasam | Darsi
Telangana,Medchal Malkajgiri,Hyderabad,Residential Plot,0,0,1620,Not Applicable,North,0,10575000,Medchal Malkajgiri | Uppal
Andhra Pradesh,Eluru,Eluru,Residential Plot,0,0,1197,Not Applicable,South,0,775000,Eluru | Pedapadu
Andhra Pradesh,Chittoor,Chittoor,Residential Plot,0,0,2700,Not Applicable,South,0,2325000,Chittoor | Punganur
Andhra Pradesh,Anantapur,Anantapur,Independent House,5,6,2802,Unfurnished,North,9,9825000,Anantapur | Saptagiri Circle
Telangana,Rajanna Sircilla,Sircilla,Apartment,4,5,2320,Semi-Furnished,East,5,3825000,Rajanna Sircilla | Thangallapally
Telangana,Hanumakonda,Hanamkonda,Apartment,3,3,1579,Unfurnished,East,0,4500000,Hanumakonda | Elkathurthy
Telangana,Mancherial,Mancherial,Apartment,2,2,1085,Furnished,North-East,0,2600000,Mancherial | Chennur
Telangana,Medak,Medak,Residential Plot,0,0,3600,Not Applicable,North,0,2425000,Medak | Chegunta
Telangana,Medchal Malkajgiri,Hyderabad,Apartment,3,3,1412,Semi-Furnished,North,13,11300000,Medchal Malkajgiri | KPHB
Telangana,Peddapalli,Peddapalli,Residential Plot,0,0,1197,Not Applicable,North-East,0,1050000,Peddapalli | Manthani
Andhra Pradesh,Markapuram,Markapuram,Villa,3,3,2332,Semi-Furnished,East,0,4250000,Markapuram | Racherla
Andhra Pradesh,Prakasam,Ongole,Independent House,6,5,2819,Semi-Furnished,North,1,6025000,Prakasam | Darsi
Telangana,Medak,Medak,Residential Plot,0,0,2403,Not Applicable,West,0,1450000,Medak | Shankarampet
Telangana,Hyderabad,Hyderabad,Residential Plot,0,0,1350,Not Applicable,East,0,15050000,Hyderabad | Banjara Hills
Andhra Pradesh,Krishna,Vijayawada,Independent House,4,3,2144,Semi-Furnished,East,0,12475000,Krishna | Kanuru
Andhra Pradesh,Vizianagaram,Vizianagaram,Residential Plot,0,0,2160,Not Applicable,South,0,2100000,Vizianagaram | Gajapathinagaram
Andhra Pradesh,Visakhapatnam,Visakhapatnam,Independent House,3,3,1702,Unfurnished,South,0,8950000,Visakhapatnam | Pendurthi
Telangana,Nizamabad,Nizamabad,Apartment,3,3,1432,Semi-Furnished,East,24,3225000,Nizamabad | Bodhan
Telangana,Medchal Malkajgiri,Hyderabad,Independent House,3,3,1729,Unfurnished,North,2,14725000,Medchal Malkajgiri | Malkajgiri
Andhra Pradesh,Visakhapatnam,Visakhapatnam,Apartment,3,4,1547,Unfurnished,North,1,9500000,Visakhapatnam | Madhurawada
Telangana,Nizamabad,Nizamabad,Apartment,3,3,1921,Unfurnished,East,5,4050000,Nizamabad | Bodhan
Telangana,Medak,Medak,Apartment,3,3,1485,Semi-Furnished,North,7,3375000,Medak | Narsapur
Andhra Pradesh,Kakinada,Kakinada,Independent House,2,2,1288,Semi-Furnished,North,1,8875000,Kakinada | Bhanugudi Junction
Andhra Pradesh,NTR,Vijayawada,Villa,4,5,2929,Unfurnished,South,7,11925000,NTR | Gollapudi
Telangana,Nagarkurnool,Nagarkurnool,Independent House,2,1,1432,Semi-Furnished,South-East,7,2650000,Nagarkurnool | Kollapur
Telangana,Rangareddy,Hyderabad,Villa,4,3,2986,Semi-Furnished,East,0,61350000,Rangareddy | Nanakramguda
Telangana,Rajanna Sircilla,Sircilla,Residential Plot,0,0,1620,Not Applicable,North,0,900000,Rajanna Sircilla | Boinpalli
Telangana,Nagarkurnool,Nagarkurnool,Independent House,4,4,2058,Semi-Furnished,East,1,2875000,Nagarkurnool | Lingal
Andhra Pradesh,Palnadu,Narasaraopet,Apartment,2,1,1243,Unfurnished,East,0,2600000,Palnadu | Macherla
Telangana,Medchal Malkajgiri,Hyderabad,Apartment,2,2,813,Unfurnished,North,0,4550000,Medchal Malkajgiri | Alwal
Andhra Pradesh,Eluru,Eluru,Independent House,3,2,1749,Semi-Furnished,North,6,4850000,Eluru | Jangareddygudem
Andhra Pradesh,Visakhapatnam,Visakhapatnam,Apartment,2,2,1153,Unfurnished,East,12,8750000,Visakhapatnam | Maddilapalem
Telangana,Hanumakonda,Hanamkonda,Apartment,3,3,1532,Unfurnished,North,0,8425000,Hanumakonda | Subedari
Andhra Pradesh,Annamayya,Madanapalle,Apartment,3,3,1623,Semi-Furnished,North-East,2,3225000,Annamayya | Pileru
Telangana,Hanumakonda,Hanamkonda,Independent Builder Floor,2,3,1187,Unfurnished,East,0,6350000,Hanumakonda | Naimnagar
Telangana,Siddipet,Siddipet,Independent House,5,5,2330,Semi-Furnished,South,7,3725000,Siddipet | Doultabad
Andhra Pradesh,Kakinada,Kakinada,Independent House,3,4,1391,Unfurnished,South,0,7475000,Kakinada | Rama Rao Peta
Andhra Pradesh,NTR,Vijayawada,Residential Plot,0,0,1503,Not Applicable,East,0,3900000,NTR | Auto Nagar
Telangana,Hyderabad,Hyderabad,Apartment,2,2,937,Unfurnished,South,0,6825000,Hyderabad | Sanathnagar
Telangana,Rangareddy,Hyderabad,Apartment,2,3,1093,Unfurnished,East,0,12550000,Rangareddy | Financial District
Andhra Pradesh,West Godavari,Bhimavaram,Independent House,2,2,984,Semi-Furnished,East,9,3600000,West Godavari | Tadepalligudem
Andhra Pradesh,Nandyal,Nandyal,Independent House,6,6,3081,Semi-Furnished,North-East,9,6950000,Nandyal | Allagadda
Telangana,Kamareddy,Kamareddy,Independent House,3,3,1719,Unfurnished,West,4,6600000,Kamareddy | Kamareddy Town
Telangana,Hanumakonda,Hanamkonda,Residential Plot,0,0,2997,Not Applicable,East,0,9925000,Hanumakonda | Hunter Road
Telangana,Hyderabad,Hyderabad,Apartment,1,1,428,Semi-Furnished,West,4,4150000,Hyderabad | Nampally
Telangana,Hyderabad,Hyderabad,Residential Plot,0,0,1620,Not Applicable,West,0,15825000,Hyderabad | Somajiguda
Andhra Pradesh,Srikakulam,Srikakulam,Apartment,3,3,1585,Unfurnished,East,0,4875000,Srikakulam | Palasa
Telangana,Hanumakonda,Hanamkonda,Independent Builder Floor,2,2,1007,Semi-Furnished,East,3,6025000,Hanumakonda | Hunter Road
Andhra Pradesh,West Godavari,Bhimavaram,Apartment,2,2,922,Unfurnished,East,0,3450000,West Godavari | Tadepalligudem
Andhra Pradesh,Anakapalli,Anakapalle,Independent House,2,2,1090,Unfurnished,South,7,2550000,Anakapalli | Chodavaram
Andhra Pradesh,Polavaram,Rampachodavaram,Independent House,3,4,1810,Semi-Furnished,West,24,2100000,Polavaram | Devipatnam
Andhra Pradesh,Anantapur,Anantapur,Residential Plot,0,0,2160,Not Applicable,East,0,4100000,Anantapur | Rudrampeta
Andhra Pradesh,Palnadu,Narasaraopet,Residential Plot,0,0,1620,Not Applicable,West,0,1075000,Palnadu | Pedakurapadu
Telangana,Warangal,Warangal,Independent House,5,6,2206,Semi-Furnished,North,8,5650000,Warangal | Narsampet
Telangana,Nalgonda,Nalgonda,Independent House,5,5,1948,Semi-Furnished,East,7,3900000,Nalgonda | Haliya
Telangana,Hyderabad,Hyderabad,Independent House,3,3,1675,Unfurnished,East,0,20875000,Hyderabad | Somajiguda
Telangana,Hyderabad,Hyderabad,Apartment,3,4,1211,Unfurnished,North-East,0,13175000,Hyderabad | Himayatnagar
Telangana,Jogulamba Gadwal,Gadwal,Residential Plot,0,0,2160,Not Applicable,North,0,1675000,Jogulamba Gadwal | Alampur
Telangana,Nalgonda,Nalgonda,Villa,3,3,2143,Unfurnished,East,8,5825000,Nalgonda | Devarakonda
Telangana,Kamareddy,Kamareddy,Independent House,4,5,2193,Unfurnished,South,15,7150000,Kamareddy | Kamareddy Town
Telangana,Wanaparthy,Wanaparthy,Independent House,5,5,2822,Unfurnished,North-East,3,4600000,Wanaparthy | Atmakur
Andhra Pradesh,West Godavari,Bhimavaram,Residential Plot,0,0,1197,Not Applicable,North-East,0,2075000,West Godavari | Palakollu
Telangana,Sangareddy,Sangareddy,Apartment,2,2,1127,Unfurnished,North,0,4025000,Sangareddy | Zaheerabad
Andhra Pradesh,Anakapalli,Anakapalle,Villa,5,5,3204,Unfurnished,East,1,12675000,Anakapalli | Kasimkota
Andhra Pradesh,Prakasam,Ongole,Apartment,2,1,1042,Unfurnished,North,1,3450000,Prakasam | Ongole Town
Telangana,Rangareddy,Hyderabad,Independent House,2,2,1540,Semi-Furnished,East,1,13175000,Rangareddy | LB Nagar
Andhra Pradesh,Kurnool,Kurnool,Residential Plot,0,0,1503,Not Applicable,North,0,3075000,Kurnool | Budhwarpet
Andhra Pradesh,Visakhapatnam,Visakhapatnam,Apartment,2,3,1135,Unfurnished,West,1,5900000,Visakhapatnam | Gajuwaka
Andhra Pradesh,Anakapalli,Anakapalle,Independent House,3,2,1537,Furnished,North-East,2,3550000,Anakapalli | Chodavaram
Andhra Pradesh,West Godavari,Bhimavaram,Residential Plot,0,0,1998,Not Applicable,East,0,5325000,West Godavari | Bhimavaram Town
Andhra Pradesh,Eluru,Eluru,Residential Plot,0,0,1197,Not Applicable,West,0,1425000,Eluru | Jangareddygudem
Andhra Pradesh,East Godavari,Rajahmundry,Residential Plot,0,0,1197,Not Applicable,North,0,1625000,East Godavari | Kovvur
Andhra Pradesh,Nandyal,Nandyal,Independent House,4,4,2076,Furnished,North-East,12,3600000,Nandyal | Nandikotkur
Telangana,Bhadradri Kothagudem,Kothagudem,Residential Plot,0,0,1620,Not Applicable,South-East,0,2475000,Bhadradri Kothagudem | Bhadrachalam
Telangana,Siddipet,Siddipet,Independent House,3,4,1585,Unfurnished,North-East,2,3625000,Siddipet | Cherial
Telangana,Rangareddy,Hyderabad,Residential Plot,0,0,1800,Not Applicable,East,0,8375000,Rangareddy | Shamshabad
Telangana,Mahabubnagar,Mahabubnagar,Apartment,3,2,1696,Unfurnished,West,0,2900000,Mahabubnagar | Koilkonda
Telangana,Khammam,Khammam,Villa,4,5,1928,Semi-Furnished,South,30,4500000,Khammam | Yerrupalem
Andhra Pradesh,Dr. B.R. Ambedkar Konaseema,Amalapuram,Apartment,3,3,1644,Unfurnished,North-East,0,3325000,Dr. B.R. Ambedkar Konaseema | Alamuru
Telangana,Hyderabad,Hyderabad,Apartment,4,5,2542,Semi-Furnished,East,5,20000000,Hyderabad | Mehdipatnam
Andhra Pradesh,NTR,Vijayawada,Apartment,2,3,1010,Unfurnished,West,1,8250000,NTR | Labbipet
Andhra Pradesh,Tirupati,Tirupati,Residential Plot,0,0,1800,Not Applicable,East,0,2975000,Tirupati | Sullurpeta
Telangana,Rajanna Sircilla,Sircilla,Independent House,5,5,2598,Unfurnished,South-East,30,6325000,Rajanna Sircilla | Sircilla Town
Telangana,Hyderabad,Hyderabad,Independent House,2,2,1252,Unfurnished,North-East,10,8550000,Hyderabad | Nampally
Andhra Pradesh,Markapuram,Markapuram,Residential Plot,0,0,3600,Not Applicable,East,0,4250000,Markapuram | Kanigiri
Andhra Pradesh,Visakhapatnam,Visakhapatnam,Residential Plot,0,0,2160,Not Applicable,South-East,0,5050000,Visakhapatnam | Simhachalam
Andhra Pradesh,Sri Sathya Sai,Puttaparthi,Apartment,3,3,1485,Furnished,West,1,5875000,Sri Sathya Sai | Puttaparthi Town
Telangana,Medchal Malkajgiri,Hyderabad,Independent House,2,2,879,Semi-Furnished,West,25,5500000,Medchal Malkajgiri | KPHB
Andhra Pradesh,Tirupati,Tirupati,Apartment,4,5,2416,Semi-Furnished,East,1,10825000,Tirupati | Srikalahasti
Andhra Pradesh,Anakapalli,Anakapalle,Residential Plot,0,0,1620,Not Applicable,East,0,3175000,Anakapalli | Narsipatnam
Telangana,Rajanna Sircilla,Sircilla,Residential Plot,0,0,1800,Not Applicable,North,0,2375000,Rajanna Sircilla | Vemulawada
Telangana,Nalgonda,Nalgonda,Apartment,3,4,1746,Unfurnished,North,0,4325000,Nalgonda | Chityal
Andhra Pradesh,Tirupati,Tirupati,Apartment,4,4,2354,Unfurnished,West,0,8875000,Tirupati | Gudur
Andhra Pradesh,Palnadu,Narasaraopet,Independent House,5,5,2293,Semi-Furnished,East,0,6025000,Palnadu | Macherla
Telangana,Karimnagar,Karimnagar,Apartment,3,3,1320,Unfurnished,East,0,4950000,Karimnagar | Jyothinagar
Andhra Pradesh,Anantapur,Anantapur,Villa,3,3,1500,Unfurnished,South,5,7100000,Anantapur | Rudrampeta
Andhra Pradesh,Anantapur,Anantapur,Independent Builder Floor,3,3,1322,Semi-Furnished,North,12,4250000,Anantapur | Kamala Nagar
Telangana,Hyderabad,Hyderabad,Villa,4,3,2443,Semi-Furnished,South,1,41850000,Hyderabad | Banjara Hills
Telangana,Warangal,Warangal,Villa,4,4,2424,Furnished,East,21,11100000,Warangal | Mattewada
Andhra Pradesh,Anakapalli,Anakapalle,Villa,5,4,2629,Unfurnished,West,1,14875000,Anakapalli | Sabbavaram
Telangana,Karimnagar,Karimnagar,Independent House,5,5,2397,Unfurnished,East,0,6675000,Karimnagar | Manakondur
Telangana,Medchal Malkajgiri,Hyderabad,Independent Builder Floor,3,3,1483,Unfurnished,West,0,8300000,Medchal Malkajgiri | Malkajgiri
Andhra Pradesh,Prakasam,Ongole,Independent House,3,3,2123,Unfurnished,North-East,15,7475000,Prakasam | Ongole Trunk Road
Andhra Pradesh,Alluri Sitharama Raju,Paderu,Residential Plot,0,0,2997,Not Applicable,South,0,1350000,Alluri Sitharama Raju | Dumbriguda
Telangana,Jangaon,Jangaon,Villa,3,3,1500,Unfurnished,South-East,19,2850000,Jangaon | Station Ghanpur
Telangana,Karimnagar,Karimnagar,Villa,3,3,1770,Unfurnished,North-East,27,3300000,Karimnagar | Choppadandi
Telangana,Siddipet,Siddipet,Residential Plot,0,0,2403,Not Applicable,North,0,3450000,Siddipet | Gajwel
Telangana,Hyderabad,Hyderabad,Apartment,2,2,1126,Unfurnished,East,2,11200000,Hyderabad | Yousufguda
Andhra Pradesh,Krishna,Machilipatnam,Independent House,5,5,2243,Semi-Furnished,North,26,7850000,Krishna | Gudivada
Telangana,Rangareddy,Hyderabad,Apartment,3,3,1119,Semi-Furnished,North,1,14100000,Rangareddy | Madhapur
Telangana,Nalgonda,Nalgonda,Apartment,3,3,1694,Unfurnished,East,0,3525000,Nalgonda | Nagarjuna Sagar
Andhra Pradesh,Vizianagaram,Vizianagaram,Independent House,4,4,2251,Unfurnished,East,0,8100000,Vizianagaram | Vizianagaram Town
Telangana,Khammam,Khammam,Independent House,4,4,1834,Unfurnished,West,1,3975000,Khammam | Thirumalayapalem
Telangana,Khammam,Khammam,Villa,4,4,2717,Semi-Furnished,North-East,1,16875000,Khammam | Gandhi Chowk
Andhra Pradesh,Polavaram,Rampachodavaram,Independent House,3,3,1528,Unfurnished,East,18,3025000,Polavaram | Rampachodavaram
Telangana,Peddapalli,Peddapalli,Residential Plot,0,0,4500,Not Applicable,South,0,2150000,Peddapalli | Dharmaram
Andhra Pradesh,Dr. B.R. Ambedkar Konaseema,Amalapuram,Apartment,3,2,1375,Furnished,North-East,11,3800000,Dr. B.R. Ambedkar Konaseema | Amalapuram Town
Andhra Pradesh,Kakinada,Kakinada,Apartment,1,1,425,Semi-Furnished,East,2,2050000,Kakinada | Rama Rao Peta
Telangana,Nalgonda,Nalgonda,Independent Builder Floor,2,3,1039,Unfurnished,East,0,1600000,Nalgonda | Nakrekal
Andhra Pradesh,Visakhapatnam,Visakhapatnam,Apartment,2,2,979,Unfurnished,East,0,7475000,Visakhapatnam | Kommadi
Telangana,Mahabubnagar,Mahabubnagar,Independent House,2,1,1396,Unfurnished,North-East,1,3200000,Mahabubnagar | Bhoothpur
Telangana,Wanaparthy,Wanaparthy,Independent Builder Floor,2,3,1030,Semi-Furnished,East,0,3000000,Wanaparthy | Wanaparthy Town
Telangana,Warangal,Warangal,Independent House,3,4,1575,Semi-Furnished,East,13,5375000,Warangal | Khila Warangal
Andhra Pradesh,Bapatla,Bapatla,Residential Plot,0,0,4500,Not Applicable,East,0,4025000,Bapatla | Parchur
Andhra Pradesh,Guntur,Amaravati,Residential Plot,0,0,1800,Not Applicable,West,0,5125000,Guntur | Tadepalle
Andhra Pradesh,Chittoor,Chittoor,Apartment,3,3,1776,Unfurnished,East,4,4750000,Chittoor | Nagari
Andhra Pradesh,Sri Sathya Sai,Puttaparthi,Residential Plot,0,0,1800,Not Applicable,East,0,1800000,Sri Sathya Sai | Penukonda
Andhra Pradesh,Srikakulam,Srikakulam,Residential Plot,0,0,1800,Not Applicable,North-East,0,2400000,Srikakulam | Ichchapuram
Andhra Pradesh,Guntur,Guntur,Apartment,3,3,1731,Unfurnished,South-East,0,7525000,Guntur | Tenali
Andhra Pradesh,Guntur,Amaravati,Apartment,3,2,1420,Unfurnished,North,3,7000000,Guntur | Vaddeswaram
Telangana,Jayashankar Bhupalpally,Bhupalpally,Independent House,3,3,1744,Unfurnished,North,10,6475000,Jayashankar Bhupalpally | Bhupalpally Town
Andhra Pradesh,Krishna,Machilipatnam,Apartment,3,4,1243,Semi-Furnished,North,6,4000000,Krishna | Unguturu
Andhra Pradesh,Visakhapatnam,Visakhapatnam,Independent House,4,4,2295,Semi-Furnished,North-East,3,12875000,Visakhapatnam | Marripalem
Telangana,Karimnagar,Karimnagar,Residential Plot,0,0,900,Not Applicable,East,0,1975000,Karimnagar | Jyothinagar
Andhra Pradesh,Eluru,Eluru,Residential Plot,0,0,2160,Not Applicable,North,0,3525000,Eluru | Eluru Town
Telangana,Suryapet,Suryapet,Apartment,3,3,1288,Furnished,North,11,4875000,Suryapet | Suryapet Town
Andhra Pradesh,Srikakulam,Srikakulam,Residential Plot,0,0,1800,Not Applicable,South-East,0,2800000,Srikakulam | Srikakulam Town
Andhra Pradesh,Prakasam,Ongole,Independent House,4,4,1952,Furnished,South,1,4325000,Prakasam | Chimakurthi
Telangana,Warangal,Warangal,Independent Builder Floor,3,3,1458,Unfurnished,North-East,5,3625000,Warangal | Wardhannapet
Telangana,Rajanna Sircilla,Sircilla,Residential Plot,0,0,1800,Not Applicable,East,0,2025000,Rajanna Sircilla | Vemulawada
Andhra Pradesh,Palnadu,Narasaraopet,Residential Plot,0,0,3600,Not Applicable,West,0,2475000,Palnadu | Dachepalle
Andhra Pradesh,NTR,Vijayawada,Apartment,3,4,1497,Semi-Furnished,East,3,9325000,NTR | Gunadala
Andhra Pradesh,Visakhapatnam,Visakhapatnam,Apartment,2,3,1062,Unfurnished,South,10,8450000,Visakhapatnam | Sagar Nagar
Andhra Pradesh,Anakapalli,Anakapalle,Residential Plot,0,0,1800,Not Applicable,East,0,2050000,Anakapalli | Kasimkota
Telangana,Hyderabad,Hyderabad,Independent House,2,1,1240,Semi-Furnished,South,15,11200000,Hyderabad | Begumpet
Telangana,Hyderabad,Hyderabad,Apartment,3,3,2063,Semi-Furnished,North-East,4,22925000,Hyderabad | Himayatnagar
Andhra Pradesh,YSR Kadapa,Kadapa,Residential Plot,0,0,1998,Not Applicable,West,0,2525000,YSR Kadapa | Proddatur
Andhra Pradesh,Guntur,Guntur,Residential Plot,0,0,1503,Not Applicable,West,0,1825000,Guntur | Ponnur
Telangana,Nizamabad,Nizamabad,Independent House,4,4,1950,Unfurnished,West,1,4100000,Nizamabad | Bheemgal
Telangana,Medchal Malkajgiri,Hyderabad,Apartment,2,3,1211,Semi-Furnished,East,14,6525000,Medchal Malkajgiri | Bowrampet
Telangana,Wanaparthy,Wanaparthy,Apartment,2,3,1021,Furnished,North-East,2,1875000,Wanaparthy | Gopalpeta
Andhra Pradesh,Visakhapatnam,Visakhapatnam,Villa,4,4,2377,Furnished,North,0,27175000,Visakhapatnam | Madhurawada
Andhra Pradesh,Guntur,Guntur,Independent House,3,3,1568,Semi-Furnished,East,0,6625000,Guntur | Nallapadu
Telangana,Medchal Malkajgiri,Hyderabad,Apartment,3,3,1351,Unfurnished,East,0,9175000,Medchal Malkajgiri | Kapra
Andhra Pradesh,YSR Kadapa,Kadapa,Residential Plot,0,0,2997,Not Applicable,North,0,2525000,YSR Kadapa | Badvel
Telangana,Nalgonda,Nalgonda,Residential Plot,0,0,1800,Not Applicable,South,0,1325000,Nalgonda | Nakrekal
Andhra Pradesh,Eluru,Eluru,Independent House,3,4,1462,Unfurnished,East,30,4100000,Eluru | Eluru Town
Andhra Pradesh,YSR Kadapa,Kadapa,Apartment,2,3,1134,Unfurnished,South-East,9,2350000,YSR Kadapa | Mydukur
Telangana,Medchal Malkajgiri,Hyderabad,Independent House,2,1,1248,Unfurnished,North-East,1,8525000,Medchal Malkajgiri | Kapra
Andhra Pradesh,Markapuram,Markapuram,Independent House,4,4,2003,Unfurnished,West,16,3050000,Markapuram | Cumbum
Andhra Pradesh,Visakhapatnam,Visakhapatnam,Apartment,2,2,922,Unfurnished,West,2,7700000,Visakhapatnam | Yendada
Telangana,Rangareddy,Hyderabad,Apartment,3,3,1494,Furnished,South-East,0,11750000,Rangareddy | Tukkuguda
Telangana,Wanaparthy,Wanaparthy,Independent House,3,3,1789,Semi-Furnished,North,4,2875000,Wanaparthy | Amarchinta
Telangana,Hyderabad,Hyderabad,Residential Plot,0,0,1503,Not Applicable,South-East,0,12875000,Hyderabad | Somajiguda
Andhra Pradesh,Annamayya,Madanapalle,Independent House,3,3,1681,Semi-Furnished,North,4,3050000,Annamayya | Kalakada
Telangana,Nagarkurnool,Nagarkurnool,Independent House,4,4,2222,Unfurnished,North,9,6875000,Nagarkurnool | Nagarkurnool Town
Andhra Pradesh,Anakapalli,Anakapalle,Independent House,6,7,3000,Furnished,West,2,11500000,Anakapalli | Sabbavaram
Andhra Pradesh,Guntur,Amaravati,Apartment,2,2,928,Unfurnished,West,0,5600000,Guntur | Mangalagiri
Andhra Pradesh,Tirupati,Tirupati,Independent House,4,4,2045,Unfurnished,North,6,14550000,Tirupati | Air Bypass Road
Telangana,Rangareddy,Hyderabad,Villa,4,4,3143,Semi-Furnished,North,5,51625000,Rangareddy | Nallagandla
Telangana,Nizamabad,Nizamabad,Independent House,3,3,1699,Unfurnished,North-East,16,2725000,Nizamabad | Balkonda
Telangana,Hyderabad,Hyderabad,Residential Plot,0,0,1197,Not Applicable,East,0,5925000,Hyderabad | Kachiguda
Telangana,Jayashankar Bhupalpally,Bhupalpally,Independent House,3,4,1981,Unfurnished,East,1,5975000,Jayashankar Bhupalpally | Bhupalpally Town
Andhra Pradesh,Vizianagaram,Vizianagaram,Residential Plot,0,0,1620,Not Applicable,West,0,2500000,Vizianagaram | Ayyannapeta
Telangana,Medchal Malkajgiri,Hyderabad,Residential Plot,0,0,2403,Not Applicable,South,0,11600000,Medchal Malkajgiri | Pragathi Nagar
Telangana,Jagtial,Jagtial,Apartment,2,3,1150,Semi-Furnished,East,0,3175000,Jagtial | Korutla
Telangana,Kamareddy,Kamareddy,Independent House,5,5,2446,Semi-Furnished,East,8,8500000,Kamareddy | Kamareddy Town
Andhra Pradesh,Kakinada,Kakinada,Independent House,2,1,1081,Furnished,East,0,5575000,Kakinada | Rama Rao Peta
Andhra Pradesh,Guntur,Amaravati,Apartment,3,3,1586,Unfurnished,West,1,8675000,Guntur | Tadepalle
Andhra Pradesh,West Godavari,Bhimavaram,Apartment,3,3,1110,Furnished,North,4,3450000,West Godavari | Tadepalligudem
Andhra Pradesh,Visakhapatnam,Visakhapatnam,Apartment,3,2,1383,Furnished,West,12,4650000,Visakhapatnam | Thagarapuvalasa
Andhra Pradesh,East Godavari,Rajahmundry,Apartment,1,1,520,Unfurnished,East,0,1900000,East Godavari | Diwan Cheruvu
Andhra Pradesh,Sri Potti Sriramulu Nellore,Nellore,Independent House,4,5,1919,Unfurnished,East,4,9100000,Sri Potti Sriramulu Nellore | Trunk Road
Telangana,Medchal Malkajgiri,Hyderabad,Residential Plot,0,0,2160,Not Applicable,North-East,0,10100000,Medchal Malkajgiri | Uppal
Andhra Pradesh,Bapatla,Bapatla,Independent House,2,2,1353,Unfurnished,South-East,30,1800000,Bapatla | Parchur
Telangana,Hyderabad,Hyderabad,Independent Builder Floor,2,2,898,Unfurnished,North,0,7750000,Hyderabad | Ameerpet
Telangana,Hanumakonda,Hanamkonda,Apartment,3,3,1468,Semi-Furnished,North,0,7100000,Hanumakonda | Kazipet
Telangana,Vikarabad,Vikarabad,Apartment,2,2,930,Furnished,West,9,2175000,Vikarabad | Kodangal
Andhra Pradesh,Visakhapatnam,Visakhapatnam,Independent House,3,3,1596,Unfurnished,East,1,14925000,Visakhapatnam | MVP Colony
Telangana,Mulugu,Mulugu,Apartment,1,1,496,Unfurnished,East,5,1425000,Mulugu | Mulugu Town
Andhra Pradesh,Annamayya,Madanapalle,Apartment,2,1,1144,Unfurnished,West,0,3525000,Annamayya | Madanapalle Town
Telangana,Kamareddy,Kamareddy,Apartment,2,2,1045,Unfurnished,South,0,1625000,Kamareddy | Machareddy
Telangana,Warangal,Warangal,Apartment,3,3,1693,Unfurnished,North-East,0,5075000,Warangal | Rangashaipet
Telangana,Medchal Malkajgiri,Hyderabad,Residential Plot,0,0,2403,Not Applicable,North-East,0,12375000,Medchal Malkajgiri | Kompally
Telangana,Jagtial,Jagtial,Independent House,2,2,891,Unfurnished,West,4,1425000,Jagtial | Mallial
Andhra Pradesh,Sri Sathya Sai,Puttaparthi,Residential Plot,0,0,1998,Not Applicable,East,0,2625000,Sri Sathya Sai | Hindupur
Andhra Pradesh,Guntur,Guntur,Apartment,2,1,1128,Furnished,South,0,4750000,Guntur | Tenali
Telangana,Warangal,Warangal,Apartment,3,3,1806,Unfurnished,North,1,7250000,Warangal | Mattewada
Andhra Pradesh,Guntur,Guntur,Apartment,3,3,1395,Furnished,North-East,1,8000000,Guntur | Kothapet
Andhra Pradesh,West Godavari,Bhimavaram,Independent House,3,3,2063,Unfurnished,West,6,6125000,West Godavari | Narsapuram
Telangana,Nalgonda,Nalgonda,Residential Plot,0,0,2403,Not Applicable,West,0,2100000,Nalgonda | Nakrekal
Andhra Pradesh,Tirupati,Tirupati,Apartment,3,4,1453,Semi-Furnished,North-East,1,8225000,Tirupati | Korlagunta
Andhra Pradesh,Vizianagaram,Vizianagaram,Independent House,3,4,1615,Semi-Furnished,North-East,0,7200000,Vizianagaram | Ayyannapeta
Telangana,Adilabad,Adilabad,Independent House,6,5,2887,Semi-Furnished,North,6,4625000,Adilabad | Talamadugu
Andhra Pradesh,East Godavari,Rajahmundry,Independent House,6,6,2972,Semi-Furnished,West,4,14600000,East Godavari | Morampudi
Telangana,Nalgonda,Nalgonda,Apartment,4,4,2539,Unfurnished,North-East,1,4800000,Nalgonda | Nakrekal
Andhra Pradesh,NTR,Vijayawada,Independent Builder Floor,3,3,1399,Unfurnished,North,8,8225000,NTR | Labbipet
Andhra Pradesh,Parvathipuram Manyam,Parvathipuram,Apartment,3,4,1397,Unfurnished,West,1,4325000,Parvathipuram Manyam | Salur
Telangana,Siddipet,Siddipet,Apartment,2,2,997,Semi-Furnished,East,0,3050000,Siddipet | Husnabad
Telangana,Medchal Malkajgiri,Hyderabad,Independent House,3,4,1313,Semi-Furnished,North,20,9000000,Medchal Malkajgiri | Uppal
Andhra Pradesh,Bapatla,Bapatla,Independent House,2,2,1245,Semi-Furnished,North-East,7,5250000,Bapatla | Bapatla Town
Telangana,Suryapet,Suryapet,Independent House,3,3,1809,Semi-Furnished,North-East,1,6000000,Suryapet | Suryapet Town
Telangana,Rangareddy,Hyderabad,Independent House,6,6,2934,Semi-Furnished,East,6,27325000,Rangareddy | Narsingi
Telangana,Medchal Malkajgiri,Hyderabad,Independent House,3,3,1663,Unfurnished,South,16,9100000,Medchal Malkajgiri | Kapra
Telangana,Jagtial,Jagtial,Residential Plot,0,0,1800,Not Applicable,South,0,1250000,Jagtial | Dharmapuri
Andhra Pradesh,Tirupati,Tirupati,Residential Plot,0,0,900,Not Applicable,East,0,1825000,Tirupati | Chandragiri
Telangana,Medchal Malkajgiri,Hyderabad,Villa,4,5,2424,Unfurnished,West,1,20675000,Medchal Malkajgiri | Bachupally
Telangana,Siddipet,Siddipet,Independent House,4,4,1749,Unfurnished,North-East,0,8150000,Siddipet | Siddipet Town
Telangana,Mancherial,Mancherial,Independent House,3,3,1712,Unfurnished,East,10,4325000,Mancherial | Bellampalli
Telangana,Hyderabad,Hyderabad,Apartment,3,3,1557,Unfurnished,North,0,11625000,Hyderabad | Malakpet
Andhra Pradesh,East Godavari,Rajahmundry,Apartment,2,2,1005,Unfurnished,South,0,2625000,East Godavari | Gokavaram
Telangana,Rangareddy,Hyderabad,Apartment,2,2,1004,Semi-Furnished,East,10,7050000,Rangareddy | Adibatla
Telangana,Karimnagar,Karimnagar,Independent House,3,3,1795,Semi-Furnished,North,2,8650000,Karimnagar | Jyothinagar
Telangana,Jangaon,Jangaon,Residential Plot,0,0,2403,Not Applicable,North,0,4200000,Jangaon | Jangaon Town
Andhra Pradesh,Chittoor,Chittoor,Independent House,3,2,1941,Unfurnished,North-East,25,6325000,Chittoor | Chittoor Town
Telangana,Medchal Malkajgiri,Hyderabad,Apartment,3,2,1616,Semi-Furnished,North,7,14750000,Medchal Malkajgiri | Kukatpally
Telangana,Warangal,Warangal,Apartment,2,2,961,Unfurnished,North,0,1900000,Warangal | Sangem
Andhra Pradesh,Guntur,Amaravati,Residential Plot,0,0,1620,Not Applicable,North,0,4700000,Guntur | Mangalagiri
Andhra Pradesh,Sri Sathya Sai,Puttaparthi,Apartment,3,4,1479,Unfurnished,North,2,4300000,Sri Sathya Sai | Hindupur
Telangana,Hyderabad,Hyderabad,Residential Plot,0,0,1350,Not Applicable,North,0,5875000,Hyderabad | Malakpet
Andhra Pradesh,Visakhapatnam,Visakhapatnam,Independent House,3,3,1452,Semi-Furnished,West,3,7725000,Visakhapatnam | Akkayyapalem
Telangana,Vikarabad,Vikarabad,Residential Plot,0,0,1350,Not Applicable,South-East,0,1850000,Vikarabad | Tandur
Telangana,Kumuram Bheem Asifabad,Asifabad,Residential Plot,0,0,900,Not Applicable,South,0,750000,Kumuram Bheem Asifabad | Kagaznagar
Andhra Pradesh,NTR,Vijayawada,Apartment,2,2,1019,Unfurnished,North,0,5000000,NTR | Gunadala
Andhra Pradesh,Visakhapatnam,Visakhapatnam,Independent Builder Floor,3,3,1145,Unfurnished,East,0,8600000,Visakhapatnam | Yendada
Andhra Pradesh,Sri Potti Sriramulu Nellore,Nellore,Apartment,2,2,941,Unfurnished,North,0,5525000,Sri Potti Sriramulu Nellore | Balaji Nagar
Telangana,Rangareddy,Hyderabad,Apartment,3,3,1626,Furnished,East,4,17800000,Rangareddy | Nallagandla
Telangana,Kumuram Bheem Asifabad,Asifabad,Villa,3,2,1943,Unfurnished,East,14,4350000,Kumuram Bheem Asifabad | Kagaznagar
Telangana,Mulugu,Mulugu,Independent House,4,3,2308,Semi-Furnished,North-East,9,3125000,Mulugu | Eturnagaram
Andhra Pradesh,Sri Sathya Sai,Puttaparthi,Villa,3,4,2172,Unfurnished,South,7,8575000,Sri Sathya Sai | Hindupur
Andhra Pradesh,East Godavari,Rajahmundry,Residential Plot,0,0,1620,Not Applicable,West,0,2175000,East Godavari | Anaparthi
Telangana,Hyderabad,Hyderabad,Apartment,1,1,549,Unfurnished,West,4,4950000,Hyderabad | Secunderabad
Andhra Pradesh,Visakhapatnam,Visakhapatnam,Independent House,3,3,1948,Furnished,West,5,16575000,Visakhapatnam | Dwaraka Nagar
Andhra Pradesh,Anantapur,Anantapur,Independent House,3,3,1476,Unfurnished,East,12,2325000,Anantapur | Singanamala
Telangana,Hyderabad,Hyderabad,Independent Builder Floor,3,3,1397,Unfurnished,East,3,20225000,Hyderabad | Jubilee Hills
Andhra Pradesh,Visakhapatnam,Visakhapatnam,Residential Plot,0,0,1197,Not Applicable,South-East,0,2600000,Visakhapatnam | Gajuwaka
Telangana,Nizamabad,Nizamabad,Independent House,5,5,2538,Semi-Furnished,West,0,9325000,Nizamabad | Vinayak Nagar
Andhra Pradesh,East Godavari,Rajahmundry,Independent Builder Floor,3,3,1560,Semi-Furnished,North-East,2,6250000,East Godavari | Bommuru
Andhra Pradesh,Chittoor,Chittoor,Independent Builder Floor,3,3,1461,Semi-Furnished,South-East,14,2750000,Chittoor | Punganur
Andhra Pradesh,YSR Kadapa,Kadapa,Independent House,5,6,2181,Unfurnished,North,24,5425000,YSR Kadapa | Pulivendula
Telangana,Bhadradri Kothagudem,Kothagudem,Apartment,3,3,1738,Unfurnished,North-East,0,4150000,Bhadradri Kothagudem | Manuguru
Andhra Pradesh,Sri Potti Sriramulu Nellore,Nellore,Apartment,2,2,649,Unfurnished,North,3,3175000,Sri Potti Sriramulu Nellore | Vedayapalem
Andhra Pradesh,Eluru,Eluru,Apartment,3,3,1534,Semi-Furnished,East,0,3025000,Eluru | Kaikaluru
Andhra Pradesh,Annamayya,Madanapalle,Independent House,3,3,1367,Unfurnished,West,9,1750000,Annamayya | Chitvel
Telangana,Mahabubabad,Mahabubabad,Residential Plot,0,0,1350,Not Applicable,North,0,2225000,Mahabubabad | Mahabubabad Town
Andhra Pradesh,Markapuram,Markapuram,Apartment,1,2,477,Unfurnished,East,0,850000,Markapuram | Yerragondapalem
Andhra Pradesh,Sri Sathya Sai,Puttaparthi,Villa,3,3,1759,Semi-Furnished,North,11,7225000,Sri Sathya Sai | Hindupur
Telangana,Medchal Malkajgiri,Hyderabad,Apartment,3,3,1381,Unfurnished,North,5,9775000,Medchal Malkajgiri | Kompally
Andhra Pradesh,Guntur,Guntur,Independent House,3,3,1642,Unfurnished,North-East,0,8125000,Guntur | Vidya Nagar
Andhra Pradesh,Bapatla,Bapatla,Villa,4,3,2716,Furnished,East,2,12700000,Bapatla | Chirala
Andhra Pradesh,Dr. B.R. Ambedkar Konaseema,Amalapuram,Residential Plot,0,0,1503,Not Applicable,East,0,1750000,Dr. B.R. Ambedkar Konaseema | Ravulapalem
Andhra Pradesh,Guntur,Guntur,Independent House,3,3,2015,Unfurnished,South,0,10825000,Guntur | Arundelpet
Andhra Pradesh,Kakinada,Kakinada,Villa,3,3,1500,Unfurnished,West,4,10675000,Kakinada | Jagannaickpur
Telangana,Hyderabad,Hyderabad,Residential Plot,0,0,2700,Not Applicable,North,0,20300000,Hyderabad | Begumpet
Andhra Pradesh,West Godavari,Bhimavaram,Independent House,3,3,1979,Semi-Furnished,East,5,5700000,West Godavari | Palakollu
Telangana,Peddapalli,Peddapalli,Independent House,4,5,2269,Unfurnished,North,13,5000000,Peddapalli | Ramagundam
Andhra Pradesh,NTR,Vijayawada,Apartment,2,3,1037,Unfurnished,North,0,5900000,NTR | Ajit Singh Nagar
Telangana,Warangal,Warangal,Independent House,3,4,1948,Semi-Furnished,North-East,6,5100000,Warangal | Sangem
Andhra Pradesh,Sri Sathya Sai,Puttaparthi,Residential Plot,0,0,1620,Not Applicable,South-East,0,2450000,Sri Sathya Sai | Hindupur
Andhra Pradesh,Kakinada,Kakinada,Independent House,4,5,2282,Unfurnished,North,4,9850000,Kakinada | Vakalapudi
Telangana,Mahabubabad,Mahabubabad,Residential Plot,0,0,1197,Not Applicable,South,0,600000,Mahabubabad | Narsimhulapet
Andhra Pradesh,NTR,Vijayawada,Apartment,3,4,1450,Semi-Furnished,North,4,7150000,NTR | Gollapudi
Andhra Pradesh,Annamayya,Madanapalle,Apartment,4,4,2595,Semi-Furnished,North-East,1,5825000,Annamayya | Pileru
Telangana,Rangareddy,Hyderabad,Independent Builder Floor,2,3,905,Unfurnished,West,1,10875000,Rangareddy | Gachibowli
Andhra Pradesh,Dr. B.R. Ambedkar Konaseema,Amalapuram,Residential Plot,0,0,1800,Not Applicable,North-East,0,2925000,Dr. B.R. Ambedkar Konaseema | Amalapuram Town
Andhra Pradesh,Palnadu,Narasaraopet,Apartment,1,1,539,Semi-Furnished,North-East,1,1100000,Palnadu | Dachepalle
Telangana,Rajanna Sircilla,Sircilla,Independent House,3,4,1776,Furnished,East,2,6800000,Rajanna Sircilla | Sircilla Town
Andhra Pradesh,Palnadu,Narasaraopet,Residential Plot,0,0,2997,Not Applicable,West,0,4450000,Palnadu | Chilakaluripet
Telangana,Hyderabad,Hyderabad,Apartment,3,3,1341,Unfurnished,West,14,17725000,Hyderabad | Jubilee Hills
Andhra Pradesh,Anantapur,Anantapur,Apartment,2,3,818,Unfurnished,South,10,1600000,Anantapur | Guntakal
Andhra Pradesh,YSR Kadapa,Kadapa,Independent House,2,1,1265,Semi-Furnished,North,1,2575000,YSR Kadapa | Kamalapuram
Andhra Pradesh,Parvathipuram Manyam,Parvathipuram,Independent House,3,3,1583,Unfurnished,North-East,30,2425000,Parvathipuram Manyam | Veeraghattam
Andhra Pradesh,Eluru,Eluru,Apartment,4,5,2329,Unfurnished,North-East,0,5625000,Eluru | Chintalapudi
Telangana,Peddapalli,Peddapalli,Residential Plot,0,0,1620,Not Applicable,South,0,1225000,Peddapalli | Manthani
Andhra Pradesh,Visakhapatnam,Visakhapatnam,Independent House,4,4,2103,Semi-Furnished,North,1,19050000,Visakhapatnam | MVP Colony
Telangana,Vikarabad,Vikarabad,Residential Plot,0,0,1620,Not Applicable,South-East,0,3125000,Vikarabad | Vikarabad Town
Telangana,Hyderabad,Hyderabad,Apartment,4,5,2240,Unfurnished,South,0,14900000,Hyderabad | Mehdipatnam
Andhra Pradesh,Bapatla,Bapatla,Independent House,3,3,1584,Unfurnished,North-East,11,3375000,Bapatla | Martur
Andhra Pradesh,Markapuram,Markapuram,Villa,4,5,2522,Furnished,South,1,5675000,Markapuram | Tarlupadu
Andhra Pradesh,Nandyal,Nandyal,Apartment,1,1,613,Unfurnished,North,0,1175000,Nandyal | Atmakur
Andhra Pradesh,Kakinada,Kakinada,Residential Plot,0,0,2997,Not Applicable,East,0,3925000,Kakinada | Peddapuram
Telangana,Rangareddy,Hyderabad,Independent House,4,4,2085,Semi-Furnished,East,23,13650000,Rangareddy | Rajendranagar
Andhra Pradesh,Polavaram,Rampachodavaram,Residential Plot,0,0,1350,Not Applicable,South,0,1600000,Polavaram | Rampachodavaram
Telangana,Rangareddy,Hyderabad,Apartment,3,3,1481,Unfurnished,East,2,9375000,Rangareddy | Hayathnagar
Andhra Pradesh,NTR,Vijayawada,Apartment,3,3,1549,Unfurnished,South,0,8425000,NTR | Ajit Singh Nagar
Andhra Pradesh,Visakhapatnam,Visakhapatnam,Independent House,3,4,1801,Furnished,North-East,1,17450000,Visakhapatnam | Maddilapalem
Andhra Pradesh,Visakhapatnam,Visakhapatnam,Independent House,4,3,2106,Semi-Furnished,North,8,18700000,Visakhapatnam | Rushikonda
Andhra Pradesh,West Godavari,Bhimavaram,Apartment,3,3,1966,Semi-Furnished,East,0,5575000,West Godavari | Attili
Andhra Pradesh,Prakasam,Ongole,Independent House,2,3,1075,Unfurnished,North-East,16,1925000,Prakasam | Kondepi
Andhra Pradesh,Krishna,Vijayawada,Independent House,3,3,1640,Unfurnished,North,1,6425000,Krishna | Penamaluru
Andhra Pradesh,Vizianagaram,Vizianagaram,Apartment,4,3,2212,Unfurnished,West,1,6300000,Vizianagaram | Nellimarla
Telangana,Karimnagar,Karimnagar,Independent House,2,2,1178,Unfurnished,East,14,4300000,Karimnagar | Ramnagar
Telangana,Rangareddy,Hyderabad,Independent Builder Floor,3,3,1492,Unfurnished,North-East,1,10975000,Rangareddy | Adibatla
Andhra Pradesh,Visakhapatnam,Visakhapatnam,Apartment,2,2,782,Unfurnished,South,1,5050000,Visakhapatnam | Madhurawada
Telangana,Jogulamba Gadwal,Gadwal,Villa,4,4,2276,Semi-Furnished,East,9,5950000,Jogulamba Gadwal | Alampur
Andhra Pradesh,Sri Sathya Sai,Puttaparthi,Villa,3,3,2302,Furnished,North,1,6250000,Sri Sathya Sai | Bukkapatnam
Andhra Pradesh,Anantapur,Anantapur,Independent House,3,3,1510,Semi-Furnished,North,16,2250000,Anantapur | Singanamala
Andhra Pradesh,Annamayya,Madanapalle,Villa,4,4,2599,Semi-Furnished,East,2,9525000,Annamayya | Rajampet
Andhra Pradesh,Krishna,Vijayawada,Independent House,4,5,1907,Unfurnished,West,10,8300000,Krishna | Gannavaram
Telangana,Nizamabad,Nizamabad,Residential Plot,0,0,3600,Not Applicable,North-East,0,4125000,Nizamabad | Bodhan
Andhra Pradesh,Palnadu,Narasaraopet,Apartment,3,3,1642,Furnished,West,9,5525000,Palnadu | Narasaraopet Town
Telangana,Khammam,Khammam,Apartment,3,3,1872,Unfurnished,North,16,6725000,Khammam | Wyra Road
Telangana,Hanumakonda,Hanamkonda,Apartment,2,1,860,Unfurnished,West,0,2700000,Hanumakonda | Parkal
Telangana,Peddapalli,Peddapalli,Residential Plot,0,0,1503,Not Applicable,North,0,950000,Peddapalli | Manthani
Telangana,Mahabubabad,Mahabubabad,Residential Plot,0,0,1800,Not Applicable,East,0,2900000,Mahabubabad | Mahabubabad Town
Telangana,Bhadradri Kothagudem,Kothagudem,Independent House,4,4,1983,Unfurnished,East,0,7625000,Bhadradri Kothagudem | Kothagudem Town
Andhra Pradesh,Dr. B.R. Ambedkar Konaseema,Amalapuram,Apartment,3,3,1430,Unfurnished,East,0,3150000,Dr. B.R. Ambedkar Konaseema | Alamuru
Telangana,Rangareddy,Hyderabad,Residential Plot,0,0,2700,Not Applicable,West,0,13175000,Rangareddy | Mokila
Andhra Pradesh,NTR,Vijayawada,Apartment,3,3,1726,Unfurnished,South,0,8875000,NTR | Ajit Singh Nagar
Andhra Pradesh,Visakhapatnam,Visakhapatnam,Apartment,3,3,1490,Unfurnished,North,0,5225000,Visakhapatnam | Thagarapuvalasa
Andhra Pradesh,NTR,Vijayawada,Residential Plot,0,0,1197,Not Applicable,East,0,6175000,NTR | MG Road
Telangana,Hyderabad,Hyderabad,Apartment,2,3,1015,Semi-Furnished,South,0,8125000,Hyderabad | Habsiguda
Telangana,Khammam,Khammam,Residential Plot,0,0,1350,Not Applicable,North,0,3150000,Khammam | Gandhi Chowk
Andhra Pradesh,East Godavari,Rajahmundry,Apartment,2,2,1123,Unfurnished,West,9,2625000,East Godavari | Seethanagaram
Telangana,Rangareddy,Hyderabad,Independent House,5,4,2764,Unfurnished,North-East,0,21200000,Rangareddy | Mokila
Telangana,Khammam,Khammam,Villa,4,4,2167,Furnished,East,0,6850000,Khammam | Thirumalayapalem
Telangana,Rangareddy,Hyderabad,Apartment,3,3,1650,Unfurnished,South-East,0,21050000,Rangareddy | Gachibowli
Andhra Pradesh,Vizianagaram,Vizianagaram,Residential Plot,0,0,2160,Not Applicable,North-East,0,4675000,Vizianagaram | Vizianagaram Town
Andhra Pradesh,NTR,Vijayawada,Independent House,4,4,2098,Unfurnished,East,0,10450000,NTR | Ibrahimpatnam
Andhra Pradesh,Krishna,Machilipatnam,Villa,3,4,1694,Semi-Furnished,North-East,5,6200000,Krishna | Unguturu
Telangana,Jagtial,Jagtial,Apartment,4,4,1949,Unfurnished,East,6,7125000,Jagtial | Jagtial Town
Telangana,Sangareddy,Hyderabad,Apartment,3,2,1510,Unfurnished,South,1,11300000,Sangareddy | Tellapur
Telangana,Suryapet,Suryapet,Apartment,2,3,1193,Unfurnished,North,5,3825000,Suryapet | Suryapet Town
Andhra Pradesh,Sri Sathya Sai,Puttaparthi,Independent House,4,5,2229,Semi-Furnished,West,3,5600000,Sri Sathya Sai | Dharmavaram
Andhra Pradesh,East Godavari,Rajahmundry,Residential Plot,0,0,1350,Not Applicable,East,0,1975000,East Godavari | Rajanagaram
Andhra Pradesh,Sri Sathya Sai,Puttaparthi,Residential Plot,0,0,1197,Not Applicable,North-East,0,1600000,Sri Sathya Sai | Dharmavaram
Andhra Pradesh,NTR,Vijayawada,Apartment,2,2,980,Unfurnished,West,8,4500000,NTR | Ajit Singh Nagar
Andhra Pradesh,NTR,Vijayawada,Apartment,1,2,488,Unfurnished,North-East,0,3125000,NTR | Currency Nagar
Telangana,Hyderabad,Hyderabad,Residential Plot,0,0,2997,Not Applicable,South-East,0,17050000,Hyderabad | Habsiguda
Andhra Pradesh,YSR Kadapa,Kadapa,Residential Plot,0,0,4500,Not Applicable,West,0,5975000,YSR Kadapa | Yerramukkapalli
Telangana,Jangaon,Jangaon,Independent House,6,6,3232,Semi-Furnished,East,4,4650000,Jangaon | Bachannapet
Andhra Pradesh,Visakhapatnam,Visakhapatnam,Apartment,3,3,1395,Unfurnished,West,0,6200000,Visakhapatnam | Gajuwaka
Andhra Pradesh,Bapatla,Bapatla,Villa,3,3,1948,Semi-Furnished,East,6,9775000,Bapatla | Bapatla Town
Telangana,Hanumakonda,Hanamkonda,Independent House,5,6,2688,Semi-Furnished,North,1,11825000,Hanumakonda | Balasamudram
Telangana,Rangareddy,Hyderabad,Residential Plot,0,0,1503,Not Applicable,West,0,17325000,Rangareddy | Kokapet
Andhra Pradesh,Sri Potti Sriramulu Nellore,Nellore,Independent House,5,5,2356,Semi-Furnished,North,1,8950000,Sri Potti Sriramulu Nellore | Kavali
Andhra Pradesh,Dr. B.R. Ambedkar Konaseema,Amalapuram,Independent House,4,4,1707,Unfurnished,North-East,9,2675000,Dr. B.R. Ambedkar Konaseema | Allavaram
Andhra Pradesh,Visakhapatnam,Visakhapatnam,Residential Plot,0,0,1350,Not Applicable,South,0,3400000,Visakhapatnam | Pendurthi
Telangana,Hyderabad,Hyderabad,Apartment,3,3,1729,Semi-Furnished,East,1,10975000,Hyderabad | Malakpet
Andhra Pradesh,Srikakulam,Srikakulam,Independent House,6,6,2972,Unfurnished,North,6,11725000,Srikakulam | Srikakulam Town
Andhra Pradesh,East Godavari,Rajahmundry,Independent House,3,3,1599,Furnished,West,9,4800000,East Godavari | Nidadavole
Andhra Pradesh,Kurnool,Kurnool,Independent House,4,4,2284,Semi-Furnished,West,1,4575000,Kurnool | Kodumur
Telangana,Warangal,Warangal,Apartment,2,2,1223,Semi-Furnished,North,5,5875000,Warangal | Rangashaipet
Andhra Pradesh,Sri Potti Sriramulu Nellore,Nellore,Independent House,5,5,2314,Unfurnished,South,7,10850000,Sri Potti Sriramulu Nellore | Dargamitta
Telangana,Medak,Medak,Apartment,2,3,1226,Unfurnished,North,10,1650000,Medak | Shankarampet
Telangana,Kamareddy,Kamareddy,Residential Plot,0,0,2403,Not Applicable,North,0,1275000,Kamareddy | Domakonda
Andhra Pradesh,Dr. B.R. Ambedkar Konaseema,Amalapuram,Villa,3,3,1806,Unfurnished,North,2,9150000,Dr. B.R. Ambedkar Konaseema | Amalapuram Town
Andhra Pradesh,Sri Sathya Sai,Puttaparthi,Apartment,3,2,1624,Furnished,North-East,6,4200000,Sri Sathya Sai | Dharmavaram
Telangana,Sangareddy,Sangareddy,Residential Plot,0,0,2160,Not Applicable,East,0,3275000,Sangareddy | Zaheerabad
Andhra Pradesh,West Godavari,Bhimavaram,Independent House,4,4,2253,Semi-Furnished,East,5,8000000,West Godavari | Palakollu
Telangana,Jogulamba Gadwal,Gadwal,Independent House,4,4,2371,Unfurnished,North,1,3150000,Jogulamba Gadwal | Dharur
Andhra Pradesh,NTR,Vijayawada,Apartment,3,2,1381,Unfurnished,East,5,9000000,NTR | Patamata
Andhra Pradesh,Tirupati,Tirupati,Residential Plot,0,0,3600,Not Applicable,North-East,0,11675000,Tirupati | Air Bypass Road
Andhra Pradesh,Nandyal,Nandyal,Independent Builder Floor,3,2,1323,Semi-Furnished,North-East,1,2825000,Nandyal | Banaganapalle
Andhra Pradesh,Visakhapatnam,Visakhapatnam,Apartment,3,3,1247,Furnished,South,1,14175000,Visakhapatnam | MVP Colony
Andhra Pradesh,Sri Sathya Sai,Puttaparthi,Independent House,5,6,2602,Unfurnished,South,6,4600000,Sri Sathya Sai | Madakasira
Telangana,Hyderabad,Hyderabad,Independent House,4,4,2246,Semi-Furnished,East,25,16625000,Hyderabad | Mehdipatnam
Telangana,Warangal,Warangal,Independent House,3,2,2070,Semi-Furnished,South,4,8675000,Warangal | Mattewada
Telangana,Medak,Medak,Independent House,2,2,1315,Semi-Furnished,East,2,1775000,Medak | Shankarampet
Telangana,Vikarabad,Vikarabad,Residential Plot,0,0,1998,Not Applicable,East,0,1500000,Vikarabad | Nawabpet
Telangana,Karimnagar,Karimnagar,Independent House,2,2,1218,Semi-Furnished,East,7,3525000,Karimnagar | Thimmapur
Andhra Pradesh,Srikakulam,Srikakulam,Villa,5,6,3457,Furnished,South,2,15875000,Srikakulam | Palasa
Telangana,Warangal,Warangal,Apartment,2,1,972,Unfurnished,North-East,0,3950000,Warangal | Khila Warangal
Andhra Pradesh,Guntur,Guntur,Apartment,2,2,1037,Unfurnished,South,0,3275000,Guntur | Prathipadu
Telangana,Medchal Malkajgiri,Hyderabad,Apartment,2,3,951,Unfurnished,North,3,7350000,Medchal Malkajgiri | Malkajgiri
Andhra Pradesh,Tirupati,Tirupati,Independent House,3,3,1241,Furnished,North,5,8075000,Tirupati | K.T. Road
Telangana,Nirmal,Nirmal,Residential Plot,0,0,1800,Not Applicable,East,0,2300000,Nirmal | Bhainsa
Andhra Pradesh,Dr. B.R. Ambedkar Konaseema,Amalapuram,Independent House,2,2,1080,Semi-Furnished,South,13,2050000,Dr. B.R. Ambedkar Konaseema | Alamuru
Andhra Pradesh,East Godavari,Rajahmundry,Independent House,3,2,1459,Semi-Furnished,South,3,6525000,East Godavari | Morampudi
Telangana,Hanumakonda,Hanamkonda,Apartment,3,3,1277,Unfurnished,North,0,7450000,Hanumakonda | Balasamudram
Andhra Pradesh,Markapuram,Markapuram,Residential Plot,0,0,1620,Not Applicable,West,0,2150000,Markapuram | Markapuram Town
Telangana,Khammam,Khammam,Apartment,3,3,1338,Semi-Furnished,North,1,6950000,Khammam | Gandhi Chowk
Telangana,Rangareddy,Hyderabad,Villa,3,3,2137,Semi-Furnished,West,10,37425000,Rangareddy | Gachibowli
Andhra Pradesh,Anakapalli,Anakapalle,Residential Plot,0,0,1998,Not Applicable,South-East,0,4200000,Anakapalli | Anakapalle Town
Telangana,Medak,Medak,Residential Plot,0,0,2997,Not Applicable,East,0,2075000,Medak | Ramayampet
Andhra Pradesh,Parvathipuram Manyam,Parvathipuram,Independent House,3,3,1709,Furnished,West,25,2900000,Parvathipuram Manyam | Salur
Telangana,Medchal Malkajgiri,Hyderabad,Villa,5,5,3084,Semi-Furnished,North,0,27150000,Medchal Malkajgiri | Jeedimetla
Andhra Pradesh,YSR Kadapa,Kadapa,Residential Plot,0,0,2997,Not Applicable,North,0,5250000,YSR Kadapa | Balaji Nagar
Andhra Pradesh,Vizianagaram,Vizianagaram,Residential Plot,0,0,1197,Not Applicable,South,0,1150000,Vizianagaram | Denkada
Telangana,Mancherial,Mancherial,Independent House,2,2,1557,Unfurnished,North-East,5,2750000,Mancherial | Naspur
Andhra Pradesh,Dr. B.R. Ambedkar Konaseema,Amalapuram,Apartment,2,1,1008,Unfurnished,East,0,2875000,Dr. B.R. Ambedkar Konaseema | Mandapeta
Andhra Pradesh,Kurnool,Kurnool,Residential Plot,0,0,1998,Not Applicable,South-East,0,2750000,Kurnool | Adoni
Andhra Pradesh,YSR Kadapa,Kadapa,Independent House,4,3,2067,Unfurnished,West,1,5800000,YSR Kadapa | Proddatur
Andhra Pradesh,Kurnool,Kurnool,Residential Plot,0,0,2403,Not Applicable,East,0,4275000,Kurnool | Venkataramana Colony
Telangana,Suryapet,Suryapet,Apartment,3,3,1538,Unfurnished,East,0,4725000,Suryapet | Kodad
Telangana,Mahabubnagar,Mahabubnagar,Independent House,3,3,1820,Unfurnished,East,2,5300000,Mahabubnagar | Jadcherla
Andhra Pradesh,NTR,Vijayawada,Independent House,3,3,1841,Semi-Furnished,South-East,9,6725000,NTR | Nandigama
Andhra Pradesh,Visakhapatnam,Visakhapatnam,Residential Plot,0,0,2403,Not Applicable,West,0,5000000,Visakhapatnam | Gajuwaka
Andhra Pradesh,Dr. B.R. Ambedkar Konaseema,Amalapuram,Apartment,2,1,1022,Unfurnished,East,3,2600000,Dr. B.R. Ambedkar Konaseema | Razole
Andhra Pradesh,Anakapalli,Anakapalle,Apartment,4,4,2326,Unfurnished,West,3,8700000,Anakapalli | Sabbavaram
Telangana,Peddapalli,Peddapalli,Villa,4,5,2667,Semi-Furnished,North,1,6700000,Peddapalli | Manthani
Andhra Pradesh,Alluri Sitharama Raju,Paderu,Independent House,2,2,1250,Semi-Furnished,South,1,4100000,Alluri Sitharama Raju | Araku Valley
Telangana,Mahabubabad,Mahabubabad,Residential Plot,0,0,1620,Not Applicable,North,0,2625000,Mahabubabad | Mahabubabad Town
Andhra Pradesh,Prakasam,Ongole,Villa,4,4,2579,Semi-Furnished,North,6,6050000,Prakasam | Santhanuthalapadu
Andhra Pradesh,Krishna,Vijayawada,Apartment,1,2,453,Unfurnished,East,0,1750000,Krishna | Tadigadapa
Telangana,Warangal,Warangal,Residential Plot,0,0,2700,Not Applicable,North,0,4200000,Warangal | Khila Warangal
Telangana,Mahabubnagar,Mahabubnagar,Apartment,3,3,1427,Unfurnished,West,0,4375000,Mahabubnagar | Jadcherla
Telangana,Sangareddy,Hyderabad,Independent House,3,4,1591,Furnished,North-East,1,13125000,Sangareddy | Beeramguda
Andhra Pradesh,Polavaram,Rampachodavaram,Apartment,3,3,1191,Unfurnished,East,4,1725000,Polavaram | Yetapaka
Telangana,Warangal,Warangal,Independent House,3,4,1811,Semi-Furnished,West,1,4300000,Warangal | Nekkonda
Telangana,Rangareddy,Hyderabad,Apartment,3,3,1490,Unfurnished,North,0,13100000,Rangareddy | Manikonda
Telangana,Kumuram Bheem Asifabad,Asifabad,Residential Plot,0,0,1503,Not Applicable,South-East,0,2100000,Kumuram Bheem Asifabad | Asifabad Town
Andhra Pradesh,Krishna,Vijayawada,Independent House,2,2,1264,Unfurnished,North-East,5,5650000,Krishna | Poranki
Telangana,Jagtial,Jagtial,Independent House,5,6,2432,Semi-Furnished,North,30,7725000,Jagtial | Jagtial Town
Andhra Pradesh,YSR Kadapa,Kadapa,Apartment,2,2,919,Unfurnished,North,1,2075000,YSR Kadapa | Kamalapuram
Andhra Pradesh,Srikakulam,Srikakulam,Apartment,4,4,2368,Unfurnished,East,0,6350000,Srikakulam | Amadalavalasa
Andhra Pradesh,Guntur,Guntur,Residential Plot,0,0,1998,Not Applicable,South,0,5300000,Guntur | Lakshmipuram
Telangana,Medchal Malkajgiri,Hyderabad,Villa,3,3,1788,Semi-Furnished,North-East,2,12675000,Medchal Malkajgiri | Shamirpet
Telangana,Rangareddy,Hyderabad,Independent House,4,3,1607,Unfurnished,West,0,8875000,Rangareddy | Rajendranagar
Andhra Pradesh,Eluru,Eluru,Residential Plot,0,0,900,Not Applicable,South,0,900000,Eluru | Pedapadu
Telangana,Peddapalli,Peddapalli,Residential Plot,0,0,1197,Not Applicable,East,0,1850000,Peddapalli | Peddapalli Town
Telangana,Rangareddy,Hyderabad,Independent House,3,3,1442,Semi-Furnished,West,7,16225000,Rangareddy | Madhapur
Andhra Pradesh,Parvathipuram Manyam,Parvathipuram,Independent House,5,5,2590,Unfurnished,East,14,6875000,Parvathipuram Manyam | Parvathipuram Town
Telangana,Nizamabad,Nizamabad,Apartment,2,2,816,Semi-Furnished,North,1,2025000,Nizamabad | Balkonda
Telangana,Rangareddy,Hyderabad,Independent Builder Floor,2,2,1024,Unfurnished,East,0,6050000,Rangareddy | Adibatla
Telangana,Yadadri Bhuvanagiri,Bhongir,Apartment,4,4,2435,Semi-Furnished,North,22,4100000,Yadadri Bhuvanagiri | Ramannapet
Telangana,Sangareddy,Hyderabad,Independent House,2,2,1423,Unfurnished,North,8,5900000,Sangareddy | Isnapur
Telangana,Mancherial,Mancherial,Residential Plot,0,0,1998,Not Applicable,North,0,1450000,Mancherial | Naspur
Telangana,Sangareddy,Hyderabad,Independent House,2,2,1473,Furnished,South-East,0,9425000,Sangareddy | Isnapur
Andhra Pradesh,NTR,Vijayawada,Apartment,2,2,1244,Unfurnished,North-East,0,8700000,NTR | MG Road
Telangana,Nalgonda,Nalgonda,Apartment,2,2,1099,Unfurnished,East,2,3975000,Nalgonda | Nalgonda Town
Andhra Pradesh,NTR,Vijayawada,Apartment,2,3,1024,Unfurnished,East,0,7525000,NTR | Patamata
Andhra Pradesh,Visakhapatnam,Visakhapatnam,Independent Builder Floor,3,3,1590,Unfurnished,South,0,11100000,Visakhapatnam | Rushikonda
Telangana,Yadadri Bhuvanagiri,Bhongir,Residential Plot,0,0,1998,Not Applicable,East,0,3325000,Yadadri Bhuvanagiri | Choutuppal
Andhra Pradesh,Srikakulam,Srikakulam,Residential Plot,0,0,2403,Not Applicable,South,0,3200000,Srikakulam | Palasa
Andhra Pradesh,Annamayya,Madanapalle,Residential Plot,0,0,1503,Not Applicable,East,0,1650000,Annamayya | Rajampet
Andhra Pradesh,Anantapur,Anantapur,Residential Plot,0,0,900,Not Applicable,West,0,1775000,Anantapur | Kamala Nagar
Telangana,Siddipet,Siddipet,Independent House,3,3,1853,Unfurnished,West,30,4975000,Siddipet | Gajwel
Andhra Pradesh,Sri Potti Sriramulu Nellore,Nellore,Apartment,3,4,1586,Furnished,West,0,5425000,Sri Potti Sriramulu Nellore | Kavali
Telangana,Warangal,Warangal,Apartment,2,2,1037,Semi-Furnished,South,1,2575000,Warangal | Wardhannapet
Telangana,Medchal Malkajgiri,Hyderabad,Villa,4,5,1951,Unfurnished,East,8,14250000,Medchal Malkajgiri | Bowrampet
Andhra Pradesh,NTR,Vijayawada,Apartment,3,3,1446,Semi-Furnished,South-East,1,9950000,NTR | Currency Nagar
Telangana,Medchal Malkajgiri,Hyderabad,Apartment,2,3,1255,Unfurnished,East,0,7250000,Medchal Malkajgiri | Boduppal
Telangana,Mahabubnagar,Mahabubnagar,Apartment,3,3,1592,Unfurnished,East,23,5325000,Mahabubnagar | Mahabubnagar Town
Telangana,Kumuram Bheem Asifabad,Asifabad,Independent House,3,3,1512,Unfurnished,North-East,9,3425000,Kumuram Bheem Asifabad | Asifabad Town
Andhra Pradesh,Tirupati,Tirupati,Independent House,5,6,2330,Semi-Furnished,South-East,1,10050000,Tirupati | Vikruthamala
Andhra Pradesh,Anantapur,Anantapur,Apartment,3,3,1498,Semi-Furnished,North,6,3050000,Anantapur | Uravakonda
Andhra Pradesh,YSR Kadapa,Kadapa,Independent Builder Floor,3,3,1311,Unfurnished,North-East,0,3050000,YSR Kadapa | Jammalamadugu
Andhra Pradesh,YSR Kadapa,Kadapa,Independent House,3,3,1597,Semi-Furnished,West,3,5650000,YSR Kadapa | Marripadu
Telangana,Rangareddy,Hyderabad,Apartment,1,1,568,Unfurnished,East,0,7400000,Rangareddy | Kokapet
Andhra Pradesh,Anantapur,Anantapur,Residential Plot,0,0,4500,Not Applicable,East,0,8825000,Anantapur | Kamala Nagar
Telangana,Rangareddy,Hyderabad,Independent Builder Floor,3,3,1030,Semi-Furnished,East,15,7675000,Rangareddy | Manikonda
Telangana,Hyderabad,Hyderabad,Apartment,3,2,1437,Semi-Furnished,East,14,9975000,Hyderabad | Musheerabad
Andhra Pradesh,YSR Kadapa,Kadapa,Apartment,3,3,1366,Furnished,East,12,4750000,YSR Kadapa | Balaji Nagar
Telangana,Peddapalli,Peddapalli,Apartment,1,1,498,Furnished,North,0,1550000,Peddapalli | Ramagundam
Telangana,Yadadri Bhuvanagiri,Bhongir,Apartment,2,2,1121,Unfurnished,East,9,3000000,Yadadri Bhuvanagiri | Pochampally
Telangana,Hyderabad,Hyderabad,Apartment,4,4,2215,Unfurnished,North-East,0,15475000,Hyderabad | Nampally
Andhra Pradesh,Chittoor,Chittoor,Independent House,3,3,1424,Semi-Furnished,South,20,2800000,Chittoor | Palamaner
Andhra Pradesh,Visakhapatnam,Visakhapatnam,Apartment,3,3,1609,Semi-Furnished,West,1,10450000,Visakhapatnam | Madhurawada
Andhra Pradesh,Vizianagaram,Vizianagaram,Independent House,2,2,1191,Unfurnished,North,3,5400000,Vizianagaram | Vizianagaram Town
Andhra Pradesh,Kakinada,Kakinada,Apartment,2,3,1317,Unfurnished,North,0,5925000,Kakinada | Kovvada
Andhra Pradesh,Alluri Sitharama Raju,Paderu,Residential Plot,0,0,1800,Not Applicable,West,0,2275000,Alluri Sitharama Raju | Araku Valley
Andhra Pradesh,Sri Potti Sriramulu Nellore,Nellore,Independent House,3,3,1376,Unfurnished,North,29,3625000,Sri Potti Sriramulu Nellore | Nawabpet
Telangana,Peddapalli,Peddapalli,Residential Plot,0,0,3600,Not Applicable,East,0,2950000,Peddapalli | Manthani
Telangana,Karimnagar,Karimnagar,Apartment,2,3,1071,Unfurnished,South,0,3050000,Karimnagar | Manakondur
Andhra Pradesh,Dr. B.R. Ambedkar Konaseema,Amalapuram,Independent House,4,4,2042,Unfurnished,East,7,7075000,Dr. B.R. Ambedkar Konaseema | Amalapuram Town
Andhra Pradesh,NTR,Vijayawada,Independent House,4,4,2265,Unfurnished,North,14,6925000,NTR | Tiruvuru
Andhra Pradesh,Kakinada,Kakinada,Apartment,3,3,1482,Unfurnished,South-East,2,6425000,Kakinada | Jagannaickpur
Andhra Pradesh,NTR,Vijayawada,Apartment,1,2,514,Unfurnished,East,4,3675000,NTR | Benz Circle
Andhra Pradesh,Vizianagaram,Vizianagaram,Apartment,3,2,1434,Furnished,North-East,14,5700000,Vizianagaram | Vizianagaram Town
Andhra Pradesh,Guntur,Guntur,Apartment,3,4,1317,Unfurnished,North-East,0,5800000,Guntur | Auto Nagar
Andhra Pradesh,NTR,Vijayawada,Independent House,4,4,2134,Unfurnished,West,24,5375000,NTR | Tiruvuru
Andhra Pradesh,Vizianagaram,Vizianagaram,Residential Plot,0,0,2403,Not Applicable,North,0,4150000,Vizianagaram | Bhogapuram
Telangana,Hyderabad,Hyderabad,Apartment,1,1,532,Unfurnished,North,0,5200000,Hyderabad | Begumpet
Telangana,Hyderabad,Hyderabad,Apartment,1,1,562,Unfurnished,South,2,3675000,Hyderabad | Sanathnagar
Andhra Pradesh,Anakapalli,Anakapalle,Independent Builder Floor,2,2,997,Unfurnished,North-East,6,2350000,Anakapalli | Nakkapalli
Telangana,Hanumakonda,Hanamkonda,Independent House,3,2,1709,Unfurnished,East,11,8575000,Hanumakonda | Kazipet
Telangana,Nizamabad,Nizamabad,Villa,5,6,3431,Unfurnished,South,1,8225000,Nizamabad | Nandipet
Telangana,Siddipet,Siddipet,Independent House,5,5,2365,Semi-Furnished,East,0,12925000,Siddipet | Siddipet Town
Telangana,Nalgonda,Nalgonda,Independent House,4,5,2005,Furnished,North-East,1,4300000,Nalgonda | Nagarjuna Sagar
Telangana,Medak,Medak,Independent House,4,4,2275,Unfurnished,East,2,6950000,Medak | Medak Town
Telangana,Rajanna Sircilla,Sircilla,Residential Plot,0,0,1503,Not Applicable,North,0,900000,Rajanna Sircilla | Ellanthakunta
Andhra Pradesh,Visakhapatnam,Visakhapatnam,Independent House,2,2,1152,Furnished,South,1,10525000,Visakhapatnam | MVP Colony
Andhra Pradesh,Sri Potti Sriramulu Nellore,Nellore,Residential Plot,0,0,1800,Not Applicable,West,0,2300000,Sri Potti Sriramulu Nellore | Kovur
Andhra Pradesh,Tirupati,Tirupati,Villa,3,4,1692,Semi-Furnished,North,3,12925000,Tirupati | Air Bypass Road
Andhra Pradesh,Krishna,Vijayawada,Independent House,2,2,700,Semi-Furnished,North,1,2925000,Krishna | Poranki
Telangana,Nalgonda,Nalgonda,Independent House,3,2,1617,Unfurnished,West,30,2250000,Nalgonda | Devarakonda
Telangana,Sangareddy,Hyderabad,Residential Plot,0,0,1800,Not Applicable,North,0,8125000,Sangareddy | Ameenpur
Andhra Pradesh,Nandyal,Nandyal,Residential Plot,0,0,1800,Not Applicable,West,0,2475000,Nandyal | Nandyal Town
Andhra Pradesh,Tirupati,Tirupati,Villa,3,4,2197,Unfurnished,East,12,17850000,Tirupati | Leela Mahal Circle
Telangana,Medchal Malkajgiri,Hyderabad,Independent House,4,3,2103,Semi-Furnished,South,2,13400000,Medchal Malkajgiri | AS Rao Nagar
Andhra Pradesh,Visakhapatnam,Visakhapatnam,Apartment,3,3,1804,Furnished,North-East,6,18950000,Visakhapatnam | Siripuram
Andhra Pradesh,Kurnool,Kurnool,Independent House,4,4,2103,Unfurnished,North-East,5,4300000,Kurnool | Kodumur
Telangana,Jagtial,Jagtial,Apartment,3,4,1341,Unfurnished,North-East,0,2250000,Jagtial | Mallial
Andhra Pradesh,YSR Kadapa,Kadapa,Apartment,4,4,1941,Semi-Furnished,North-East,1,6925000,YSR Kadapa | Proddatur
Telangana,Sangareddy,Sangareddy,Apartment,2,2,1148,Semi-Furnished,North,4,4550000,Sangareddy | Sangareddy Town
Andhra Pradesh,Sri Sathya Sai,Puttaparthi,Independent House,3,3,1980,Unfurnished,South-East,12,2750000,Sri Sathya Sai | Roddam
Andhra Pradesh,Krishna,Vijayawada,Apartment,4,4,2366,Unfurnished,East,0,9825000,Krishna | Gannavaram
Andhra Pradesh,West Godavari,Bhimavaram,Apartment,3,3,1316,Unfurnished,East,3,6225000,West Godavari | Bhimavaram Town
Andhra Pradesh,Visakhapatnam,Visakhapatnam,Residential Plot,0,0,2160,Not Applicable,West,0,4225000,Visakhapatnam | Pendurthi
Telangana,Suryapet,Suryapet,Villa,3,3,1670,Unfurnished,South-East,5,5600000,Suryapet | Kodad
Telangana,Medchal Malkajgiri,Hyderabad,Apartment,3,3,1491,Semi-Furnished,East,11,8250000,Medchal Malkajgiri | Alwal
Andhra Pradesh,NTR,Vijayawada,Villa,4,4,2937,Unfurnished,East,0,29925000,NTR | Currency Nagar
Andhra Pradesh,Anantapur,Anantapur,Independent House,3,3,1538,Semi-Furnished,West,2,5275000,Anantapur | Kamala Nagar
Telangana,Rajanna Sircilla,Sircilla,Apartment,2,1,1147,Unfurnished,East,1,1775000,Rajanna Sircilla | Boinpalli
Telangana,Rangareddy,Hyderabad,Residential Plot,0,0,1197,Not Applicable,West,0,5175000,Rangareddy | Hayathnagar
Telangana,Mahabubnagar,Mahabubnagar,Independent House,3,3,1573,Unfurnished,East,6,4300000,Mahabubnagar | Jadcherla
Andhra Pradesh,YSR Kadapa,Kadapa,Residential Plot,0,0,1197,Not Applicable,South,0,1675000,YSR Kadapa | Balaji Nagar
Andhra Pradesh,Kakinada,Kakinada,Residential Plot,0,0,900,Not Applicable,North,0,2300000,Kakinada | Ramanayapeta
Telangana,Nalgonda,Nalgonda,Independent House,4,4,1978,Unfurnished,North-East,2,4825000,Nalgonda | Nagarjuna Sagar
Andhra Pradesh,Kakinada,Kakinada,Apartment,3,3,1699,Unfurnished,North,12,9200000,Kakinada | Suryaraopeta
Telangana,Sangareddy,Hyderabad,Apartment,2,3,1044,Unfurnished,North-East,0,9125000,Sangareddy | Tellapur
Andhra Pradesh,Anantapur,Anantapur,Independent House,3,3,1533,Unfurnished,North,27,3550000,Anantapur | Tapovanam
Andhra Pradesh,Dr. B.R. Ambedkar Konaseema,Amalapuram,Apartment,2,1,1444,Semi-Furnished,North-East,9,2525000,Dr. B.R. Ambedkar Konaseema | Razole
Telangana,Wanaparthy,Wanaparthy,Independent House,4,4,2056,Semi-Furnished,South,7,2475000,Wanaparthy | Gopalpeta
Telangana,Warangal,Warangal,Apartment,2,1,1202,Semi-Furnished,East,3,5775000,Warangal | Khila Warangal
Andhra Pradesh,YSR Kadapa,Kadapa,Apartment,2,3,951,Semi-Furnished,North,8,1850000,YSR Kadapa | Vempalle
Andhra Pradesh,Visakhapatnam,Visakhapatnam,Villa,4,3,2283,Unfurnished,East,3,25575000,Visakhapatnam | Dwaraka Nagar
Telangana,Jangaon,Jangaon,Residential Plot,0,0,2997,Not Applicable,East,0,1550000,Jangaon | Bachannapet
Andhra Pradesh,Chittoor,Chittoor,Residential Plot,0,0,1620,Not Applicable,North,0,1525000,Chittoor | Punganur
Telangana,Khammam,Khammam,Independent House,4,4,2431,Semi-Furnished,South,10,4975000,Khammam | Thirumalayapalem
Andhra Pradesh,Visakhapatnam,Visakhapatnam,Apartment,3,4,1767,Unfurnished,North,0,14975000,Visakhapatnam | Lawsons Bay Colony
Telangana,Nirmal,Nirmal,Residential Plot,0,0,1503,Not Applicable,North,0,850000,Nirmal | Laxmanchanda
Telangana,Medak,Medak,Residential Plot,0,0,1800,Not Applicable,North-East,0,1100000,Medak | Papannapet
Telangana,Nizamabad,Nizamabad,Residential Plot,0,0,1998,Not Applicable,North-East,0,2175000,Nizamabad | Yedapally
Telangana,Mancherial,Mancherial,Residential Plot,0,0,2160,Not Applicable,South,0,2225000,Mancherial | Bellampalli
Telangana,Medchal Malkajgiri,Hyderabad,Villa,4,4,2766,Unfurnished,North,17,16575000,Medchal Malkajgiri | Ghatkesar
Telangana,Hyderabad,Hyderabad,Apartment,3,3,1682,Semi-Furnished,North-East,15,13150000,Hyderabad | Habsiguda
Telangana,Sangareddy,Hyderabad,Residential Plot,0,0,1800,Not Applicable,South-East,0,12075000,Sangareddy | Tellapur
Andhra Pradesh,Dr. B.R. Ambedkar Konaseema,Amalapuram,Independent House,2,1,1265,Unfurnished,East,1,2250000,Dr. B.R. Ambedkar Konaseema | Ainavilli
Telangana,Hyderabad,Hyderabad,Villa,5,5,3024,Unfurnished,South,7,46350000,Hyderabad | Somajiguda
Telangana,Rangareddy,Hyderabad,Apartment,3,3,1405,Furnished,North,0,19950000,Rangareddy | Nallagandla
Telangana,Mancherial,Mancherial,Apartment,2,3,1194,Unfurnished,East,0,4075000,Mancherial | Mancherial Town
Andhra Pradesh,Bapatla,Bapatla,Residential Plot,0,0,1800,Not Applicable,South-East,0,2625000,Bapatla | Chirala
Telangana,Suryapet,Suryapet,Independent House,3,3,1756,Unfurnished,North,0,5300000,Suryapet | Kodad
Andhra Pradesh,NTR,Vijayawada,Villa,3,3,2023,Unfurnished,South,4,7400000,NTR | Tiruvuru
Telangana,Yadadri Bhuvanagiri,Bhongir,Independent House,3,3,1939,Semi-Furnished,East,13,7150000,Yadadri Bhuvanagiri | Bhongir Town
Telangana,Rajanna Sircilla,Sircilla,Apartment,2,2,826,Semi-Furnished,North-East,5,1450000,Rajanna Sircilla | Thangallapally
Telangana,Karimnagar,Karimnagar,Residential Plot,0,0,1197,Not Applicable,South,0,2200000,Karimnagar | Ramnagar
Telangana,Hyderabad,Hyderabad,Residential Plot,0,0,1350,Not Applicable,South,0,8275000,Hyderabad | Nampally
Telangana,Sangareddy,Sangareddy,Independent House,6,6,3295,Unfurnished,South-East,1,18950000,Sangareddy | Sangareddy Town
Telangana,Medak,Medak,Residential Plot,0,0,1197,Not Applicable,South,0,925000,Medak | Ramayampet
Telangana,Rangareddy,Hyderabad,Independent House,3,2,1795,Unfurnished,South-East,4,11250000,Rangareddy | Adibatla
Andhra Pradesh,NTR,Vijayawada,Independent House,3,2,1530,Unfurnished,East,3,12700000,NTR | MG Road
Andhra Pradesh,Kurnool,Kurnool,Residential Plot,0,0,1620,Not Applicable,North,0,1225000,Kurnool | Kodumur
Andhra Pradesh,Visakhapatnam,Visakhapatnam,Apartment,2,2,932,Furnished,South,1,9500000,Visakhapatnam | MVP Colony
Andhra Pradesh,Dr. B.R. Ambedkar Konaseema,Amalapuram,Independent House,2,2,1419,Furnished,South,11,3200000,Dr. B.R. Ambedkar Konaseema | Mandapeta
Telangana,Vikarabad,Vikarabad,Residential Plot,0,0,1350,Not Applicable,North-East,0,3250000,Vikarabad | Vikarabad Town
Telangana,Mancherial,Mancherial,Independent House,3,3,1809,Unfurnished,South,2,3250000,Mancherial | Luxettipet
Telangana,Rangareddy,Hyderabad,Residential Plot,0,0,1998,Not Applicable,East,0,7875000,Rangareddy | Mokila
Telangana,Sangareddy,Hyderabad,Apartment,4,4,1926,Unfurnished,South,2,13950000,Sangareddy | Ameenpur
Telangana,Nizamabad,Nizamabad,Apartment,3,4,1231,Unfurnished,North,1,3150000,Nizamabad | Bodhan
Telangana,Rangareddy,Hyderabad,Residential Plot,0,0,1197,Not Applicable,West,0,3650000,Rangareddy | Maheshwaram
Andhra Pradesh,Tirupati,Tirupati,Independent Builder Floor,2,2,1043,Semi-Furnished,East,1,4975000,Tirupati | Tummalagunta
Andhra Pradesh,NTR,Vijayawada,Apartment,3,3,1554,Semi-Furnished,South,1,10775000,NTR | Labbipet
Telangana,Adilabad,Adilabad,Residential Plot,0,0,1197,Not Applicable,South,0,725000,Adilabad | Bhoraj
Andhra Pradesh,Chittoor,Chittoor,Residential Plot,0,0,2700,Not Applicable,South,0,4750000,Chittoor | Chittoor Town
Andhra Pradesh,Visakhapatnam,Visakhapatnam,Residential Plot,0,0,2160,Not Applicable,East,0,6575000,Visakhapatnam | Kommadi
Andhra Pradesh,YSR Kadapa,Kadapa,Villa,3,3,1500,Unfurnished,East,5,4600000,YSR Kadapa | Pulivendula
Telangana,Rangareddy,Hyderabad,Residential Plot,0,0,1800,Not Applicable,North,0,5275000,Rangareddy | Ibrahimpatnam
Andhra Pradesh,Kakinada,Kakinada,Residential Plot,0,0,1620,Not Applicable,East,0,3475000,Kakinada | Vakalapudi
Andhra Pradesh,Tirupati,Tirupati,Independent House,3,2,1806,Semi-Furnished,North,3,5200000,Tirupati | Venkatagiri
Telangana,Mulugu,Mulugu,Residential Plot,0,0,1350,Not Applicable,South-East,0,975000,Mulugu | Eturnagaram
Telangana,Nagarkurnool,Nagarkurnool,Residential Plot,0,0,1620,Not Applicable,West,0,1325000,Nagarkurnool | Achampet
Telangana,Hyderabad,Hyderabad,Independent House,2,2,894,Unfurnished,North,1,6900000,Hyderabad | Sanathnagar
Telangana,Mancherial,Mancherial,Independent House,3,2,1616,Unfurnished,North,30,2275000,Mancherial | Luxettipet
Andhra Pradesh,Alluri Sitharama Raju,Paderu,Residential Plot,0,0,1197,Not Applicable,South,0,650000,Alluri Sitharama Raju | Chintapalle
Andhra Pradesh,Alluri Sitharama Raju,Paderu,Residential Plot,0,0,2160,Not Applicable,South,0,3500000,Alluri Sitharama Raju | Araku Valley
Andhra Pradesh,Annamayya,Madanapalle,Residential Plot,0,0,1998,Not Applicable,East,0,4125000,Annamayya | Madanapalle Town
Telangana,Medchal Malkajgiri,Hyderabad,Villa,3,2,2535,Unfurnished,North,1,23100000,Medchal Malkajgiri | Kompally
Andhra Pradesh,Bapatla,Bapatla,Residential Plot,0,0,1620,Not Applicable,North-East,0,2175000,Bapatla | Chirala
Telangana,Siddipet,Siddipet,Residential Plot,0,0,1800,Not Applicable,North,0,1200000,Siddipet | Doultabad
Telangana,Rangareddy,Hyderabad,Independent House,2,2,892,Furnished,North,15,6050000,Rangareddy | Rajendranagar
Telangana,Warangal,Warangal,Apartment,2,2,934,Unfurnished,South-East,0,4050000,Warangal | Mattewada
Andhra Pradesh,Palnadu,Narasaraopet,Independent House,3,4,1472,Unfurnished,North,11,2725000,Palnadu | Macherla
Andhra Pradesh,Alluri Sitharama Raju,Paderu,Apartment,3,3,1490,Unfurnished,North,1,2300000,Alluri Sitharama Raju | Chintapalle
Andhra Pradesh,Kakinada,Kakinada,Apartment,3,4,1745,Unfurnished,North-East,0,11475000,Kakinada | Bhanugudi Junction
Telangana,Hyderabad,Hyderabad,Apartment,3,3,1396,Unfurnished,West,8,11225000,Hyderabad | Tarnaka
Telangana,Sangareddy,Sangareddy,Independent House,4,4,1528,Semi-Furnished,South-East,2,5225000,Sangareddy | Zaheerabad
Andhra Pradesh,NTR,Vijayawada,Apartment,3,3,1519,Semi-Furnished,West,2,11575000,NTR | MG Road
Andhra Pradesh,Tirupati,Tirupati,Apartment,4,5,2125,Unfurnished,North-East,0,7600000,Tirupati | Gudur
Telangana,Hyderabad,Hyderabad,Apartment,3,4,1424,Unfurnished,North-East,12,11675000,Hyderabad | Yousufguda
Andhra Pradesh,Kurnool,Kurnool,Apartment,2,3,967,Semi-Furnished,North,8,1925000,Kurnool | Pattikonda
Telangana,Rangareddy,Hyderabad,Residential Plot,0,0,1503,Not Applicable,West,0,15700000,Rangareddy | Kondapur
Andhra Pradesh,Bapatla,Bapatla,Independent House,4,4,2093,Unfurnished,East,0,7250000,Bapatla | Bapatla Town
Andhra Pradesh,Sri Potti Sriramulu Nellore,Nellore,Independent House,2,1,1306,Semi-Furnished,East,0,7550000,Sri Potti Sriramulu Nellore | Stonehousepeta
Andhra Pradesh,NTR,Vijayawada,Independent Builder Floor,2,3,1165,Furnished,West,0,5625000,NTR | Jaggayyapeta
Andhra Pradesh,NTR,Vijayawada,Independent House,5,5,2600,Semi-Furnished,North,1,10000000,NTR | Tiruvuru
Telangana,Hyderabad,Hyderabad,Apartment,3,3,1541,Furnished,East,4,12850000,Hyderabad | Mehdipatnam
Andhra Pradesh,Tirupati,Tirupati,Independent House,3,4,1624,Unfurnished,West,10,7000000,Tirupati | Tiruchanur
Telangana,Mulugu,Mulugu,Independent House,2,2,1203,Furnished,East,1,1450000,Mulugu | Wazeedu
Andhra Pradesh,Visakhapatnam,Visakhapatnam,Independent House,5,4,2442,Unfurnished,South,19,6425000,Visakhapatnam | Thagarapuvalasa
Andhra Pradesh,Kurnool,Kurnool,Villa,4,5,2590,Unfurnished,East,1,7850000,Kurnool | Pattikonda
Andhra Pradesh,Prakasam,Ongole,Independent House,4,4,1892,Unfurnished,West,20,3175000,Prakasam | Darsi
Andhra Pradesh,NTR,Vijayawada,Independent House,4,5,2202,Semi-Furnished,North,4,9550000,NTR | Nandigama
Andhra Pradesh,Eluru,Eluru,Independent House,3,3,1343,Semi-Furnished,West,0,4725000,Eluru | Eluru Town
Andhra Pradesh,Nandyal,Nandyal,Independent House,2,3,1137,Semi-Furnished,South-East,0,3025000,Nandyal | Srisailam
Telangana,Rangareddy,Hyderabad,Independent House,4,4,2273,Furnished,South-East,0,15525000,Rangareddy | Nadargul
Andhra Pradesh,Vizianagaram,Vizianagaram,Apartment,2,1,876,Unfurnished,North,5,2100000,Vizianagaram | Pusapatirega
Andhra Pradesh,Bapatla,Bapatla,Independent House,2,2,1353,Unfurnished,South,15,4550000,Bapatla | Bapatla Town
Telangana,Siddipet,Siddipet,Apartment,2,2,1094,Semi-Furnished,North,12,2225000,Siddipet | Doultabad
Andhra Pradesh,NTR,Vijayawada,Independent Builder Floor,2,3,904,Semi-Furnished,East,2,4450000,NTR | Ajit Singh Nagar
Andhra Pradesh,Anakapalli,Anakapalle,Independent House,2,2,978,Furnished,North,0,3550000,Anakapalli | Yelamanchili
Telangana,Hyderabad,Hyderabad,Apartment,3,2,1649,Semi-Furnished,North,3,13050000,Hyderabad | Musheerabad
Andhra Pradesh,Bapatla,Bapatla,Apartment,2,3,1035,Unfurnished,East,11,2600000,Bapatla | Chirala
Telangana,Rangareddy,Hyderabad,Apartment,3,4,1656,Unfurnished,South-East,7,7850000,Rangareddy | Ibrahimpatnam
Andhra Pradesh,Dr. B.R. Ambedkar Konaseema,Amalapuram,Independent House,2,2,1024,Unfurnished,West,3,4150000,Dr. B.R. Ambedkar Konaseema | Amalapuram Town
Telangana,Warangal,Warangal,Villa,5,5,2911,Unfurnished,North-East,8,9525000,Warangal | Narsampet
Andhra Pradesh,Vizianagaram,Vizianagaram,Apartment,3,4,1603,Semi-Furnished,West,1,3425000,Vizianagaram | Denkada
Telangana,Medchal Malkajgiri,Hyderabad,Independent House,5,6,2402,Semi-Furnished,East,12,10425000,Medchal Malkajgiri | Shamirpet
Andhra Pradesh,Vizianagaram,Vizianagaram,Independent House,3,2,1907,Unfurnished,East,26,3650000,Vizianagaram | Pusapatirega
Andhra Pradesh,Guntur,Guntur,Apartment,2,2,1180,Unfurnished,South,0,4375000,Guntur | Tenali
Telangana,Hyderabad,Hyderabad,Independent House,2,2,1149,Unfurnished,North-East,4,13400000,Hyderabad | Begumpet
Andhra Pradesh,Polavaram,Rampachodavaram,Residential Plot,0,0,2997,Not Applicable,North-East,0,2150000,Polavaram | Chintur
Andhra Pradesh,Anakapalli,Anakapalle,Apartment,3,3,1405,Unfurnished,North-East,0,4000000,Anakapalli | Chodavaram
Telangana,Medchal Malkajgiri,Hyderabad,Apartment,3,3,1288,Semi-Furnished,North,2,8875000,Medchal Malkajgiri | Dundigal
Andhra Pradesh,NTR,Vijayawada,Apartment,2,2,961,Unfurnished,East,0,3700000,NTR | Nandigama
Telangana,Hyderabad,Hyderabad,Residential Plot,0,0,1503,Not Applicable,East,0,16700000,Hyderabad | Banjara Hills
Telangana,Medak,Medak,Independent House,5,5,2608,Unfurnished,West,7,3775000,Medak | Shankarampet
Telangana,Karimnagar,Karimnagar,Independent House,2,2,700,Semi-Furnished,East,0,3225000,Karimnagar | Ramnagar
Andhra Pradesh,East Godavari,Rajahmundry,Apartment,3,3,1426,Unfurnished,East,6,7100000,East Godavari | Danavaipeta
Telangana,Hyderabad,Hyderabad,Residential Plot,0,0,1800,Not Applicable,East,0,27625000,Hyderabad | Jubilee Hills
Telangana,Wanaparthy,Wanaparthy,Independent House,4,3,1799,Semi-Furnished,West,2,2325000,Wanaparthy | Pebbair
Andhra Pradesh,Markapuram,Markapuram,Independent House,3,3,1803,Unfurnished,South,3,2650000,Markapuram | Cumbum
Telangana,Hyderabad,Hyderabad,Independent House,3,2,2003,Unfurnished,North,6,18325000,Hyderabad | Secunderabad
Telangana,Nizamabad,Nizamabad,Villa,4,4,2374,Semi-Furnished,West,1,6750000,Nizamabad | Nandipet
Telangana,Hyderabad,Hyderabad,Apartment,3,3,1438,Unfurnished,West,0,12100000,Hyderabad | Begumpet
Telangana,Peddapalli,Peddapalli,Residential Plot,0,0,1503,Not Applicable,South,0,3000000,Peddapalli | Peddapalli Town
Telangana,Hyderabad,Hyderabad,Residential Plot,0,0,2403,Not Applicable,South,0,18475000,Hyderabad | Begumpet
Andhra Pradesh,Kakinada,Kakinada,Villa,3,2,2483,Unfurnished,East,1,16525000,Kakinada | Sasikanth Nagar
Telangana,Jagtial,Jagtial,Apartment,4,4,2117,Unfurnished,West,0,3675000,Jagtial | Dharmapuri
Telangana,Medchal Malkajgiri,Hyderabad,Independent House,2,3,1251,Unfurnished,West,0,8525000,Medchal Malkajgiri | Kompally
Andhra Pradesh,Sri Potti Sriramulu Nellore,Nellore,Residential Plot,0,0,1620,Not Applicable,East,0,3900000,Sri Potti Sriramulu Nellore | Dargamitta
Andhra Pradesh,YSR Kadapa,Kadapa,Apartment,3,3,1476,Unfurnished,North,0,4225000,YSR Kadapa | Yerramukkapalli
Telangana,Jagtial,Jagtial,Residential Plot,0,0,2997,Not Applicable,West,0,2950000,Jagtial | Korutla
Andhra Pradesh,Sri Potti Sriramulu Nellore,Nellore,Villa,3,3,2280,Unfurnished,North-East,12,14750000,Sri Potti Sriramulu Nellore | Magunta Layout
Telangana,Yadadri Bhuvanagiri,Bhongir,Apartment,2,2,939,Unfurnished,West,0,3000000,Yadadri Bhuvanagiri | Choutuppal
Telangana,Medchal Malkajgiri,Hyderabad,Villa,3,3,1895,Unfurnished,East,10,9650000,Medchal Malkajgiri | Shamirpet
Andhra Pradesh,Parvathipuram Manyam,Parvathipuram,Independent House,4,4,2139,Unfurnished,North-East,2,4375000,Parvathipuram Manyam | Palakonda
Andhra Pradesh,East Godavari,Rajahmundry,Independent House,2,2,1003,Unfurnished,East,3,4625000,East Godavari | Innespeta
Andhra Pradesh,Bapatla,Bapatla,Apartment,2,2,1002,Unfurnished,East,0,3050000,Bapatla | Chirala
Andhra Pradesh,Srikakulam,Srikakulam,Residential Plot,0,0,1503,Not Applicable,East,0,3450000,Srikakulam | Srikakulam Town
Telangana,Hyderabad,Hyderabad,Residential Plot,0,0,1800,Not Applicable,North-East,0,12350000,Hyderabad | Habsiguda
Telangana,Nizamabad,Nizamabad,Villa,4,4,2410,Unfurnished,West,9,7000000,Nizamabad | Yedapally
Andhra Pradesh,Kakinada,Kakinada,Villa,4,4,2677,Unfurnished,South-East,4,13225000,Kakinada | Thimmapuram
Telangana,Warangal,Warangal,Apartment,3,3,1361,Furnished,North-East,1,5925000,Warangal | Khila Warangal
Telangana,Warangal,Warangal,Apartment,2,1,1230,Semi-Furnished,East,0,3300000,Warangal | Narsampet
Andhra Pradesh,Eluru,Eluru,Apartment,3,3,1503,Unfurnished,North,0,3600000,Eluru | Kaikaluru
Telangana,Rangareddy,Hyderabad,Independent House,3,3,1684,Semi-Furnished,North-East,1,15375000,Rangareddy | Manikonda
Telangana,Yadadri Bhuvanagiri,Bhongir,Independent House,3,3,1724,Semi-Furnished,North,4,5775000,Yadadri Bhuvanagiri | Bibinagar
Telangana,Mahabubnagar,Mahabubnagar,Residential Plot,0,0,900,Not Applicable,East,0,650000,Mahabubnagar | Balanagar
Andhra Pradesh,Sri Potti Sriramulu Nellore,Nellore,Apartment,3,3,1307,Unfurnished,North-East,6,5950000,Sri Potti Sriramulu Nellore | Magunta Layout
Andhra Pradesh,Guntur,Amaravati,Independent Builder Floor,2,2,993,Unfurnished,North,0,4350000,Guntur | Vaddeswaram
Telangana,Kumuram Bheem Asifabad,Asifabad,Residential Plot,0,0,2403,Not Applicable,South,0,1100000,Kumuram Bheem Asifabad | Tiryani
Andhra Pradesh,Guntur,Guntur,Apartment,3,4,1293,Semi-Furnished,East,1,5950000,Guntur | Tenali
Telangana,Nizamabad,Nizamabad,Villa,3,4,1903,Semi-Furnished,North-East,20,4525000,Nizamabad | Yedapally
Andhra Pradesh,Sri Sathya Sai,Puttaparthi,Independent House,4,5,1978,Unfurnished,South,10,4025000,Sri Sathya Sai | Dharmavaram
Andhra Pradesh,Eluru,Eluru,Residential Plot,0,0,2160,Not Applicable,South,0,3925000,Eluru | Eluru Town
Andhra Pradesh,Tirupati,Tirupati,Villa,3,4,1512,Unfurnished,East,16,6950000,Tirupati | Tummalagunta
Andhra Pradesh,Sri Sathya Sai,Puttaparthi,Apartment,3,3,1707,Semi-Furnished,West,2,5350000,Sri Sathya Sai | Penukonda
Andhra Pradesh,East Godavari,Rajahmundry,Apartment,1,1,449,Unfurnished,West,5,2125000,East Godavari | Danavaipeta
Telangana,Mancherial,Mancherial,Independent House,3,3,1543,Semi-Furnished,North-East,3,5975000,Mancherial | Mancherial Town
Telangana,Rangareddy,Hyderabad,Residential Plot,0,0,1197,Not Applicable,West,0,2450000,Rangareddy | Chevella
Telangana,Khammam,Khammam,Independent House,2,3,1528,Unfurnished,North,19,5975000,Khammam | Mamillagudem
Andhra Pradesh,Chittoor,Chittoor,Independent House,3,3,1680,Unfurnished,South,30,2275000,Chittoor | Gangadhara Nellore
Telangana,Hyderabad,Hyderabad,Independent House,4,4,2166,Unfurnished,South,4,19225000,Hyderabad | Begumpet
Andhra Pradesh,Alluri Sitharama Raju,Paderu,Residential Plot,0,0,1620,Not Applicable,North-East,0,1000000,Alluri Sitharama Raju | Hukumpeta
Telangana,Yadadri Bhuvanagiri,Bhongir,Apartment,1,1,517,Unfurnished,East,0,1625000,Yadadri Bhuvanagiri | Yadagirigutta
Andhra Pradesh,Prakasam,Ongole,Apartment,4,4,2441,Furnished,North,0,5025000,Prakasam | Naguluppalapadu
Telangana,Hyderabad,Hyderabad,Independent Builder Floor,2,2,1073,Unfurnished,North-East,0,7175000,Hyderabad | Sanathnagar
Andhra Pradesh,Eluru,Eluru,Residential Plot,0,0,1350,Not Applicable,South-East,0,2250000,Eluru | Eluru Town
Andhra Pradesh,Kurnool,Kurnool,Apartment,3,2,1400,Unfurnished,South,0,4500000,Kurnool | Budhwarpet
Telangana,Medak,Medak,Independent House,5,6,2289,Unfurnished,East,2,4300000,Medak | Ramayampet
Andhra Pradesh,West Godavari,Bhimavaram,Independent Builder Floor,3,2,1362,Unfurnished,North-East,0,4225000,West Godavari | Tanuku
Telangana,Hyderabad,Hyderabad,Independent House,2,2,1379,Semi-Furnished,East,2,11500000,Hyderabad | Shaikpet
Telangana,Bhadradri Kothagudem,Kothagudem,Independent Builder Floor,2,2,1038,Unfurnished,East,4,2750000,Bhadradri Kothagudem | Palvancha
Telangana,Karimnagar,Karimnagar,Independent Builder Floor,3,3,1342,Unfurnished,East,0,5625000,Karimnagar | Kashmirgadda
Andhra Pradesh,Guntur,Guntur,Apartment,3,3,1279,Semi-Furnished,East,1,7150000,Guntur | Kothapet
Andhra Pradesh,Chittoor,Chittoor,Residential Plot,0,0,900,Not Applicable,North-East,0,925000,Chittoor | Kuppam
Telangana,Medchal Malkajgiri,Hyderabad,Residential Plot,0,0,1197,Not Applicable,South-East,0,7375000,Medchal Malkajgiri | Kompally
Andhra Pradesh,Chittoor,Chittoor,Independent House,2,3,1362,Furnished,East,3,2425000,Chittoor | Somala
Andhra Pradesh,NTR,Vijayawada,Apartment,3,4,1603,Unfurnished,North,2,12125000,NTR | Governorpet
Telangana,Rangareddy,Hyderabad,Residential Plot,0,0,1350,Not Applicable,West,0,4475000,Rangareddy | Maheshwaram
Andhra Pradesh,Eluru,Eluru,Residential Plot,0,0,2403,Not Applicable,East,0,1725000,Eluru | Bhimadole
Andhra Pradesh,Palnadu,Narasaraopet,Independent House,4,4,2176,Unfurnished,East,1,5800000,Palnadu | Sattenapalle
Telangana,Yadadri Bhuvanagiri,Bhongir,Apartment,2,2,1100,Semi-Furnished,South,11,3300000,Yadadri Bhuvanagiri | Choutuppal
Telangana,Hanumakonda,Hanamkonda,Independent House,3,3,1798,Unfurnished,North,5,4900000,Hanumakonda | Kamalapur
Telangana,Khammam,Khammam,Villa,4,4,2686,Unfurnished,East,0,10600000,Khammam | Wyra
Andhra Pradesh,Visakhapatnam,Visakhapatnam,Apartment,3,3,1423,Furnished,North-East,0,14600000,Visakhapatnam | Siripuram
Telangana,Nirmal,Nirmal,Independent House,4,3,2022,Semi-Furnished,North-East,21,2450000,Nirmal | Sarangapur
Telangana,Hyderabad,Hyderabad,Apartment,2,2,1038,Semi-Furnished,East,3,7475000,Hyderabad | Tolichowki
Andhra Pradesh,Prakasam,Ongole,Independent House,6,5,3546,Furnished,North,2,11825000,Prakasam | Ongole Town
Telangana,Karimnagar,Karimnagar,Residential Plot,0,0,1197,Not Applicable,East,0,1650000,Karimnagar | Kothapally
Telangana,Hyderabad,Hyderabad,Apartment,4,4,2307,Unfurnished,South,0,15675000,Hyderabad | Kachiguda
Andhra Pradesh,NTR,Vijayawada,Residential Plot,0,0,2403,Not Applicable,North,0,9600000,NTR | Patamata
Andhra Pradesh,Visakhapatnam,Visakhapatnam,Villa,3,3,1560,Unfurnished,West,19,11300000,Visakhapatnam | Maddilapalem
Telangana,Medchal Malkajgiri,Hyderabad,Independent Builder Floor,3,3,1340,Semi-Furnished,West,8,6375000,Medchal Malkajgiri | Keesara
Telangana,Nizamabad,Nizamabad,Independent House,5,4,2738,Furnished,North,3,5825000,Nizamabad | Balkonda
Andhra Pradesh,Vizianagaram,Vizianagaram,Independent House,3,3,1883,Unfurnished,North-East,10,5375000,Vizianagaram | Gajapathinagaram
Telangana,Rangareddy,Hyderabad,Independent House,3,3,1628,Unfurnished,North-East,8,21400000,Rangareddy | Kondapur
Telangana,Kamareddy,Kamareddy,Apartment,2,2,775,Unfurnished,East,2,1850000,Kamareddy | Banswada
Andhra Pradesh,Guntur,Guntur,Independent House,2,2,1275,Unfurnished,East,1,5550000,Guntur | Kothapet
Andhra Pradesh,Anantapur,Anantapur,Apartment,2,1,955,Semi-Furnished,East,18,2050000,Anantapur | Rayadurg
Telangana,Rangareddy,Hyderabad,Apartment,3,3,1392,Unfurnished,South-East,1,8750000,Rangareddy | Hayathnagar
Telangana,Vikarabad,Vikarabad,Independent House,3,3,1871,Unfurnished,East,4,4900000,Vikarabad | Parigi
Telangana,Vikarabad,Vikarabad,Independent House,3,3,1743,Unfurnished,East,4,3300000,Vikarabad | Marpalle
Telangana,Jayashankar Bhupalpally,Bhupalpally,Independent House,3,3,1123,Furnished,South-East,1,1575000,Jayashankar Bhupalpally | Chityal
Telangana,Mancherial,Mancherial,Residential Plot,0,0,2403,Not Applicable,North,0,2125000,Mancherial | Mandamarri
Andhra Pradesh,Sri Sathya Sai,Puttaparthi,Independent House,3,2,1674,Furnished,South,1,2275000,Sri Sathya Sai | Roddam
Telangana,Mancherial,Mancherial,Independent House,3,3,1845,Semi-Furnished,East,2,7050000,Mancherial | Mancherial Town
Andhra Pradesh,Kakinada,Kakinada,Apartment,2,2,922,Unfurnished,South,1,3975000,Kakinada | Sarpavaram
Telangana,Suryapet,Suryapet,Villa,4,4,2538,Semi-Furnished,South,0,11125000,Suryapet | Suryapet Town
Telangana,Hyderabad,Hyderabad,Independent House,2,3,1020,Semi-Furnished,West,2,10550000,Hyderabad | Begumpet
Andhra Pradesh,Guntur,Guntur,Independent House,2,1,1448,Unfurnished,North,15,4800000,Guntur | Pedakakani
Andhra Pradesh,East Godavari,Rajahmundry,Independent House,3,3,1913,Semi-Furnished,South,6,4775000,East Godavari | Seethanagaram
Telangana,Kumuram Bheem Asifabad,Asifabad,Apartment,2,1,900,Semi-Furnished,South,2,2350000,Kumuram Bheem Asifabad | Asifabad Town
Telangana,Kamareddy,Kamareddy,Apartment,3,4,1172,Semi-Furnished,South,3,3625000,Kamareddy | Kamareddy Town
Andhra Pradesh,Visakhapatnam,Visakhapatnam,Villa,4,4,2632,Unfurnished,South,18,13225000,Visakhapatnam | Pendurthi
Andhra Pradesh,NTR,Vijayawada,Independent Builder Floor,3,3,1333,Unfurnished,North,0,8175000,NTR | Labbipet
Andhra Pradesh,East Godavari,Rajahmundry,Residential Plot,0,0,1350,Not Applicable,North-East,0,3225000,East Godavari | Morampudi
Andhra Pradesh,Bapatla,Bapatla,Independent House,2,2,1391,Semi-Furnished,East,9,3875000,Bapatla | Repalle
Telangana,Rangareddy,Hyderabad,Apartment,2,3,1085,Semi-Furnished,North,4,12700000,Rangareddy | Gachibowli
Telangana,Rangareddy,Hyderabad,Residential Plot,0,0,3600,Not Applicable,South,0,17100000,Rangareddy | Mokila
Andhra Pradesh,Anakapalli,Anakapalle,Residential Plot,0,0,1620,Not Applicable,North,0,2700000,Anakapalli | Parawada
Telangana,Warangal,Warangal,Independent House,2,2,1348,Semi-Furnished,North,10,5225000,Warangal | Khila Warangal
Telangana,Mahabubnagar,Mahabubnagar,Independent House,4,5,2074,Unfurnished,South,2,8300000,Mahabubnagar | Mahabubnagar Town
Andhra Pradesh,Annamayya,Madanapalle,Independent House,3,3,1780,Unfurnished,North-East,6,6225000,Annamayya | Madanapalle Town
Andhra Pradesh,Markapuram,Markapuram,Apartment,2,2,1078,Semi-Furnished,North-East,4,2375000,Markapuram | Kanigiri
Telangana,Khammam,Khammam,Independent Builder Floor,3,3,1349,Unfurnished,South-East,0,5050000,Khammam | Gandhi Chowk
Andhra Pradesh,Tirupati,Tirupati,Apartment,2,2,820,Unfurnished,South,11,5050000,Tirupati | Leela Mahal Circle
Andhra Pradesh,Tirupati,Tirupati,Residential Plot,0,0,1350,Not Applicable,East,0,3950000,Tirupati | Bairagipatteda
Telangana,Nalgonda,Nalgonda,Independent Builder Floor,3,4,1422,Unfurnished,South,2,2400000,Nalgonda | Nakrekal
Telangana,Nagarkurnool,Nagarkurnool,Independent House,6,6,3007,Furnished,West,5,5125000,Nagarkurnool | Kollapur
Andhra Pradesh,Visakhapatnam,Visakhapatnam,Apartment,4,4,2296,Unfurnished,North-East,0,11400000,Visakhapatnam | Simhachalam
Telangana,Rangareddy,Hyderabad,Apartment,2,3,1049,Semi-Furnished,East,5,5900000,Rangareddy | Ibrahimpatnam
Telangana,Hyderabad,Hyderabad,Residential Plot,0,0,4500,Not Applicable,West,0,29500000,Hyderabad | Narayanguda
Andhra Pradesh,Srikakulam,Srikakulam,Villa,3,3,2461,Unfurnished,East,21,6900000,Srikakulam | Ichchapuram
Telangana,Suryapet,Suryapet,Independent House,3,3,1464,Unfurnished,East,30,2250000,Suryapet | Nereducherla
Andhra Pradesh,NTR,Vijayawada,Independent House,2,2,1150,Semi-Furnished,North-East,2,11075000,NTR | Labbipet
Telangana,Wanaparthy,Wanaparthy,Independent House,3,4,1660,Semi-Furnished,North,11,4600000,Wanaparthy | Wanaparthy Town
Telangana,Hanumakonda,Hanamkonda,Villa,5,4,3294,Semi-Furnished,East,1,21700000,Hanumakonda | Nakkalagutta
Andhra Pradesh,Visakhapatnam,Visakhapatnam,Independent House,3,3,1746,Semi-Furnished,North,0,16525000,Visakhapatnam | Dwaraka Nagar
Andhra Pradesh,Annamayya,Madanapalle,Residential Plot,0,0,1620,Not Applicable,North,0,2825000,Annamayya | Rayachoty
Andhra Pradesh,Sri Sathya Sai,Puttaparthi,Residential Plot,0,0,2700,Not Applicable,West,0,4950000,Sri Sathya Sai | Puttaparthi Town
Andhra Pradesh,Kurnool,Kurnool,Independent Builder Floor,3,3,1029,Semi-Furnished,South-East,0,4425000,Kurnool | Gayathri Estates
Andhra Pradesh,NTR,Vijayawada,Apartment,3,3,1429,Unfurnished,West,0,11150000,NTR | MG Road
Telangana,Vikarabad,Vikarabad,Apartment,1,1,567,Unfurnished,South,0,950000,Vikarabad | Dharur
Telangana,Khammam,Khammam,Independent House,2,3,1168,Furnished,East,4,5525000,Khammam | Gandhi Chowk
Andhra Pradesh,Sri Sathya Sai,Puttaparthi,Independent House,3,3,1721,Unfurnished,West,12,2925000,Sri Sathya Sai | Gorantla
Telangana,Peddapalli,Peddapalli,Independent House,4,5,1915,Furnished,South-East,2,6075000,Peddapalli | Ramagundam
Andhra Pradesh,NTR,Vijayawada,Apartment,3,3,1525,Semi-Furnished,North,7,6225000,NTR | Ibrahimpatnam
Telangana,Rangareddy,Hyderabad,Residential Plot,0,0,1800,Not Applicable,East,0,19900000,Rangareddy | Madhapur
Telangana,Narayanpet,Narayanpet,Residential Plot,0,0,1197,Not Applicable,North-East,0,1950000,Narayanpet | Narayanpet Town
Andhra Pradesh,Dr. B.R. Ambedkar Konaseema,Amalapuram,Apartment,3,4,1773,Unfurnished,East,7,4675000,Dr. B.R. Ambedkar Konaseema | Mandapeta
Telangana,Peddapalli,Peddapalli,Residential Plot,0,0,3600,Not Applicable,North,0,4775000,Peddapalli | Godavarikhani
Telangana,Mahabubabad,Mahabubabad,Apartment,3,3,1655,Unfurnished,East,0,4575000,Mahabubabad | Mahabubabad Town
Telangana,Adilabad,Adilabad,Apartment,2,2,798,Unfurnished,North-East,1,2700000,Adilabad | Adilabad Town
Andhra Pradesh,Chittoor,Chittoor,Independent House,4,3,2107,Unfurnished,East,5,3950000,Chittoor | Puthalapattu
Andhra Pradesh,Guntur,Guntur,Residential Plot,0,0,2700,Not Applicable,East,0,6300000,Guntur | Pattabhipuram
Andhra Pradesh,Markapuram,Markapuram,Apartment,2,2,781,Unfurnished,North-East,0,1275000,Markapuram | Cumbum
Andhra Pradesh,Prakasam,Ongole,Independent House,3,4,1448,Unfurnished,South-East,6,5150000,Prakasam | Ongole Town
Andhra Pradesh,Tirupati,Tirupati,Villa,3,4,1712,Unfurnished,South,2,5100000,Tirupati | Venkatagiri
Telangana,Siddipet,Siddipet,Apartment,3,3,1789,Unfurnished,North,2,4825000,Siddipet | Dubbaka
Andhra Pradesh,YSR Kadapa,Kadapa,Apartment,2,2,1030,Semi-Furnished,East,1,2125000,YSR Kadapa | Badvel
Andhra Pradesh,Visakhapatnam,Visakhapatnam,Apartment,2,2,1185,Semi-Furnished,East,6,6525000,Visakhapatnam | Gopalapatnam
Telangana,Yadadri Bhuvanagiri,Bhongir,Residential Plot,0,0,1998,Not Applicable,West,0,3200000,Yadadri Bhuvanagiri | Yadagirigutta
Andhra Pradesh,Markapuram,Markapuram,Independent House,3,3,1751,Unfurnished,South-East,0,2550000,Markapuram | Tarlupadu
Andhra Pradesh,Chittoor,Chittoor,Residential Plot,0,0,1350,Not Applicable,East,0,875000,Chittoor | Thavanampalle
Telangana,Khammam,Khammam,Apartment,2,2,801,Unfurnished,North,0,3425000,Khammam | Wyra Road
Telangana,Jayashankar Bhupalpally,Bhupalpally,Residential Plot,0,0,3600,Not Applicable,South,0,1800000,Jayashankar Bhupalpally | Chityal
Telangana,Mancherial,Mancherial,Residential Plot,0,0,1350,Not Applicable,North,0,875000,Mancherial | Naspur
Andhra Pradesh,Chittoor,Chittoor,Independent Builder Floor,2,2,1154,Unfurnished,East,0,2075000,Chittoor | Punganur
Telangana,Warangal,Warangal,Independent Builder Floor,2,2,1013,Unfurnished,North,0,3400000,Warangal | Khila Warangal
Andhra Pradesh,Vizianagaram,Vizianagaram,Apartment,2,3,910,Unfurnished,North,0,2000000,Vizianagaram | Pusapatirega
Andhra Pradesh,NTR,Vijayawada,Apartment,2,3,923,Unfurnished,East,0,7625000,NTR | Benz Circle
Telangana,Mahabubnagar,Mahabubnagar,Independent House,2,3,1162,Unfurnished,East,15,1725000,Mahabubnagar | Bhoothpur
Telangana,Nirmal,Nirmal,Independent House,3,3,1676,Semi-Furnished,South-East,30,2475000,Nirmal | Mudhole
Andhra Pradesh,Tirupati,Tirupati,Villa,3,3,2114,Unfurnished,East,8,16600000,Tirupati | Korlagunta
Andhra Pradesh,YSR Kadapa,Kadapa,Residential Plot,0,0,1800,Not Applicable,North,0,1675000,YSR Kadapa | Pulivendula
Andhra Pradesh,Visakhapatnam,Visakhapatnam,Independent House,3,2,1771,Unfurnished,East,1,10000000,Visakhapatnam | Bheemili
Andhra Pradesh,Kakinada,Kakinada,Apartment,2,2,979,Unfurnished,East,2,4100000,Kakinada | Vakalapudi
Telangana,Vikarabad,Vikarabad,Independent House,2,2,968,Semi-Furnished,North-East,3,3225000,Vikarabad | Tandur
Telangana,Medchal Malkajgiri,Hyderabad,Villa,4,5,3080,Unfurnished,North,16,24450000,Medchal Malkajgiri | Bachupally
Telangana,Suryapet,Suryapet,Residential Plot,0,0,1998,Not Applicable,North,0,1350000,Suryapet | Nereducherla
Andhra Pradesh,Visakhapatnam,Visakhapatnam,Independent Builder Floor,3,3,1439,Semi-Furnished,North-East,5,12150000,Visakhapatnam | Rushikonda
Andhra Pradesh,Eluru,Eluru,Apartment,3,3,1368,Unfurnished,North,0,3425000,Eluru | Kaikaluru
Andhra Pradesh,Markapuram,Markapuram,Independent House,4,4,1991,Unfurnished,North-East,11,6250000,Markapuram | Markapuram Town
Telangana,Medchal Malkajgiri,Hyderabad,Villa,4,3,2721,Unfurnished,North-East,28,24350000,Medchal Malkajgiri | KPHB
Andhra Pradesh,Markapuram,Markapuram,Residential Plot,0,0,1620,Not Applicable,East,0,1600000,Markapuram | Kanigiri
Telangana,Hyderabad,Hyderabad,Apartment,4,3,2472,Semi-Furnished,North-East,1,26200000,Hyderabad | Shaikpet
Andhra Pradesh,Nandyal,Nandyal,Independent House,4,4,2073,Unfurnished,West,2,3575000,Nandyal | Nandikotkur
Andhra Pradesh,Alluri Sitharama Raju,Paderu,Independent House,4,3,2258,Semi-Furnished,South-East,6,3150000,Alluri Sitharama Raju | Dumbriguda
Andhra Pradesh,Alluri Sitharama Raju,Paderu,Independent House,6,6,3141,Unfurnished,West,8,4100000,Alluri Sitharama Raju | Chintapalle
Andhra Pradesh,East Godavari,Rajahmundry,Apartment,2,2,1104,Unfurnished,South-East,3,3025000,East Godavari | Kovvur
Telangana,Mahabubnagar,Mahabubnagar,Independent House,5,4,2687,Semi-Furnished,North-East,0,8700000,Mahabubnagar | Jadcherla
Andhra Pradesh,Krishna,Machilipatnam,Independent House,3,3,1600,Unfurnished,West,8,3550000,Krishna | Vuyyuru
Andhra Pradesh,Guntur,Guntur,Independent House,3,3,1959,Unfurnished,West,0,11775000,Guntur | Brodipet
Telangana,Bhadradri Kothagudem,Kothagudem,Residential Plot,0,0,1197,Not Applicable,East,0,1650000,Bhadradri Kothagudem | Palvancha
Telangana,Bhadradri Kothagudem,Kothagudem,Independent House,4,5,2443,Semi-Furnished,North,2,4450000,Bhadradri Kothagudem | Aswaraopeta
Andhra Pradesh,Kakinada,Kakinada,Independent House,4,5,1806,Unfurnished,East,2,6750000,Kakinada | Vakalapudi
Andhra Pradesh,Visakhapatnam,Visakhapatnam,Independent House,3,3,1508,Semi-Furnished,East,4,14825000,Visakhapatnam | Siripuram
Andhra Pradesh,West Godavari,Bhimavaram,Apartment,3,3,1801,Unfurnished,East,0,7100000,West Godavari | Bhimavaram Town
Andhra Pradesh,Anantapur,Anantapur,Apartment,2,2,975,Unfurnished,West,10,3375000,Anantapur | Tapovanam
Telangana,Hyderabad,Hyderabad,Apartment,3,3,1225,Unfurnished,North-East,0,9475000,Hyderabad | Nampally
Andhra Pradesh,Sri Potti Sriramulu Nellore,Nellore,Apartment,3,3,1426,Furnished,North,8,4575000,Sri Potti Sriramulu Nellore | Kovur
Andhra Pradesh,Nandyal,Nandyal,Apartment,3,3,1559,Furnished,North-East,0,3475000,Nandyal | Allagadda
Andhra Pradesh,Anantapur,Anantapur,Independent House,2,2,1232,Unfurnished,West,4,3075000,Anantapur | Tadipatri
Telangana,Warangal,Warangal,Independent House,5,5,2829,Unfurnished,North-East,30,5375000,Warangal | Sangem
Telangana,Jangaon,Jangaon,Apartment,2,2,996,Semi-Furnished,East,4,1950000,Jangaon | Palakurthi
Andhra Pradesh,Annamayya,Madanapalle,Residential Plot,0,0,1350,Not Applicable,South-East,0,2200000,Annamayya | Rayachoty
Andhra Pradesh,Markapuram,Markapuram,Apartment,4,4,2410,Semi-Furnished,East,2,4150000,Markapuram | Cumbum
Andhra Pradesh,Markapuram,Markapuram,Residential Plot,0,0,1350,Not Applicable,North-East,0,975000,Markapuram | Cumbum
Telangana,Nizamabad,Nizamabad,Independent House,2,1,1174,Semi-Furnished,South,16,2700000,Nizamabad | Armoor
Andhra Pradesh,Tirupati,Tirupati,Independent House,4,4,1943,Unfurnished,North-East,7,9150000,Tirupati | Vikruthamala
Telangana,Adilabad,Adilabad,Apartment,3,3,1642,Unfurnished,North,0,6100000,Adilabad | Adilabad Town
Telangana,Rangareddy,Hyderabad,Independent House,6,5,3208,Unfurnished,South,30,13400000,Rangareddy | Shamshabad
Andhra Pradesh,Kakinada,Kakinada,Apartment,2,2,1063,Unfurnished,North,0,6800000,Kakinada | Bhanugudi Junction
Andhra Pradesh,Krishna,Vijayawada,Residential Plot,0,0,2160,Not Applicable,North,0,5250000,Krishna | Penamaluru
Andhra Pradesh,Bapatla,Bapatla,Independent House,3,3,1595,Unfurnished,North,0,4225000,Bapatla | Chirala
Andhra Pradesh,Polavaram,Rampachodavaram,Residential Plot,0,0,1620,Not Applicable,South,0,1950000,Polavaram | Rampachodavaram
Telangana,Rangareddy,Hyderabad,Apartment,4,4,2129,Unfurnished,South,0,9375000,Rangareddy | Ibrahimpatnam
Andhra Pradesh,West Godavari,Bhimavaram,Residential Plot,0,0,2403,Not Applicable,West,0,2000000,West Godavari | Achanta
Andhra Pradesh,Eluru,Eluru,Independent Builder Floor,2,2,870,Semi-Furnished,North,1,2000000,Eluru | Nuzvid
Telangana,Rangareddy,Hyderabad,Residential Plot,0,0,1197,Not Applicable,North-East,0,5975000,Rangareddy | Adibatla
Andhra Pradesh,Nandyal,Nandyal,Independent House,2,2,1441,Unfurnished,North,1,5150000,Nandyal | Nandyal Town
Telangana,Nalgonda,Nalgonda,Independent House,3,4,1297,Semi-Furnished,North-East,1,2900000,Nalgonda | Nagarjuna Sagar
Andhra Pradesh,West Godavari,Bhimavaram,Villa,3,3,1685,Semi-Furnished,North-East,1,6050000,West Godavari | Palakollu
Telangana,Hyderabad,Hyderabad,Independent House,2,2,1040,Unfurnished,West,20,7075000,Hyderabad | Habsiguda
Andhra Pradesh,Sri Sathya Sai,Puttaparthi,Independent House,2,2,1220,Unfurnished,North,9,2125000,Sri Sathya Sai | Gorantla
Andhra Pradesh,Palnadu,Narasaraopet,Apartment,4,5,2272,Furnished,West,9,5375000,Palnadu | Piduguralla
Telangana,Hyderabad,Hyderabad,Apartment,1,2,501,Furnished,East,0,6800000,Hyderabad | Banjara Hills
Andhra Pradesh,Sri Sathya Sai,Puttaparthi,Independent House,2,3,1108,Unfurnished,South,6,1975000,Sri Sathya Sai | Madakasira
Telangana,Nizamabad,Nizamabad,Villa,4,4,2613,Semi-Furnished,North,2,12725000,Nizamabad | Vinayak Nagar
Telangana,Khammam,Khammam,Independent House,4,4,1978,Semi-Furnished,North,3,3950000,Khammam | Kusumanchi
Andhra Pradesh,Anakapalli,Anakapalle,Apartment,2,2,1221,Unfurnished,West,12,5250000,Anakapalli | Anakapalle Town
Andhra Pradesh,Guntur,Guntur,Residential Plot,0,0,1503,Not Applicable,North-East,0,2450000,Guntur | Auto Nagar
Telangana,Hyderabad,Hyderabad,Apartment,2,2,989,Unfurnished,North,1,7075000,Hyderabad | Nampally
Telangana,Karimnagar,Karimnagar,Villa,5,5,3169,Unfurnished,South-East,1,15075000,Karimnagar | Chaitanyapuri
Telangana,Mahabubnagar,Mahabubnagar,Apartment,2,1,1141,Unfurnished,North-East,0,2375000,Mahabubnagar | Bhoothpur
Andhra Pradesh,Krishna,Machilipatnam,Independent House,3,3,1895,Unfurnished,East,1,6850000,Krishna | Gudivada
Andhra Pradesh,Nandyal,Nandyal,Apartment,3,3,1417,Unfurnished,North,0,4850000,Nandyal | Nandyal Town
Telangana,Rangareddy,Hyderabad,Apartment,2,2,999,Unfurnished,West,2,4875000,Rangareddy | Shadnagar
Telangana,Karimnagar,Karimnagar,Independent House,5,5,2604,Semi-Furnished,North-East,2,15425000,Karimnagar | Mankammathota
Andhra Pradesh,Sri Potti Sriramulu Nellore,Nellore,Apartment,3,3,1501,Semi-Furnished,West,0,7925000,Sri Potti Sriramulu Nellore | Dargamitta
Andhra Pradesh,Dr. B.R. Ambedkar Konaseema,Amalapuram,Independent House,4,3,2218,Semi-Furnished,East,0,7125000,Dr. B.R. Ambedkar Konaseema | Ravulapalem
Telangana,Kamareddy,Kamareddy,Apartment,3,3,1652,Unfurnished,East,18,3550000,Kamareddy | Banswada
Telangana,Medchal Malkajgiri,Hyderabad,Independent Builder Floor,2,1,1038,Unfurnished,East,3,6375000,Medchal Malkajgiri | Uppal
Andhra Pradesh,Visakhapatnam,Visakhapatnam,Independent House,4,4,2018,Unfurnished,North,3,16650000,Visakhapatnam | Sagar Nagar
Andhra Pradesh,Nandyal,Nandyal,Apartment,2,2,1032,Unfurnished,West,1,1725000,Nandyal | Panyam
Telangana,Nizamabad,Nizamabad,Apartment,2,2,1193,Semi-Furnished,North,4,3300000,Nizamabad | Bodhan
Andhra Pradesh,Chittoor,Chittoor,Residential Plot,0,0,900,Not Applicable,South,0,500000,Chittoor | Somala
Telangana,Rangareddy,Hyderabad,Apartment,4,4,2665,Unfurnished,South-East,0,16200000,Rangareddy | LB Nagar
Telangana,Mahabubnagar,Mahabubnagar,Independent House,3,3,1656,Furnished,South-East,2,3675000,Mahabubnagar | Balanagar
Andhra Pradesh,Sri Potti Sriramulu Nellore,Nellore,Apartment,2,2,990,Semi-Furnished,East,4,5650000,Sri Potti Sriramulu Nellore | Magunta Layout
Andhra Pradesh,Annamayya,Madanapalle,Villa,3,4,1827,Unfurnished,East,1,5700000,Annamayya | Rajampet
Andhra Pradesh,East Godavari,Rajahmundry,Apartment,2,1,879,Unfurnished,North,0,3500000,East Godavari | Bommuru
Andhra Pradesh,Dr. B.R. Ambedkar Konaseema,Amalapuram,Residential Plot,0,0,900,Not Applicable,North-East,0,1675000,Dr. B.R. Ambedkar Konaseema | Amalapuram Town
Telangana,Kamareddy,Kamareddy,Apartment,2,3,913,Semi-Furnished,East,13,2825000,Kamareddy | Kamareddy Town
Andhra Pradesh,Guntur,Guntur,Villa,4,4,2560,Unfurnished,North-East,3,14950000,Guntur | Tenali
Telangana,Rangareddy,Hyderabad,Residential Plot,0,0,1503,Not Applicable,East,0,7450000,Rangareddy | Rajendranagar
Andhra Pradesh,NTR,Vijayawada,Residential Plot,0,0,900,Not Applicable,North-East,0,1625000,NTR | Nandigama
Andhra Pradesh,Guntur,Guntur,Apartment,2,2,953,Unfurnished,South,0,4875000,Guntur | Brodipet
Andhra Pradesh,Parvathipuram Manyam,Parvathipuram,Independent House,4,4,2243,Furnished,East,2,4200000,Parvathipuram Manyam | Veeraghattam
Telangana,Medchal Malkajgiri,Hyderabad,Apartment,2,2,911,Unfurnished,South,0,3650000,Medchal Malkajgiri | Medchal
Andhra Pradesh,Tirupati,Tirupati,Independent House,5,4,2451,Furnished,North-East,7,17225000,Tirupati | Leela Mahal Circle
Telangana,Rangareddy,Hyderabad,Residential Plot,0,0,1998,Not Applicable,North,0,16075000,Rangareddy | Nallagandla
Andhra Pradesh,Annamayya,Madanapalle,Apartment,2,1,1112,Unfurnished,North,1,2450000,Annamayya | Kodur
Telangana,Karimnagar,Karimnagar,Residential Plot,0,0,1350,Not Applicable,North,0,1800000,Karimnagar | Huzurabad
Andhra Pradesh,Tirupati,Tirupati,Apartment,3,3,1682,Unfurnished,South-East,0,9575000,Tirupati | Renigunta
Telangana,Khammam,Khammam,Apartment,2,2,1216,Semi-Furnished,North,15,3100000,Khammam | Madhira
Andhra Pradesh,Visakhapatnam,Visakhapatnam,Independent House,2,2,1145,Unfurnished,North,0,7750000,Visakhapatnam | Maddilapalem
Telangana,Adilabad,Adilabad,Apartment,2,2,944,Semi-Furnished,North,1,1575000,Adilabad | Utnoor
Andhra Pradesh,Alluri Sitharama Raju,Paderu,Residential Plot,0,0,2160,Not Applicable,North,0,2325000,Alluri Sitharama Raju | Paderu
Andhra Pradesh,Tirupati,Tirupati,Apartment,3,3,1727,Unfurnished,South,8,7400000,Tirupati | Vikruthamala
Andhra Pradesh,Visakhapatnam,Visakhapatnam,Residential Plot,0,0,1998,Not Applicable,North,0,5000000,Visakhapatnam | Marripalem
Telangana,Nalgonda,Nalgonda,Independent House,3,3,1549,Unfurnished,West,13,2325000,Nalgonda | Chandur
Andhra Pradesh,Vizianagaram,Vizianagaram,Residential Plot,0,0,1998,Not Applicable,North,0,2200000,Vizianagaram | Pusapatirega
Telangana,Khammam,Khammam,Residential Plot,0,0,3600,Not Applicable,North,0,7800000,Khammam | Gandhi Chowk
Andhra Pradesh,NTR,Vijayawada,Villa,3,3,1971,Unfurnished,West,10,19275000,NTR | Patamata
Andhra Pradesh,Eluru,Eluru,Apartment,2,1,939,Unfurnished,North,8,2450000,Eluru | Jangareddygudem
Andhra Pradesh,East Godavari,Rajahmundry,Residential Plot,0,0,2160,Not Applicable,South,0,2625000,East Godavari | Nidadavole
Telangana,Nalgonda,Nalgonda,Independent House,2,2,1637,Unfurnished,East,2,2875000,Nalgonda | Chandur
Telangana,Rangareddy,Hyderabad,Villa,3,2,2509,Unfurnished,North-East,3,17725000,Rangareddy | Hayathnagar
Telangana,Adilabad,Adilabad,Residential Plot,0,0,900,Not Applicable,East,0,550000,Adilabad | Indervelly
Andhra Pradesh,Guntur,Amaravati,Apartment,2,2,1054,Unfurnished,East,0,5700000,Guntur | Tadepalle
Andhra Pradesh,Visakhapatnam,Visakhapatnam,Independent Builder Floor,2,2,805,Unfurnished,South,1,4575000,Visakhapatnam | Madhurawada
Telangana,Khammam,Khammam,Villa,3,3,1500,Furnished,West,0,4350000,Khammam | Kusumanchi
Telangana,Wanaparthy,Wanaparthy,Independent House,5,5,2328,Furnished,East,0,5250000,Wanaparthy | Kothakota
Telangana,Mahabubabad,Mahabubabad,Independent Builder Floor,3,3,1336,Unfurnished,South-East,0,4075000,Mahabubabad | Mahabubabad Town
Andhra Pradesh,NTR,Vijayawada,Apartment,4,4,2406,Unfurnished,North,0,20750000,NTR | Governorpet
Telangana,Suryapet,Suryapet,Apartment,3,3,1560,Furnished,North,1,3325000,Suryapet | Mothey
Telangana,Suryapet,Suryapet,Villa,5,4,3175,Unfurnished,West,0,12300000,Suryapet | Kodad
Andhra Pradesh,Annamayya,Madanapalle,Residential Plot,0,0,1350,Not Applicable,South,0,1075000,Annamayya | Thamballapalle
Telangana,Peddapalli,Peddapalli,Independent Builder Floor,3,2,1198,Unfurnished,North,0,3450000,Peddapalli | Godavarikhani
Andhra Pradesh,Anakapalli,Anakapalle,Apartment,3,4,1410,Unfurnished,East,0,4425000,Anakapalli | Atchutapuram
Telangana,Mulugu,Mulugu,Villa,5,5,2958,Semi-Furnished,East,11,4175000,Mulugu | Venkatapur
Telangana,Vikarabad,Vikarabad,Apartment,3,3,1669,Unfurnished,South-East,0,5225000,Vikarabad | Vikarabad Town
Andhra Pradesh,Tirupati,Tirupati,Independent House,4,4,2121,Unfurnished,North-East,1,14100000,Tirupati | Renigunta
Telangana,Yadadri Bhuvanagiri,Bhongir,Independent House,4,4,2156,Unfurnished,West,1,5500000,Yadadri Bhuvanagiri | Rajapet
Andhra Pradesh,Nandyal,Nandyal,Residential Plot,0,0,900,Not Applicable,East,0,1450000,Nandyal | Nandyal Town
Andhra Pradesh,West Godavari,Bhimavaram,Independent House,3,3,1507,Unfurnished,East,1,4050000,West Godavari | Palakollu
Telangana,Sangareddy,Hyderabad,Independent House,3,3,1417,Unfurnished,North-East,0,9500000,Sangareddy | Beeramguda
Andhra Pradesh,Parvathipuram Manyam,Parvathipuram,Independent House,6,7,2962,Unfurnished,South,5,7100000,Parvathipuram Manyam | Palakonda
Andhra Pradesh,Kakinada,Kakinada,Independent Builder Floor,3,3,1293,Unfurnished,North-East,18,3450000,Kakinada | Tuni
Andhra Pradesh,NTR,Vijayawada,Independent Builder Floor,2,2,965,Semi-Furnished,North,3,8925000,NTR | MG Road
Andhra Pradesh,Kurnool,Kurnool,Independent House,4,5,2065,Unfurnished,East,19,6375000,Kurnool | Budhwarpet
Telangana,Wanaparthy,Wanaparthy,Independent House,3,2,1477,Unfurnished,North,13,4225000,Wanaparthy | Wanaparthy Town
Telangana,Karimnagar,Karimnagar,Apartment,3,3,1830,Furnished,South-East,1,5200000,Karimnagar | Kothapally
Andhra Pradesh,Visakhapatnam,Visakhapatnam,Apartment,2,3,1101,Unfurnished,North-East,4,5950000,Visakhapatnam | Simhachalam
Andhra Pradesh,Annamayya,Madanapalle,Apartment,3,3,1289,Unfurnished,East,0,2750000,Annamayya | Rajampet
Andhra Pradesh,West Godavari,Bhimavaram,Villa,4,4,2729,Furnished,South-East,1,13825000,West Godavari | Tadepalligudem
Andhra Pradesh,West Godavari,Bhimavaram,Apartment,3,3,1289,Unfurnished,East,0,4250000,West Godavari | Tadepalligudem
Andhra Pradesh,Kurnool,Kurnool,Residential Plot,0,0,1800,Not Applicable,East,0,2725000,Kurnool | Venkataramana Colony
Telangana,Warangal,Warangal,Villa,4,5,2911,Semi-Furnished,South-East,2,7250000,Warangal | Nekkonda
Telangana,Suryapet,Suryapet,Residential Plot,0,0,1350,Not Applicable,West,0,2225000,Suryapet | Suryapet Town
Telangana,Hyderabad,Hyderabad,Apartment,2,2,1246,Furnished,North-East,1,11925000,Hyderabad | Yousufguda
Andhra Pradesh,Kakinada,Kakinada,Independent House,4,4,1804,Unfurnished,North,2,5925000,Kakinada | Tuni
Telangana,Narayanpet,Narayanpet,Residential Plot,0,0,1620,Not Applicable,South-East,0,925000,Narayanpet | Damaragidda
Telangana,Karimnagar,Karimnagar,Residential Plot,0,0,1197,Not Applicable,North-East,0,2200000,Karimnagar | Vavilalapally
Telangana,Warangal,Warangal,Apartment,3,4,1516,Unfurnished,West,4,6225000,Warangal | Rangashaipet
Telangana,Rajanna Sircilla,Sircilla,Independent House,2,2,1155,Furnished,North,24,1400000,Rajanna Sircilla | Boinpalli
Andhra Pradesh,Bapatla,Bapatla,Apartment,4,5,2284,Unfurnished,North,1,5400000,Bapatla | Vetapalem
Andhra Pradesh,Visakhapatnam,Visakhapatnam,Villa,3,3,2148,Unfurnished,South,1,11925000,Visakhapatnam | Pendurthi
Telangana,Yadadri Bhuvanagiri,Bhongir,Residential Plot,0,0,2160,Not Applicable,North,0,3000000,Yadadri Bhuvanagiri | Choutuppal
Andhra Pradesh,Kakinada,Kakinada,Residential Plot,0,0,2160,Not Applicable,North,0,5375000,Kakinada | Ramanayapeta
Telangana,Siddipet,Siddipet,Independent House,4,5,2102,Unfurnished,North,1,5750000,Siddipet | Husnabad
Andhra Pradesh,Guntur,Amaravati,Apartment,2,1,842,Unfurnished,South-East,29,3950000,Guntur | Tadepalle
Telangana,Kamareddy,Kamareddy,Independent House,2,3,1565,Furnished,North,0,2650000,Kamareddy | Domakonda
Andhra Pradesh,Chittoor,Chittoor,Independent House,3,2,1795,Unfurnished,East,4,8000000,Chittoor | Chittoor Town
Telangana,Wanaparthy,Wanaparthy,Apartment,3,2,1501,Semi-Furnished,North,3,4625000,Wanaparthy | Wanaparthy Town
Telangana,Nizamabad,Nizamabad,Apartment,2,1,807,Semi-Furnished,South,0,2800000,Nizamabad | Armoor
Andhra Pradesh,Kakinada,Kakinada,Independent House,5,4,2738,Furnished,North-East,15,8750000,Kakinada | Pithapuram
Andhra Pradesh,Guntur,Guntur,Independent House,3,3,1686,Unfurnished,South,1,8425000,Guntur | Brodipet
Andhra Pradesh,Bapatla,Bapatla,Apartment,4,4,2198,Unfurnished,North-East,0,4075000,Bapatla | Parchur
Andhra Pradesh,East Godavari,Rajahmundry,Independent Builder Floor,2,2,1167,Unfurnished,North,11,4350000,East Godavari | Prakash Nagar
Telangana,Hyderabad,Hyderabad,Independent Builder Floor,3,3,1421,Unfurnished,South,0,15650000,Hyderabad | Banjara Hills
Andhra Pradesh,Guntur,Amaravati,Independent Builder Floor,2,2,1191,Unfurnished,East,1,5350000,Guntur | Tadikonda
Andhra Pradesh,NTR,Vijayawada,Independent House,3,2,1608,Unfurnished,East,11,4750000,NTR | Tiruvuru
Andhra Pradesh,East Godavari,Rajahmundry,Residential Plot,0,0,900,Not Applicable,North-East,0,2150000,East Godavari | Prakash Nagar
Telangana,Rangareddy,Hyderabad,Independent House,3,3,1645,Semi-Furnished,South,8,17350000,Rangareddy | Kondapur
Telangana,Medchal Malkajgiri,Hyderabad,Residential Plot,0,0,1197,Not Applicable,North-East,0,3525000,Medchal Malkajgiri | Keesara
Telangana,Yadadri Bhuvanagiri,Bhongir,Residential Plot,0,0,900,Not Applicable,North,0,1550000,Yadadri Bhuvanagiri | Bhongir Town
Andhra Pradesh,Krishna,Vijayawada,Independent House,2,2,974,Unfurnished,East,0,4900000,Krishna | Penamaluru
Andhra Pradesh,Krishna,Machilipatnam,Residential Plot,0,0,1197,Not Applicable,South,0,1825000,Krishna | Vuyyuru
Andhra Pradesh,YSR Kadapa,Kadapa,Apartment,4,4,2229,Unfurnished,North-East,0,7775000,YSR Kadapa | Marripadu
Andhra Pradesh,Vizianagaram,Vizianagaram,Independent House,5,5,2357,Unfurnished,East,6,7600000,Vizianagaram | Bhogapuram
Andhra Pradesh,Guntur,Amaravati,Independent House,4,4,1943,Furnished,East,9,8775000,Guntur | Undavalli
Telangana,Hyderabad,Hyderabad,Apartment,2,3,1085,Unfurnished,North,0,14075000,Hyderabad | Banjara Hills
Telangana,Nalgonda,Nalgonda,Villa,4,3,2465,Semi-Furnished,East,1,6125000,Nalgonda | Haliya
Telangana,Nagarkurnool,Nagarkurnool,Apartment,3,3,1379,Unfurnished,East,0,1750000,Nagarkurnool | Lingal
Andhra Pradesh,Sri Sathya Sai,Puttaparthi,Apartment,2,3,1395,Unfurnished,North-East,9,3525000,Sri Sathya Sai | Dharmavaram
Telangana,Khammam,Khammam,Villa,4,4,3057,Furnished,East,30,12400000,Khammam | Mamillagudem
Telangana,Jogulamba Gadwal,Gadwal,Independent House,2,3,1437,Semi-Furnished,East,4,1875000,Jogulamba Gadwal | Maldakal
Telangana,Siddipet,Siddipet,Residential Plot,0,0,1800,Not Applicable,North,0,2925000,Siddipet | Gajwel
Andhra Pradesh,Kurnool,Kurnool,Apartment,3,3,1752,Semi-Furnished,South,20,3025000,Kurnool | Pattikonda
Telangana,Jayashankar Bhupalpally,Bhupalpally,Independent House,4,4,2206,Unfurnished,North-East,5,5875000,Jayashankar Bhupalpally | Bhupalpally Town
Telangana,Hanumakonda,Hanamkonda,Villa,3,2,2082,Unfurnished,North,11,6750000,Hanumakonda | Elkathurthy
Andhra Pradesh,Nandyal,Nandyal,Residential Plot,0,0,1350,Not Applicable,West,0,1025000,Nandyal | Banaganapalle
Telangana,Hyderabad,Hyderabad,Independent Builder Floor,3,4,1253,Unfurnished,North,0,7675000,Hyderabad | Tolichowki
Andhra Pradesh,Prakasam,Ongole,Residential Plot,0,0,2403,Not Applicable,East,0,4175000,Prakasam | Ongole Trunk Road
Andhra Pradesh,Guntur,Guntur,Residential Plot,0,0,3600,Not Applicable,West,0,4475000,Guntur | Ponnur
Telangana,Sangareddy,Sangareddy,Residential Plot,0,0,1197,Not Applicable,North-East,0,2900000,Sangareddy | Jinnaram
Andhra Pradesh,Alluri Sitharama Raju,Paderu,Independent Builder Floor,3,2,1817,Unfurnished,East,1,3475000,Alluri Sitharama Raju | Ananthagiri
Telangana,Medak,Medak,Apartment,3,3,1631,Furnished,North,14,5050000,Medak | Medak Town
Andhra Pradesh,YSR Kadapa,Kadapa,Residential Plot,0,0,2403,Not Applicable,North,0,4375000,YSR Kadapa | Balaji Nagar
Andhra Pradesh,YSR Kadapa,Kadapa,Independent House,4,4,2222,Semi-Furnished,North,0,8500000,YSR Kadapa | Marripadu
Andhra Pradesh,NTR,Vijayawada,Residential Plot,0,0,1197,Not Applicable,North-East,0,5725000,NTR | Benz Circle
Telangana,Mahabubabad,Mahabubabad,Independent House,4,4,2259,Unfurnished,North-East,0,8500000,Mahabubabad | Mahabubabad Town
Andhra Pradesh,Srikakulam,Srikakulam,Residential Plot,0,0,1503,Not Applicable,West,0,2325000,Srikakulam | Arasavalli
Telangana,Warangal,Warangal,Residential Plot,0,0,4500,Not Applicable,North-East,0,6175000,Warangal | Narsampet
Telangana,Khammam,Khammam,Apartment,3,4,1815,Semi-Furnished,North,3,6700000,Khammam | Madhira
Andhra Pradesh,Anakapalli,Anakapalle,Residential Plot,0,0,1800,Not Applicable,North-East,0,2425000,Anakapalli | Yelamanchili
Telangana,Nizamabad,Nizamabad,Villa,3,4,2070,Unfurnished,East,11,7800000,Nizamabad | Bodhan
Telangana,Sangareddy,Hyderabad,Apartment,1,1,459,Unfurnished,East,0,4225000,Sangareddy | Tellapur
Andhra Pradesh,Eluru,Eluru,Residential Plot,0,0,2700,Not Applicable,North,0,4725000,Eluru | Eluru Town
Andhra Pradesh,Polavaram,Rampachodavaram,Independent House,3,2,1368,Unfurnished,East,12,1400000,Polavaram | Yetapaka
Telangana,Vikarabad,Vikarabad,Residential Plot,0,0,2700,Not Applicable,East,0,3500000,Vikarabad | Parigi
Telangana,Narayanpet,Narayanpet,Residential Plot,0,0,2700,Not Applicable,East,0,1375000,Narayanpet | Utkoor
Andhra Pradesh,Alluri Sitharama Raju,Paderu,Independent House,3,3,1641,Semi-Furnished,East,0,5850000,Alluri Sitharama Raju | Araku Valley
Telangana,Medchal Malkajgiri,Hyderabad,Independent House,5,5,2562,Unfurnished,North-East,0,14400000,Medchal Malkajgiri | Dundigal
Andhra Pradesh,Krishna,Vijayawada,Apartment,1,1,468,Unfurnished,East,6,2125000,Krishna | Penamaluru
Andhra Pradesh,East Godavari,Rajahmundry,Apartment,2,2,1143,Unfurnished,West,0,2750000,East Godavari | Korukonda
Telangana,Hyderabad,Hyderabad,Apartment,2,2,1011,Unfurnished,East,0,8000000,Hyderabad | Ameerpet
Telangana,Karimnagar,Karimnagar,Villa,4,5,2824,Semi-Furnished,North,1,18100000,Karimnagar | Jyothinagar
Andhra Pradesh,Tirupati,Tirupati,Apartment,3,3,1597,Unfurnished,East,4,8425000,Tirupati | Renigunta
Telangana,Vikarabad,Vikarabad,Independent House,3,3,1714,Unfurnished,East,30,1900000,Vikarabad | Kodangal
Telangana,Rangareddy,Hyderabad,Residential Plot,0,0,1800,Not Applicable,East,0,22200000,Rangareddy | Financial District
Andhra Pradesh,West Godavari,Bhimavaram,Apartment,2,3,1013,Unfurnished,South,2,3000000,West Godavari | Tanuku
Telangana,Sangareddy,Sangareddy,Independent House,6,7,2757,Furnished,South-East,2,10550000,Sangareddy | Sadasivpet
Andhra Pradesh,Vizianagaram,Vizianagaram,Apartment,2,2,1002,Semi-Furnished,South-East,2,3525000,Vizianagaram | Bhogapuram
Andhra Pradesh,Vizianagaram,Vizianagaram,Independent House,3,3,1974,Furnished,North,8,6625000,Vizianagaram | Bobbili
Telangana,Khammam,Khammam,Apartment,2,2,1128,Unfurnished,North-East,2,3400000,Khammam | Madhira
Telangana,Nizamabad,Nizamabad,Residential Plot,0,0,1620,Not Applicable,East,0,2950000,Nizamabad | Khaleelwadi
Andhra Pradesh,NTR,Vijayawada,Villa,4,4,2393,Semi-Furnished,North-East,9,14825000,NTR | Gunadala
Telangana,Kumuram Bheem Asifabad,Asifabad,Independent House,4,3,2144,Furnished,West,5,2775000,Kumuram Bheem Asifabad | Wankidi
Telangana,Khammam,Khammam,Independent House,2,2,942,Unfurnished,East,20,3725000,Khammam | Gandhi Chowk
Telangana,Hyderabad,Hyderabad,Apartment,2,1,802,Unfurnished,North-East,0,7075000,Hyderabad | Himayatnagar
Telangana,Peddapalli,Peddapalli,Independent House,3,3,1668,Furnished,North,1,6550000,Peddapalli | Godavarikhani
Telangana,Hyderabad,Hyderabad,Residential Plot,0,0,1620,Not Applicable,East,0,10175000,Hyderabad | Tarnaka
Telangana,Jangaon,Jangaon,Apartment,1,1,512,Semi-Furnished,West,0,700000,Jangaon | Bachannapet
Telangana,Kamareddy,Kamareddy,Independent House,4,4,1968,Semi-Furnished,North-East,7,7025000,Kamareddy | Kamareddy Town
Andhra Pradesh,West Godavari,Bhimavaram,Independent Builder Floor,2,2,1210,Semi-Furnished,South-East,0,2050000,West Godavari | Achanta
Andhra Pradesh,Nandyal,Nandyal,Independent House,4,4,2088,Semi-Furnished,North-East,21,2925000,Nandyal | Mahanandi
Andhra Pradesh,Nandyal,Nandyal,Apartment,3,4,1398,Unfurnished,East,1,3625000,Nandyal | Dhone
Andhra Pradesh,Alluri Sitharama Raju,Paderu,Independent House,4,3,2296,Semi-Furnished,West,30,1950000,Alluri Sitharama Raju | Dumbriguda
Andhra Pradesh,Srikakulam,Srikakulam,Residential Plot,0,0,1197,Not Applicable,North-East,0,1075000,Srikakulam | Narasannapeta
Andhra Pradesh,NTR,Vijayawada,Villa,3,3,1837,Semi-Furnished,South-East,4,20925000,NTR | MG Road
Telangana,Karimnagar,Karimnagar,Apartment,3,4,2000,Unfurnished,North-East,0,10700000,Karimnagar | Mankammathota
Andhra Pradesh,East Godavari,Rajahmundry,Independent House,2,3,1241,Unfurnished,East,7,5425000,East Godavari | Prakash Nagar
Telangana,Vikarabad,Vikarabad,Residential Plot,0,0,4500,Not Applicable,South,0,3175000,Vikarabad | Marpalle
Telangana,Hanumakonda,Hanamkonda,Residential Plot,0,0,1998,Not Applicable,East,0,2250000,Hanumakonda | Elkathurthy
Telangana,Jayashankar Bhupalpally,Bhupalpally,Independent House,3,3,1439,Semi-Furnished,North-East,29,3550000,Jayashankar Bhupalpally | Bhupalpally Town
Telangana,Rangareddy,Hyderabad,Apartment,4,4,2076,Unfurnished,South,2,13675000,Rangareddy | LB Nagar
Andhra Pradesh,Parvathipuram Manyam,Parvathipuram,Apartment,2,2,1146,Semi-Furnished,East,1,2175000,Parvathipuram Manyam | Seethampeta
Andhra Pradesh,NTR,Vijayawada,Independent House,3,3,1584,Unfurnished,East,3,10875000,NTR | Patamata
Andhra Pradesh,NTR,Vijayawada,Independent Builder Floor,2,2,1012,Unfurnished,East,0,6900000,NTR | Labbipet
Andhra Pradesh,Krishna,Vijayawada,Independent House,4,5,2032,Semi-Furnished,East,5,9075000,Krishna | Tadigadapa
Telangana,Hyderabad,Hyderabad,Villa,3,2,2103,Furnished,West,0,22925000,Hyderabad | Tarnaka
Telangana,Vikarabad,Vikarabad,Independent House,4,5,2403,Semi-Furnished,North,23,7050000,Vikarabad | Tandur
Andhra Pradesh,Palnadu,Narasaraopet,Apartment,2,3,1121,Unfurnished,West,0,4300000,Palnadu | Narasaraopet Town
Andhra Pradesh,Alluri Sitharama Raju,Paderu,Apartment,2,2,901,Semi-Furnished,North,1,2225000,Alluri Sitharama Raju | Paderu
Telangana,Warangal,Warangal,Apartment,4,4,2377,Semi-Furnished,East,1,7075000,Warangal | Wardhannapet
Andhra Pradesh,Dr. B.R. Ambedkar Konaseema,Amalapuram,Independent House,4,3,2307,Unfurnished,South,0,4450000,Dr. B.R. Ambedkar Konaseema | Razole
Andhra Pradesh,Kakinada,Kakinada,Residential Plot,0,0,2700,Not Applicable,North,0,5300000,Kakinada | Vakalapudi
Andhra Pradesh,Kakinada,Kakinada,Residential Plot,0,0,1998,Not Applicable,North-East,0,5500000,Kakinada | Sasikanth Nagar
Telangana,Sangareddy,Sangareddy,Independent House,4,4,1969,Unfurnished,South,9,7550000,Sangareddy | Sangareddy Town
Telangana,Yadadri Bhuvanagiri,Bhongir,Independent House,3,2,1939,Unfurnished,South,15,4425000,Yadadri Bhuvanagiri | Ramannapet
Telangana,Nirmal,Nirmal,Independent House,3,3,1421,Semi-Furnished,East,6,1825000,Nirmal | Sarangapur
Andhra Pradesh,Palnadu,Narasaraopet,Residential Plot,0,0,1800,Not Applicable,South,0,3100000,Palnadu | Narasaraopet Town
Andhra Pradesh,Krishna,Vijayawada,Independent Builder Floor,2,2,1103,Unfurnished,North,2,4325000,Krishna | Penamaluru
Telangana,Mancherial,Mancherial,Apartment,2,2,984,Unfurnished,South,0,2250000,Mancherial | Bellampalli
Telangana,Yadadri Bhuvanagiri,Bhongir,Independent House,3,3,1560,Semi-Furnished,North,0,3775000,Yadadri Bhuvanagiri | Rajapet
Andhra Pradesh,Visakhapatnam,Visakhapatnam,Apartment,3,3,1461,Unfurnished,East,6,9825000,Visakhapatnam | Kommadi
Telangana,Warangal,Warangal,Residential Plot,0,0,1800,Not Applicable,East,0,2075000,Warangal | Narsampet
Andhra Pradesh,Eluru,Eluru,Apartment,4,4,2410,Unfurnished,East,0,4475000,Eluru | Tadikalapudi
Andhra Pradesh,Palnadu,Narasaraopet,Apartment,2,1,885,Unfurnished,East,0,1600000,Palnadu | Piduguralla
Andhra Pradesh,NTR,Vijayawada,Independent House,3,3,1761,Furnished,East,7,15675000,NTR | MG Road
Telangana,Medak,Medak,Residential Plot,0,0,1350,Not Applicable,North-East,0,975000,Medak | Toopran
Andhra Pradesh,Kurnool,Kurnool,Independent House,3,3,1794,Unfurnished,North,9,6300000,Kurnool | Budhwarpet
Andhra Pradesh,West Godavari,Bhimavaram,Independent House,3,3,1672,Unfurnished,South-East,4,3175000,West Godavari | Achanta
Telangana,Nalgonda,Nalgonda,Apartment,2,2,1052,Semi-Furnished,South,4,2100000,Nalgonda | Chityal
Telangana,Sangareddy,Sangareddy,Apartment,1,1,468,Unfurnished,North,1,1700000,Sangareddy | Sadasivpet
Andhra Pradesh,Alluri Sitharama Raju,Paderu,Residential Plot,0,0,1503,Not Applicable,East,0,825000,Alluri Sitharama Raju | Koyyuru
Telangana,Bhadradri Kothagudem,Kothagudem,Villa,3,3,1765,Unfurnished,North,5,10125000,Bhadradri Kothagudem | Kothagudem Town
Andhra Pradesh,NTR,Vijayawada,Independent House,2,3,1111,Semi-Furnished,North-East,6,4400000,NTR | Kondapalli
Andhra Pradesh,Sri Potti Sriramulu Nellore,Nellore,Villa,5,6,3359,Unfurnished,South,0,19050000,Sri Potti Sriramulu Nellore | Balaji Nagar
Andhra Pradesh,Guntur,Amaravati,Independent House,4,4,2495,Unfurnished,North,0,15550000,Guntur | Mangalagiri
Andhra Pradesh,NTR,Vijayawada,Independent House,3,3,1959,Semi-Furnished,South,8,14100000,NTR | MG Road
Telangana,Medak,Medak,Independent House,6,6,2917,Semi-Furnished,South-East,8,10800000,Medak | Medak Town
Andhra Pradesh,Chittoor,Chittoor,Apartment,4,5,2360,Unfurnished,East,0,8375000,Chittoor | Gandhi Road
Andhra Pradesh,Anakapalli,Anakapalle,Apartment,3,4,1222,Semi-Furnished,North,8,4875000,Anakapalli | Parawada
Telangana,Hyderabad,Hyderabad,Apartment,4,3,2006,Unfurnished,North,0,16200000,Hyderabad | Habsiguda
Telangana,Sangareddy,Hyderabad,Apartment,3,4,1532,Furnished,East,0,13275000,Sangareddy | Tellapur
Telangana,Rangareddy,Hyderabad,Independent House,3,3,1823,Unfurnished,East,4,12925000,Rangareddy | Rajendranagar
Telangana,Adilabad,Adilabad,Apartment,3,3,1248,Unfurnished,West,0,1500000,Adilabad | Jainad
Telangana,Medak,Medak,Residential Plot,0,0,1197,Not Applicable,North-East,0,1525000,Medak | Narsapur
Telangana,Khammam,Khammam,Independent House,5,5,2351,Semi-Furnished,East,3,7150000,Khammam | Madhira
Andhra Pradesh,Tirupati,Tirupati,Apartment,4,4,1846,Unfurnished,East,0,5450000,Tirupati | Puttur
Andhra Pradesh,Kakinada,Kakinada,Independent Builder Floor,2,2,992,Unfurnished,South,0,5475000,Kakinada | Ramanayapeta
Telangana,Hyderabad,Hyderabad,Independent House,4,3,1992,Unfurnished,North,1,17675000,Hyderabad | Tarnaka
Andhra Pradesh,Anantapur,Anantapur,Independent House,2,1,1262,Semi-Furnished,East,8,4500000,Anantapur | Saptagiri Circle
Telangana,Karimnagar,Karimnagar,Independent House,5,5,2631,Semi-Furnished,South,7,11575000,Karimnagar | Jyothinagar
Telangana,Bhadradri Kothagudem,Kothagudem,Independent House,3,3,1639,Semi-Furnished,South-East,1,3650000,Bhadradri Kothagudem | Yellandu
Telangana,Medchal Malkajgiri,Hyderabad,Residential Plot,0,0,1350,Not Applicable,North,0,9075000,Medchal Malkajgiri | Kukatpally
Telangana,Wanaparthy,Wanaparthy,Residential Plot,0,0,900,Not Applicable,North,0,550000,Wanaparthy | Amarchinta
Telangana,Medchal Malkajgiri,Hyderabad,Residential Plot,0,0,1800,Not Applicable,South,0,12025000,Medchal Malkajgiri | KPHB
Telangana,Nizamabad,Nizamabad,Independent House,2,2,1017,Unfurnished,North-East,23,2850000,Nizamabad | Vinayak Nagar
Andhra Pradesh,Annamayya,Madanapalle,Apartment,3,2,1891,Unfurnished,North-East,0,3500000,Annamayya | Kodur
Telangana,Jangaon,Jangaon,Independent House,6,5,2895,Unfurnished,East,3,4075000,Jangaon | Bachannapet
Telangana,Karimnagar,Karimnagar,Villa,4,4,2635,Unfurnished,East,4,10975000,Karimnagar | Chaitanyapuri
Andhra Pradesh,Tirupati,Tirupati,Independent House,5,6,2543,Furnished,East,16,6875000,Tirupati | Puttur
Telangana,Rangareddy,Hyderabad,Residential Plot,0,0,900,Not Applicable,West,0,4375000,Rangareddy | Mokila
Andhra Pradesh,Kakinada,Kakinada,Independent Builder Floor,3,3,1292,Semi-Furnished,West,0,4975000,Kakinada | Peddapuram
Telangana,Khammam,Khammam,Apartment,2,1,1105,Unfurnished,West,3,2500000,Khammam | Thirumalayapalem
Andhra Pradesh,Guntur,Amaravati,Apartment,2,2,891,Unfurnished,East,8,4875000,Guntur | Tadepalle
Andhra Pradesh,Kakinada,Kakinada,Independent House,4,5,1935,Furnished,North,26,8775000,Kakinada | Sarpavaram
Andhra Pradesh,Nandyal,Nandyal,Apartment,3,4,1449,Unfurnished,East,0,2800000,Nandyal | Atmakur
Telangana,Khammam,Khammam,Independent House,3,3,1651,Semi-Furnished,South,7,6650000,Khammam | Gandhi Chowk
Telangana,Siddipet,Siddipet,Apartment,2,2,1085,Semi-Furnished,East,8,4275000,Siddipet | Siddipet Town
Telangana,Nizamabad,Nizamabad,Residential Plot,0,0,2997,Not Applicable,East,0,4700000,Nizamabad | Khaleelwadi
Andhra Pradesh,Parvathipuram Manyam,Parvathipuram,Residential Plot,0,0,1197,Not Applicable,West,0,625000,Parvathipuram Manyam | Gummalakshmipuram
Andhra Pradesh,Polavaram,Rampachodavaram,Independent House,6,5,3092,Furnished,North,3,5075000,Polavaram | Chintur
Andhra Pradesh,NTR,Vijayawada,Residential Plot,0,0,3600,Not Applicable,North,0,6350000,NTR | Ibrahimpatnam
Andhra Pradesh,Srikakulam,Srikakulam,Independent House,3,4,1617,Semi-Furnished,East,1,4675000,Srikakulam | Etcherla
Andhra Pradesh,Anantapur,Anantapur,Apartment,2,2,912,Unfurnished,North,10,1475000,Anantapur | Uravakonda
Andhra Pradesh,Kakinada,Kakinada,Apartment,2,1,1100,Unfurnished,West,0,7050000,Kakinada | Suryaraopeta
Telangana,Medchal Malkajgiri,Hyderabad,Independent House,4,4,1983,Semi-Furnished,North-East,4,11425000,Medchal Malkajgiri | Dundigal
Andhra Pradesh,East Godavari,Rajahmundry,Residential Plot,0,0,1197,Not Applicable,North-East,0,3000000,East Godavari | Danavaipeta
Andhra Pradesh,Tirupati,Tirupati,Independent House,5,5,2635,Furnished,East,20,11625000,Tirupati | Bairagipatteda
Andhra Pradesh,Sri Potti Sriramulu Nellore,Nellore,Apartment,2,3,1142,Furnished,North,2,4575000,Sri Potti Sriramulu Nellore | Venkatachalam
Telangana,Nalgonda,Nalgonda,Residential Plot,0,0,1197,Not Applicable,North,0,2025000,Nalgonda | Nalgonda Town
Andhra Pradesh,Guntur,Amaravati,Residential Plot,0,0,1350,Not Applicable,South-East,0,4400000,Guntur | Mangalagiri
Andhra Pradesh,Palnadu,Narasaraopet,Independent Builder Floor,2,3,882,Unfurnished,North,0,2425000,Palnadu | Sattenapalle
Telangana,Nizamabad,Nizamabad,Apartment,2,2,1023,Unfurnished,West,0,2500000,Nizamabad | Armoor
Telangana,Hanumakonda,Hanamkonda,Independent House,3,3,1861,Unfurnished,East,6,8950000,Hanumakonda | Kazipet
Andhra Pradesh,Prakasam,Ongole,Independent Builder Floor,2,2,855,Unfurnished,South,4,1550000,Prakasam | Naguluppalapadu
Andhra Pradesh,Tirupati,Tirupati,Independent House,3,2,1559,Unfurnished,East,3,10275000,Tirupati | K.T. Road
Telangana,Peddapalli,Peddapalli,Independent House,3,3,1847,Unfurnished,East,1,3400000,Peddapalli | Sultanabad
Andhra Pradesh,Guntur,Amaravati,Residential Plot,0,0,1350,Not Applicable,South,0,4300000,Guntur | Tadepalle
Andhra Pradesh,Anantapur,Anantapur,Independent House,2,1,1285,Semi-Furnished,North-East,1,5250000,Anantapur | Saptagiri Circle
Telangana,Karimnagar,Karimnagar,Apartment,2,2,1125,Semi-Furnished,North-East,0,3375000,Karimnagar | Kothapally
Andhra Pradesh,Vizianagaram,Vizianagaram,Independent Builder Floor,2,2,853,Unfurnished,South,1,1775000,Vizianagaram | Pusapatirega
Telangana,Mancherial,Mancherial,Independent House,3,4,1293,Unfurnished,East,2,2725000,Mancherial | Mandamarri
Andhra Pradesh,Dr. B.R. Ambedkar Konaseema,Amalapuram,Apartment,3,4,1393,Unfurnished,South,0,2350000,Dr. B.R. Ambedkar Konaseema | Allavaram
Telangana,Hyderabad,Hyderabad,Apartment,3,3,1280,Unfurnished,North,0,11200000,Hyderabad | Nampally
Andhra Pradesh,Srikakulam,Srikakulam,Apartment,3,2,1405,Semi-Furnished,North,2,3850000,Srikakulam | Etcherla
Andhra Pradesh,NTR,Vijayawada,Independent House,4,4,2068,Semi-Furnished,South,6,15175000,NTR | MG Road
Andhra Pradesh,Guntur,Amaravati,Apartment,3,2,1003,Unfurnished,North-East,0,6225000,Guntur | Tadepalle
Telangana,Mulugu,Mulugu,Independent House,3,4,1724,Unfurnished,South-East,10,4875000,Mulugu | Mulugu Town
Andhra Pradesh,Krishna,Vijayawada,Residential Plot,0,0,1620,Not Applicable,North,0,3325000,Krishna | Tadigadapa
Andhra Pradesh,Guntur,Amaravati,Apartment,4,4,2550,Unfurnished,East,0,14100000,Guntur | Tadepalle
Andhra Pradesh,Sri Potti Sriramulu Nellore,Nellore,Residential Plot,0,0,2160,Not Applicable,West,0,5375000,Sri Potti Sriramulu Nellore | Stonehousepeta
Telangana,Yadadri Bhuvanagiri,Bhongir,Apartment,3,3,1486,Furnished,North-East,4,6575000,Yadadri Bhuvanagiri | Yadagirigutta
Telangana,Bhadradri Kothagudem,Kothagudem,Independent House,4,4,2107,Furnished,East,1,6325000,Bhadradri Kothagudem | Yellandu
Andhra Pradesh,Kakinada,Kakinada,Independent House,6,7,2990,Unfurnished,North,4,15275000,Kakinada | Sasikanth Nagar
Andhra Pradesh,NTR,Vijayawada,Independent House,5,6,2674,Semi-Furnished,North,1,15350000,NTR | Ajit Singh Nagar
Andhra Pradesh,NTR,Vijayawada,Independent House,3,3,1772,Semi-Furnished,East,5,16875000,NTR | Labbipet
Telangana,Adilabad,Adilabad,Apartment,3,2,1468,Unfurnished,South-East,0,2500000,Adilabad | Utnoor
Andhra Pradesh,Srikakulam,Srikakulam,Apartment,2,2,1029,Unfurnished,South,1,3275000,Srikakulam | Amadalavalasa
Telangana,Yadadri Bhuvanagiri,Bhongir,Apartment,1,1,474,Furnished,South,3,1675000,Yadadri Bhuvanagiri | Bibinagar
Andhra Pradesh,Annamayya,Madanapalle,Independent House,3,2,1531,Semi-Furnished,North-East,6,4875000,Annamayya | Rayachoty
Telangana,Karimnagar,Karimnagar,Apartment,3,2,1586,Unfurnished,North,0,6500000,Karimnagar | Jyothinagar
Telangana,Nalgonda,Nalgonda,Independent House,4,4,2230,Unfurnished,North,1,4500000,Nalgonda | Nagarjuna Sagar
Andhra Pradesh,Srikakulam,Srikakulam,Residential Plot,0,0,2160,Not Applicable,East,0,2300000,Srikakulam | Ranasthalam
Andhra Pradesh,Guntur,Guntur,Villa,4,4,2665,Unfurnished,North,17,14125000,Guntur | Vidya Nagar
Telangana,Vikarabad,Vikarabad,Apartment,2,2,1109,Unfurnished,South,0,1775000,Vikarabad | Kodangal
Andhra Pradesh,Parvathipuram Manyam,Parvathipuram,Independent Builder Floor,2,2,1177,Semi-Furnished,North,27,2000000,Parvathipuram Manyam | Palakonda
Andhra Pradesh,Sri Potti Sriramulu Nellore,Nellore,Apartment,3,3,1640,Unfurnished,South-East,0,5725000,Sri Potti Sriramulu Nellore | Allur
Telangana,Hyderabad,Hyderabad,Apartment,3,3,1479,Semi-Furnished,West,7,10575000,Hyderabad | Nampally
Telangana,Wanaparthy,Wanaparthy,Independent Builder Floor,3,2,1444,Semi-Furnished,North,1,2300000,Wanaparthy | Pebbair
Andhra Pradesh,Bapatla,Bapatla,Independent House,3,3,1885,Unfurnished,South,4,4000000,Bapatla | Karamchedu
Andhra Pradesh,Chittoor,Chittoor,Independent House,3,4,1660,Unfurnished,East,21,2475000,Chittoor | Thavanampalle
Telangana,Warangal,Warangal,Residential Plot,0,0,1800,Not Applicable,West,0,3300000,Warangal | Mattewada
Telangana,Sangareddy,Hyderabad,Residential Plot,0,0,4500,Not Applicable,East,0,29800000,Sangareddy | Tellapur
Andhra Pradesh,Srikakulam,Srikakulam,Independent House,2,2,1248,Unfurnished,North,3,5175000,Srikakulam | Arasavalli
Andhra Pradesh,Palnadu,Narasaraopet,Villa,5,4,2872,Semi-Furnished,South,6,7875000,Palnadu | Vinukonda
Andhra Pradesh,Prakasam,Ongole,Apartment,2,1,1070,Unfurnished,North,1,2125000,Prakasam | Podili
Andhra Pradesh,East Godavari,Rajahmundry,Residential Plot,0,0,1197,Not Applicable,North-East,0,2050000,East Godavari | Kambala Cheruvu
Telangana,Hyderabad,Hyderabad,Apartment,2,1,1197,Unfurnished,South-East,1,13625000,Hyderabad | Banjara Hills
Andhra Pradesh,Visakhapatnam,Visakhapatnam,Residential Plot,0,0,4500,Not Applicable,West,0,13600000,Visakhapatnam | Kommadi
Andhra Pradesh,Parvathipuram Manyam,Parvathipuram,Residential Plot,0,0,1350,Not Applicable,West,0,1000000,Parvathipuram Manyam | Kurupam
Telangana,Bhadradri Kothagudem,Kothagudem,Residential Plot,0,0,1998,Not Applicable,North,0,2425000,Bhadradri Kothagudem | Palvancha
Telangana,Hyderabad,Hyderabad,Apartment,3,3,1541,Furnished,South,1,9650000,Hyderabad | Musheerabad
Andhra Pradesh,Guntur,Guntur,Apartment,2,2,993,Unfurnished,East,9,2950000,Guntur | Tenali
Andhra Pradesh,Palnadu,Narasaraopet,Residential Plot,0,0,2160,Not Applicable,East,0,2825000,Palnadu | Chilakaluripet
Telangana,Hanumakonda,Hanamkonda,Apartment,2,2,1230,Semi-Furnished,East,1,8200000,Hanumakonda | Subedari
Andhra Pradesh,Palnadu,Narasaraopet,Independent House,2,2,1368,Furnished,North,5,3350000,Palnadu | Piduguralla
Telangana,Medchal Malkajgiri,Hyderabad,Independent House,4,5,1811,Unfurnished,North,5,9125000,Medchal Malkajgiri | Shamirpet
Telangana,Medchal Malkajgiri,Hyderabad,Villa,3,3,2274,Unfurnished,East,0,19350000,Medchal Malkajgiri | Pragathi Nagar
Telangana,Sangareddy,Hyderabad,Independent House,3,4,1451,Semi-Furnished,North-East,3,7075000,Sangareddy | Isnapur
Andhra Pradesh,Alluri Sitharama Raju,Paderu,Independent House,2,2,1336,Unfurnished,North,3,3400000,Alluri Sitharama Raju | Paderu
Andhra Pradesh,West Godavari,Bhimavaram,Residential Plot,0,0,1350,Not Applicable,South-East,0,1675000,West Godavari | Palakollu
Andhra Pradesh,Vizianagaram,Vizianagaram,Independent House,4,4,2068,Unfurnished,East,5,7850000,Vizianagaram | Vizianagaram Town
Telangana,Hyderabad,Hyderabad,Residential Plot,0,0,1197,Not Applicable,North,0,7625000,Hyderabad | Secunderabad
Andhra Pradesh,Visakhapatnam,Visakhapatnam,Residential Plot,0,0,1998,Not Applicable,West,0,7775000,Visakhapatnam | Sagar Nagar
Andhra Pradesh,Tirupati,Tirupati,Independent House,4,5,2498,Unfurnished,North,3,13525000,Tirupati | Leela Mahal Circle
Andhra Pradesh,Kurnool,Kurnool,Independent House,4,4,1855,Semi-Furnished,North,3,6025000,Kurnool | Yemmiganur
Andhra Pradesh,Sri Potti Sriramulu Nellore,Nellore,Residential Plot,0,0,1800,Not Applicable,North,0,3700000,Sri Potti Sriramulu Nellore | Balaji Nagar
Andhra Pradesh,Kakinada,Kakinada,Independent House,2,2,866,Unfurnished,North-East,0,3775000,Kakinada | Samalkot
Andhra Pradesh,Chittoor,Chittoor,Apartment,2,2,1157,Furnished,East,1,2800000,Chittoor | Gangadhara Nellore
Telangana,Kamareddy,Kamareddy,Residential Plot,0,0,1998,Not Applicable,North-East,0,2250000,Kamareddy | Banswada
Telangana,Mahabubabad,Mahabubabad,Independent House,3,3,1337,Semi-Furnished,North,17,3800000,Mahabubabad | Mahabubabad Town
Telangana,Mahabubnagar,Mahabubnagar,Independent House,3,3,1786,Unfurnished,North,3,7100000,Mahabubnagar | Mahabubnagar Town
Andhra Pradesh,Guntur,Guntur,Apartment,3,3,1577,Semi-Furnished,North-East,4,6175000,Guntur | Nallapadu
Andhra Pradesh,Alluri Sitharama Raju,Paderu,Independent House,4,4,2143,Semi-Furnished,West,1,6000000,Alluri Sitharama Raju | Paderu
Andhra Pradesh,NTR,Vijayawada,Apartment,3,4,1424,Unfurnished,East,0,11375000,NTR | Currency Nagar
Andhra Pradesh,Vizianagaram,Vizianagaram,Apartment,2,1,915,Unfurnished,North-East,1,2825000,Vizianagaram | Bobbili
Andhra Pradesh,NTR,Vijayawada,Apartment,3,3,1572,Furnished,East,0,8400000,NTR | Mylavaram
Andhra Pradesh,Kakinada,Kakinada,Independent House,3,3,1896,Semi-Furnished,West,7,8800000,Kakinada | Santhi Nagar
Telangana,Mahabubabad,Mahabubabad,Apartment,2,2,1181,Unfurnished,West,10,1600000,Mahabubabad | Maripeda
Andhra Pradesh,Annamayya,Madanapalle,Apartment,2,1,1051,Unfurnished,South-East,15,2525000,Annamayya | Rajampet
Telangana,Hanumakonda,Hanamkonda,Independent Builder Floor,3,3,1291,Furnished,East,3,7050000,Hanumakonda | Naimnagar
Telangana,Rangareddy,Hyderabad,Independent House,5,4,2544,Furnished,North,6,16275000,Rangareddy | Hayathnagar
Telangana,Hyderabad,Hyderabad,Independent House,3,3,1669,Unfurnished,East,7,14400000,Hyderabad | Mehdipatnam
Andhra Pradesh,Guntur,Amaravati,Apartment,3,4,1404,Unfurnished,South,0,5975000,Guntur | Undavalli
Telangana,Hanumakonda,Hanamkonda,Residential Plot,0,0,4500,Not Applicable,West,0,9100000,Hanumakonda | Kazipet
Andhra Pradesh,Kakinada,Kakinada,Apartment,4,5,1875,Semi-Furnished,South,11,10500000,Kakinada | Bhanugudi Junction
Andhra Pradesh,Sri Potti Sriramulu Nellore,Nellore,Apartment,2,2,918,Furnished,South,3,2500000,Sri Potti Sriramulu Nellore | Allur
Andhra Pradesh,Guntur,Amaravati,Apartment,2,2,910,Furnished,East,3,4725000,Guntur | Undavalli
Andhra Pradesh,Anakapalli,Anakapalle,Apartment,2,1,1162,Unfurnished,North-East,5,4300000,Anakapalli | Anakapalle Town
